player,date,match_day,session_name,session_duration,distance_m,dist_over_time,HSR_abs_dist,HSR_rel_dist,hsr_rel_efforts,HSR_over_time,sprint_dist,sprint_count_85pct,sprint_count_95pct,max_speed,pct_max_velocity,profile_max_vel,player_load,pl_per_min,hmld_m,acc,decc,acc_plus_decc,acc_gt2,acc_gt3,decc_gt2,decc_gt3,hia,max_acc,max_dec,hr_exertion,energy,red_zone,RPE,TL
Alejandro Zendejas Saavedra,2026-06-08,NA,Activity 20260608141749,7.766666666666667,0,0,0,0,0,0,0,0,0,0,0,33.984,1.10716,0.1425527896995708,0,0,0,0,0,0,0,0,1,0,0,0,0,0,3,3.3214799999999998
Isaías Violante,2026-06-08,NA,Activity 20260608141749,7.25,0,0,0,0,0,0,0,0,0,0,0,34.992,1.12898,0.15572137931034485,0,0,0,0,0,0,0,0,1,0,0,0,0,0,3,3.38694
Israel Reyes,2026-06-08,NA,Activity 20260608141749,7.766666666666667,0,0,0,0,0,0,0,0,0,0,0,33.012,1.06555,0.1371952789699571,0,0,0,0,0,0,0,0,1,0,0,0,0,0,3,3.19665
Miguel Borja,2026-06-08,NA,Activity 20260608084422,232.96666666666667,7224.95,31.012805837745027,0,0,0,0,0,0,0,20.63061,63.67472222222222,32.4,1510.63562,6.484342337959651,334.72,3,2,5,35,3,34,2,276,3.07007,-3.44798,0,1418.806,0,3,4531.90686
Sebastián Cáceres,2026-06-08,NA,Activity 20260608141749,7.716666666666667,0,0,0,0,0,0,0,0,0,0,0,34.992,0.90844,0.1177244060475162,0,0,0,0,0,0,0,0,1,0,0,0,0,0,3,2.72532
Víctor Dávila,2026-06-08,NA,Activity 20260608141749,7.716666666666667,0,0,0,0,0,0,0,0,0,0,0,33.984,1.34686,0.1745390928725702,0,0,0,0,0,0,0,0,1,0,0,0,0,0,3,4.04058
Alan Cervantes,2026-06-09,Other,Activity 20260609154245 | Sesion 1 AM,156.4,9105.519999999999,58.21943734015344,583.2199999999999,0,0,3.7290281329923265,0,6,0,27.06986,83.6418860462242,32.364,897.1746600000001,5.736410869565218,1286.38998,20,11,31,85,20,49,11,31,3.6984,-3.29362,0,707.6244,0,3,2691.5239800000004
Alexis Gutiérrez,2026-06-09,Other,Activity 20260609154245 | Sesion 1 AM,155.5,9172.19,58.985144694533766,670.1,3.13,0,4.309324758842444,0,6,0,29.31054,90.46462962962963,32.4,982.6088300000001,6.319027845659165,1594.0400300000001,28,23,51,122,28,75,23,14,3.83294,-3.0132,0,802.6025,0,3,2947.8264900000004
Cristian Borja,2026-06-09,Other,Activity 20260609154245 | Sesion 1 AM,156.4,7216.65,46.142263427109974,121.83999999999999,0,0,0.7790281329923273,0,1,0,26.30649,77.40845692090396,33.984,827.4024400000001,5.290296930946292,484.65999999999997,8,3,11,50,8,25,3,38,3.71941,-2.63602,0,670.58,0,3,2482.2073200000004
Dagoberto Espinoza,2026-06-09,Other,Activity 20260609154245 | Sesion 1 AM,133.75,8908.609999999999,66.60642990654205,501.65000000000003,0,0,3.7506542056074768,0,6,0,29.64062,83.33507647323437,35.568,780.37705,5.83459476635514,1087.24999,24,21,45,111,24,66,21,47,4.26172,-2.41385,0,841.2912,0,3,2341.13115
Emilio Lara,2026-06-09,Other,Activity 20260609154245 | Sesion 1 AM,156.4,8508.34,54.40115089514067,599.03999999999985,0,0,3.8301790281329913,0,7,0,27.98636,77.7398888888889,36,839.76919,5.3693682225063935,1217.35001,24,14,38,86,24,67,14,19,4.56695,-4.17303,0,686.5138,0,3,2519.30757
Erick Sánchez,2026-06-09,Other,Activity 20260609154245 | Sesion 1 AM,143.81666666666666,7961.62,55.35950863367714,579.37,0,0,4.028531695445591,0,8,0,27.61945,86.29999375078116,32.004,825.93485,5.742970332599374,1216.5200100000002,20,28,48,92,20,75,28,23,4.11841,-3.15813,0,543.8208,0,3,2477.80455
Franco Rossano,2026-06-09,Other,Activity 20260609154245 | Sesion 1 AM,142.3,8256.34,58.02066057624736,499.06,0,0,3.5070976809557273,0,4,0,27.38958,80.93847517730495,33.84,871.53513,6.124631974701335,1096.84001,24,18,42,93,24,61,18,15,3.75515,0,0,651.1358,0,3,2614.6053899999997
Henry Martín,2026-06-09,Other,Activity 20260609154245 | Sesion 1 AM,156.16666666666666,8801.42,56.359146211312705,489.24,0,0,3.1328068303094985,0,6,0,26.58891,78.90820868945869,33.696,878.1268299999999,5.623010651013874,1182.1000099999999,21,15,36,116,21,72,15,41,3.98557,-3.27021,0,800.1704,0,3,2634.3804899999996
José Raúl Zúñiga,2026-06-09,Other,Activity 20260609154245 | Sesion 1 AM,152.15,8329.76,54.74702596122248,478.69,0,0,3.146171541242195,0,6,0,27.94756,80.03310423825887,34.92,840.1708699999999,5.5219906013802165,1067.81003,20,6,26,101,20,57,6,39,3.93634,-2.66445,0,749.5768,0,3,2520.5126099999998
Kevin Álvarez,2026-06-09,Other,Activity 20260609154245 | Sesion 1 AM,156.4,9019.05,57.66656010230179,859.73,0,0,5.496994884910486,0,6,0,29.63436,84.68895747599451,34.992,806.1032700000001,5.154112979539642,1710.35003,38,37,75,132,38,96,37,34,4.2547,-2.95909,0,752.1647699999999,0,3,2418.30981
Miguel Ram’rez,2026-06-09,Other,Activity 20260609154245 | Sesion 1 AM,113.01666666666667,6023.9,53.30098805485916,683.1,0,0,6.044241262350686,0,8,0,29.45503,95.1389857881137,30.96,584.38164,5.170756289632797,1174.53003,24,25,49,82,24,67,25,33,3.89487,0,0,488.1247,0,3,1753.1449199999997
Miguel Vázquez,2026-06-09,Other,Activity 20260609154245 | Sesion 1 AM,152.15,9137.080000000002,60.053105488005265,548.19,0,0,3.6029576076240555,0,6,0,28.50436,83.87582391713747,33.984,886.33213,5.8253837002957605,1065.66002,12,17,29,73,12,53,17,60,3.73674,-2.45462,0,804.2152,0,3,2658.9963900000002
Pato Salas,2026-06-09,Other,Activity 20260609154245 | Sesion 1 AM,155.5,8911.279999999999,57.30726688102893,547.17,0,0,3.5187781350482314,0,6,0,27.43056,78.39094650205763,34.992,788.2825,5.069340836012862,1372.49997,23,15,38,108,23,74,15,31,3.92677,-3.47112,0,871.2367999999999,0,3,2364.8475
Ramón Juárez,2026-06-09,Other,Activity 20260609154245 | Sesion 1 AM,144.48333333333332,8041.319999999999,55.655692698119736,476.97,0,0,3.301211212365902,0,7,0,27.49329,83.28271537622682,33.012,767.3562,5.3110361056638595,1012.57003,16,8,24,89,16,49,8,36,3.73449,-2.59519,0,671.45775,0,3,2302.0685999999996
Raphael Veiga,2026-06-09,Other,Activity 20260609154245 | Sesion 1 AM,155.5,8349.109999999999,53.69202572347266,706.51,0,0,4.543472668810289,0,7,0,28.38973,88.70681789776279,32.004,835.48233,5.372876720257235,1376.72006,18,16,34,109,18,69,16,19,3.74487,-2.94544,0,660.0475,0,3,2506.4469900000004
Rodrigo Dourado,2026-06-09,Other,Activity 20260609154245 | Sesion 1 AM,127.55,8228.87,64.51485691885536,493.90999999999997,0,0,3.872285378283026,0,3,0,27.24024,87.88308168795974,30.996,729.38916,5.718456762054096,1132.11001,32,23,55,93,32,74,23,22,3.82493,-4.30031,0,750.2224000000001,0,3,2188.16748
Santiago Naveda Lara,2026-06-09,Other,Activity 20260609154245 | Sesion 1 AM,137.95,9171.46,66.48394345777456,533.1199999999999,0,0,3.864588619064878,0,6,0,27.13699,84.22405338299194,32.22,856.45639,6.208455164914825,1270.9199899999999,22,15,37,97,22,59,15,33,3.76256,-2.96225,0,785.80656,0,3,2569.36917
Thiago Espinosa,2026-06-09,Other,Activity 20260609154245 | Sesion 1 AM,143.81666666666666,8190.190000000001,56.94882373392051,470.12,0,0,3.268883995828022,0,4,0,28.61289,79.48025,36,866.48783,6.024947247653262,897.59001,26,17,43,76,26,60,17,28,4.10785,-3.57692,0,644.9037,0,3,2599.46349
Vinícius Lima,2026-06-09,Other,Activity 20260609154245 | Sesion 1 AM,152.15,8046.96,52.88833388103845,462.19,0,0,3.037725928360171,0,6,0,28.33711,88.54240094988127,32.004,773.06439,5.080935852776864,903.19004,24,4,28,77,24,32,4,22,3.92862,-2.28687,0,664.329,0,3,2319.19317
Alan Cervantes,2026-06-10,Other,Activity 20260610152018 | sesion 1 AM,114.47133333333333,8536.46,74.57290617155968,176.52,0,0,1.5420454611634937,0,1,0,25.26731,78.072271659869,32.364,839.86745,7.336923800427472,1266.37002,28,23,51,164,28,127,23,35,3.79776,-3.28657,0,722.2914999999999,0,3,2519.60235
Alexis Gutiérrez,2026-06-10,Other,Activity 20260610152018 | sesion 1 AM,124.96166666666666,9177.489999999998,73.44244234898702,108.39,0,0,0.8673859983728344,0,0,0,23.92186,73.8329012345679,32.4,1027.89308,8.225667177934568,1271.2299799999998,30,33,63,159,30,116,33,24,4.11759,-2.2387,0,777.3941,0,3,3083.6792400000004
Cristian Borja,2026-06-10,Other,Activity 20260610152018 | sesion 1 AM,124.96166666666666,7785.01,62.29918508342559,84.64,0,0,0.6773277138322419,0,1,0,28.34379,83.40333686440677,33.984,965.66881,7.727720314229698,1013.94,28,20,48,147,28,124,20,19,4.15115,-2.96038,0,746.336,0,3,2897.00643
Dagoberto Espinoza,2026-06-10,Other,Activity 20260610152018 | sesion 1 AM,124.96166666666666,9101.87,72.83729677100979,239.78,0,0,1.9188284407218215,0,4,0,28.89243,81.23152834008098,35.568,868.23688,6.948025767902157,1236.79999,51,28,79,169,51,127,28,35,4.89826,-2.02574,0,886.924,0,3,2604.7106400000002
Emilio Lara,2026-06-10,Other,Activity 20260610152018 | sesion 1 AM,124.96166666666666,9359.539999999999,74.8992891153287,180.97,0,0,1.448204115928885,0,1,0,25.65213,71.25591666666666,36,890.93163,7.1296394627685835,1280.55999,58,42,100,172,58,152,42,47,4.32809,-3.38867,0,801.2445,0,3,2672.79489
Erick Sánchez,2026-06-10,Other,Activity 20260610152018 | sesion 1 AM,124.96166666666666,8170.429999999999,65.38349093722074,232.26,0,0,1.8586499859957053,0,0,0,24.92221,77.87217222847144,32.004,899.0671,7.19474318791096,1290.54999,37,40,77,153,37,133,40,505,4.31832,-2.56846,0,599.94,0,3,2697.2012999999997
Franco Rossano,2026-06-10,Other,Activity 20260610152018 | sesion 1 AM,124.96166666666666,9139.720000000001,73.14018965816184,360.47,0,0,2.884644624351468,0,9,0,29.22495,86.3621453900709,33.84,945.4113,7.5656105205596385,1575.19001,35,43,78,191,35,145,43,49,4.18184,-2.53052,0,784.6125,0,3,2836.2339
Henry Martín,2026-06-10,Other,Activity 20260610152018 | sesion 1 AM,124.96166666666666,8539.17,68.33431585686277,186.95999999999998,0,0,1.4961388159035436,0,0,0,24.15232,71.67711301044635,33.696,878.15802,7.027419235232138,1478.17999,47,35,82,203,47,162,35,44,4.36724,-2.41363,0,849.1232,0,3,2634.47406
José Raúl Zúñiga,2026-06-10,Other,Activity 20260610152018 | sesion 1 AM,124.96166666666666,8552.42,68.44034837350121,129.45999999999998,0,0,1.035997705963162,0,0,0,25.39622,72.72686139747995,34.92,850.99689,6.8100635394854425,1069.88,26,17,43,154,26,105,17,15,4.24419,-2.53165,0,813.1248,0,3,2552.99067
Kevin Álvarez,2026-06-10,Other,Activity 20260610152018 | sesion 1 AM,124.96166666666666,9365.23,74.94482307907758,337.5,0,0,2.700828253997893,4.8500000000000005,3,1,30.14544,86.14951989026063,34.992,886.41097,7.093463088680529,1637.62003,52,43,95,205,52,170,43,51,4.68897,-2.72826,0,827.1059799999999,0,3,2659.23291
Miguel Ramirez,2026-06-10,Other,Activity 20260610152018,79.51166666666667,6839.03,86.01291215125663,34.65,0,0,0.4357851049112289,0,0,0,24.5752,79.37726098191213,30.96,785.99684,9.885302031148468,857.3499899999999,16,25,41,119,16,108,25,24,4.53741,-2.49288,0,572.3522,0,3,2357.9905200000003
Miguel Ram’rez,2026-06-10,Other,sesion 1 AM,45.45,1848.69,40.67524752475247,109.92,0,0,2.4184818481848183,0,1,0,25.36201,81.9186369509044,30.96,201.07383,4.424066666666666,320.37,15,17,32,49,15,42,17,13,4.53591,-3.69024,0,166.8688,0,3,603.2214899999999
Miguel Vázquez,2026-06-10,Other,Activity 20260610152018 | sesion 1 AM,124.96166666666666,7792.91,62.362404470704355,78.61999999999999,0,0,0.6291529402350053,0,0,0,23.5494,69.29555084745762,33.984,855.28798,6.844402790188991,898.64999,21,22,43,142,21,123,22,32,4.42159,-3.02559,0,747.8632,0,3,2565.8639399999997
Pato Salas,2026-06-10,Other,Activity 20260610152018 | sesion 1 AM,124.96166666666666,8757.949999999999,70.08509276178027,203.09,0,0,1.6252184003094283,0,1,0,25.71661,73.49282693187014,34.992,835.45093,6.685657708363898,1363.47998,38,40,78,177,38,166,40,37,4.5136,-2.47626,0,860.0384,0,3,2506.35279
Ramón Juárez,2026-06-10,Other,Activity 20260610152018 | sesion 1 AM,124.96166666666666,8468.070000000002,67.7653413713539,149.43,0,0,1.1958067140589783,0,2,0,26.03349,78.86068702290076,33.012,860.92035,6.889475572508903,1120.23001,35,31,66,144,35,102,31,51,4.07856,-2.47953,0,762.765,0,3,2582.76105
Raphael Veiga,2026-06-10,Other,Activity 20260610152018 | sesion 1 AM,124.96166666666666,8234.93,65.89964922576257,42.54,0,0,0.3404243968150233,0,0,0,22.37389,69.90966754155731,32.004,847.9913799999999,6.786012083705669,1039.69,31,28,59,152,31,104,28,23,4.30891,-2.20993,0,690.5906,0,3,2543.97414
Rodrigo Dourado,2026-06-10,Other,Activity 20260610152018 | sesion 1 AM,124.96166666666666,8914.15,71.33507609000094,157.73000000000002,0,0,1.2622270829721116,0,0,0,25.09088,80.94876758291393,30.996,840.76718,6.72820075489817,1257.95,33,41,74,143,33,147,41,42,4.01336,-3.71353,0,871.284,0,3,2522.3015400000004
Santiago Naveda Lara,2026-06-10,Other,sesion 1 AM,45.45,0,0,0,0,0,0,0,0,0,0,0,32.22,3.75311,0.08257667766776677,0,0,0,0,0,0,0,0,0,0,0,0,0,0,3,11.25933
Thiago Espinosa,2026-06-10,Other,Activity 20260610152018 | sesion 1 AM,124.96166666666666,8274.1,66.21310535230805,297.82000000000005,0,0,2.3832908758686004,5.68,9,1,30.10244,83.61788888888888,36,871.37722,6.973156194566334,1181.6699899999999,30,41,71,154,30,133,41,39,4.61594,-2.75814,0,708.6086,0,3,2614.13166
Vinícius Lima,2026-06-10,Other,Activity 20260610152018 | sesion 1 AM,124.96166666666666,8012.330000000001,64.11830294623685,46.949999999999996,0,0,0.37571521933392904,0,0,0,23.29428,72.78552680914886,32.004,873.00442,6.986177787854943,825.3799899999999,27,16,43,107,27,74,16,27,4.27232,-2.02639,0,708.2355,0,3,2619.0132599999997
Alan Cervantes,2026-06-11,Other,11 jun Sesión 5,76.37100000000001,7142.57,93.52463631483153,160.45999999999998,0,0,2.1010593026148663,0,2,0,28.92685,89.37971202570759,32.364,686.52976,8.989403831297219,985.6899999999999,16,18,34,85,16,81,18,16,3.90596,-2.00757,0,586.9584,0,3,2059.58928
Alexis Gutiérrez,2026-06-11,Other,11 jun Sesión 5,76.37100000000001,7297.37,95.5515837163321,52.839999999999996,0,0,0.6918856634062667,0,1,0,26.37458,81.40302469135803,32.4,806.5636999999999,10.561125296251193,911.09,9,12,21,72,9,60,12,14,4.05578,-2.35715,0,594.5317,0,3,2419.6911
Cristian Borja,2026-06-11,Other,11 jun Sesión 5,76.37100000000001,6070.52,79.48723992091239,134.9,0,0,1.7663772898089587,0,0,0,24.94135,73.39144891713747,33.984,752.30003,9.850598132799098,675.83001,14,12,26,59,14,48,12,9,3.88542,-1.81036,0,561.2064,0,3,2256.90009
Dagoberto Espinoza,2026-06-11,Other,11 jun Sesión 5,76.37100000000001,7078.5599999999995,92.68649094551596,91.74000000000001,0,0,1.2012413088737872,0,1,0,25.3734,71.33771929824562,35.568,673.32586,8.81651228869597,830.05001,28,18,46,97,28,54,18,19,4.3731,-1.86657,0,664.0912,0,3,2019.9775800000002
Emilio Lara,2026-06-11,Other,11 jun Sesión 5,76.37083333333334,6958.84,91.11907905504937,186.39,0,0,2.440591412515685,0,2,0,27.39163,76.08786111111111,36,655.74459,8.586322308909379,1004.99999,32,19,51,99,32,68,19,24,4.44718,-1.79632,0,577.1486,0,3,1967.23377
Erick Sánchez,2026-06-11,Other,11 jun Sesión 5,76.37100000000001,6202.6500000000005,81.21734689869191,135.2,0,0,1.7703054824475255,0,1,0,25.74712,80.44969378827646,32.004,679.72031,8.900241060088252,829.1999900000001,17,21,38,69,17,69,21,17,3.96196,-1.53903,0,436.74240000000003,0,3,2039.16093
Franco Rossano,2026-06-11,Other,11 jun Sesión 5,76.37083333333334,6636.86,86.90307163511375,201.92,0,0,2.6439412952152326,0,2,0,28.52861,84.30440307328605,33.84,764.81894,10.014542288177205,940.66,11,20,31,75,11,70,20,29,3.70746,-2.03057,0,553.329,0,3,2294.45682
Henry Martín,2026-06-11,Other,11 jun Sesión 5,69.78766666666667,6141.4,88.00122275664754,28.76,0,0,0.41210720136795903,0,0,0,22.2488,66.02801519468187,33.696,616.05115,8.82750748699627,716.32,11,8,19,71,11,67,8,23,3.61729,-1.98646,0,571.6648,0,3,1848.15345
José Raúl Zúñiga,2026-06-11,Other,11 jun Sesión 5,76.37100000000001,7051.3,92.32954917442484,148.48,0,0,1.9441934765814246,0,2,0,26.91062,77.06363115693013,34.92,675.58487,8.846091710204135,952.77999,16,11,27,86,16,60,11,12,4.16834,-2.77911,0,656.3336,0,3,2026.75461
Kevin Álvarez,2026-06-11,Other,11 jun Sesión 5,76.37100000000001,7341.33,96.12719487763678,245.21,0,0,3.2107737230100426,0,2,0,25.92794,74.0967649748514,34.992,694.12165,9.088811852666588,1272.0700200000001,20,32,52,116,20,115,32,26,4.50699,-2.26167,0,630.75193,0,3,2082.36495
Miguel Vázquez,2026-06-11,Other,11 jun Sesión 5,76.37100000000001,6693.13,87.6396799832397,16.96,0,0,0.22207382383365412,0,0,0,23.80861,70.05829213747646,33.984,730.3512999999999,9.563202000759448,591.73,3,19,22,48,3,57,19,21,3.25416,-1.88309,0,616.09759999999994,0,3,2191.0539
Pato Salas,2026-06-11,Other,11 jun Sesión 5,76.37100000000001,7114.3,93.15446962852391,96.92,0,0,1.2690681017663772,0,1,0,27.61162,78.90837905807042,34.992,656.63883,8.598012727344148,870.54999,10,20,30,78,10,87,20,13,3.52528,-2.03877,0,666.4224,0,3,1969.91649
Ramón Juárez,2026-06-11,Other,11 jun Sesión 5,76.37100000000001,6868.22,89.93230414686202,68.16,0,0,0.8924853674824211,0,0,0,24.10997,73.03395734884285,33.012,685.17583,8.971675505100103,843.7799699999999,17,11,28,89,17,58,11,28,4.03691,-2.16831,0,598.7624999999999,0,3,2055.52749
Raphael Veiga,2026-06-11,Other,11 jun Sesión 5,76.37100000000001,6519.820000000001,85.37036309593955,17.669999999999998,0,0,0.23137054641159596,0,0,0,23.40089,73.11864141982252,32.004,683.72108,8.952627044296918,657.50999,9,8,17,72,9,57,8,23,4.04408,-2.08237,0,529.4513,0,3,2051.16324
Rodrigo Dourado,2026-06-11,Other,11 jun Sesión 5,76.37100000000001,6802.679999999999,89.07412499508975,156.75,0,0,2.052480653651255,0,1,0,25.83796,83.35901406633114,30.996,617.10482,8.080355370494035,862.51,10,20,30,74,10,77,20,20,4.08193,-1.71068,0,636.0623999999999,0,3,1851.31446
Thiago Espinosa,2026-06-11,Other,11 jun Sesión 5,76.37100000000001,6231.47,81.59471527150357,149.57000000000002,0,0,1.958465909834885,0,1,0,26.48903,73.58063888888888,36,618.20298,8.094734650587265,742.0999899999999,12,16,28,67,12,70,16,17,4.19393,-2.20505,0,509.4404,0,3,1854.60894
Vinícius Lima,2026-06-11,Other,11 jun Sesión 5,76.37100000000001,6005.89,78.64097628681043,60.78,0,0,0.7958518285736732,0,0,0,24.16956,75.52043494563179,32.004,613.87068,8.038007620693717,489.71001,10,5,15,52,10,36,5,11,3.74326,-1.36132,0,510.57525,0,3,1841.61204
Alan Cervantes,2026-06-12,NA,Activity 20260612080613,50.016666666666666,2597.4300000000003,51.93128957014329,20.41,0,0,0.4080639786737754,0,0,0,21.83483,67.46641329872699,32.364,268.97507,5.377708830389871,549.65997,16,33,49,82,16,64,33,12,3.83667,-4.53134,0,228.06980000000001,0,3,806.9252100000001
Alexis Gutiérrez,2026-06-12,NA,Activity 20260612080613,50.016666666666666,2381.3900000000003,47.61192935688105,26.3,0,0,0.5258247250916361,0,0,0,24.21177,74.7276851851852,32.4,293.52216,5.868487037654115,544.71002,42,30,72,86,42,71,30,27,3.9078,-4.92209,0,221.30360000000002,0,3,880.56648
Cristian Borja,2026-06-12,NA,Activity 20260612080613,50.016666666666666,2648.99,52.96214595134955,24.89,0,0,0.4976341219593469,0,0,0,23.28466,68.51653719397362,33.984,337.42792,6.746309630123291,526.19,15,24,39,75,15,67,24,5,3.90712,-4.29539,0,264.664,0,3,1012.2837599999999
Dagoberto Espinoza,2026-06-12,NA,Activity 20260612080613,50.016666666666666,2584.7000000000003,51.6767744085305,45.37,0,0,0.9070976341219593,0,0,0,23.07796,64.88405308142151,35.568,240.67892,4.81197440853049,573.03003,45,36,81,88,45,71,36,7,4.63054,-5,0,273.3528,0,3,722.03676
Emilio Lara,2026-06-12,NA,Activity 20260612080613,50.016666666666666,2356.7,47.118293902032654,22.9,0,0,0.4578473842052649,0,0,0,23.23709,64.54747222222221,36,247.35385,4.945428523825392,500.10999,36,28,64,81,36,63,28,10,4.19542,-4.8073,0,213.29139999999998,0,3,742.06155
Erick Sánchez,2026-06-12,NA,Activity 20260612080613,50.016666666666666,2598.49,51.952482505831384,20.09,0,0,0.4016661112962346,0,0,0,21.96334,68.62685914260717,32.004,311.29648,6.223854981672775,584.40997,33,35,68,94,33,83,35,13,3.89199,-4.41352,0,203.985,0,3,933.8894399999999
Henry Martín,2026-06-12,NA,Activity 20260612080613,50.016666666666666,2576.55,51.51382872375875,24.44,0,0,0.48863712095968015,0,0,0,22.85805,67.8360933048433,33.696,288.88791,5.775832922359213,555.81,31,26,57,94,31,84,26,16,4.50273,-4.16943,0,268.1952,0,3,866.66373
Isaías Violante,2026-06-12,NA,Activity 20260612080613,50.016666666666666,2691.7599999999998,53.81726091302899,17.22,0,0,0.3442852382539153,0,0,0,24.01768,68.63763145861913,34.992,278.95029,5.577146751082973,495.07001,18,22,40,76,18,59,22,11,3.77642,-4.42624,0,231.7572,0,3,836.85087
José Raúl Zúñiga,2026-06-12,NA,Activity 20260612080613,50.016666666666666,2548.45,50.95201599466844,10.18,0,0,0.20353215594801732,0,0,0,22.25989,63.745389461626566,34.92,279.39459,5.5860297900699765,589.38,40,13,53,92,40,74,13,11,3.69417,-4.04934,0,263.7984,0,3,838.18377
Kevin Álvarez,2026-06-12,NA,Activity 20260612080613,50.016666666666666,2653.5899999999997,53.05411529490169,37.96,0,0,0.7589470176607798,0,0,0,23.6009,67.44655921353453,34.992,262.57465,5.249743085638121,625.51001,50,47,97,98,50,92,47,14,4.24614,-4.70256,0,255.35718,0,3,787.7239500000001
Miguel Vázquez,2026-06-12,NA,Activity 20260612080613,50.016666666666666,2322.87,46.44191936021326,29.34,0,0,0.5866044651782739,0,0,0,22.78159,67.03622292843691,33.984,266.82816,5.334784938353883,497.85999,30,28,58,71,30,63,28,11,4.01982,-4.93271,0,239.53040000000001,0,3,800.4844800000001
Pato Salas,2026-06-12,NA,Activity 20260612080613,50.016666666666666,2470.0099999999998,49.383738753748744,54.019999999999996,0,0,1.0800399866711097,0,0,0,22.7859,65.11745541838135,34.992,256.85504,5.135389003665445,593.52002,40,31,71,94,40,79,31,20,3.95711,-4.19116,0,263.2296,0,3,770.56512
Ramón Juárez,2026-06-12,NA,Activity 20260612080613,50.016666666666666,2417.8199999999997,48.34028657114295,22.950000000000003,0,0,0.4588470509830057,0,0,0,23.75099,71.94653459348116,33.012,267.38385,5.345895034988337,540.65997,16,22,38,75,16,70,22,16,4.08861,-4.60411,0,229.6185,0,3,802.15155
Raphael Veiga,2026-06-12,NA,Activity 20260612080613,50.016666666666666,2488.74,49.75821392869043,18.77,0,0,0.3752749083638787,0,0,0,23.46372,73.31496062992126,32.004,265.68646,5.31195854715095,536.51001,29,19,48,76,29,74,19,8,3.78091,-4.31078,0,221.2658,0,3,797.05938
Rodrigo Dourado,2026-06-12,NA,Activity 20260612080613,50.016666666666666,2869.05,57.36187937354216,27.720000000000002,0,0,0.5542152615794735,0,0,0,22.35251,72.11417602271261,30.996,262.79233,5.254095234921692,556.45001,21,25,46,86,21,71,25,8,3.76596,-4.33277,0,290.0928,0,3,788.37699
Thiago Espinosa,2026-06-12,NA,Activity 20260612080613,50.016666666666666,2163.58,43.25718093968677,3.2399999999999998,0,0,0.06477840719760079,0,0,0,21.2194,58.94277777777778,36,250.12975,5.000928023992003,424.20999,28,27,55,70,28,65,27,32,4.64554,-4.98862,0,195.90619999999998,0,3,750.38925
Vinícius Lima,2026-06-12,NA,Activity 20260612080613,50.016666666666666,2366.59,47.31602799066978,2.0500000000000003,0,0,0.04098633788737088,0,0,0,21.49265,67.1561367329084,32.004,267.37656,5.345749283572142,405.12,21,12,33,67,21,54,12,13,4.09164,-4.09404,0,219.30675,0,3,802.12968
Alan Cervantes,2026-06-13,MD,13 Jun 08:19 AM,68.36116666666666,8060.180000000001,117.90582860152087,175.23,0,0,2.5632973886246333,0,2,0,25.75531,79.58011988629342,32.364,758.40631,11.094110106371307,1228.2999599999998,5,9,14,77,5,52,9,17,3.65201,-2.5735,0,650.2601,0,3,2275.21893
Alexis Gutiérrez,2026-06-13,MD,13 Jun 08:19 AM,68.7235,8348.48,121.47926109700465,158.27,0,0,2.3029967914905383,0,1,0,26.95252,83.18679012345679,32.4,880.29619,12.80924560012223,1247.3999900000001,8,13,21,95,8,81,13,19,3.85667,-3.27967,0,686.7819,0,3,2640.88857
Cristian Borja,2026-06-13,MD,13 Jun 08:19 AM,71.20933333333333,6149.549999999999,86.3587638324564,422.02,0,0,5.926470312880334,12.370000000000001,9,1,30.55995,89.92452330508475,33.984,685.7267099999999,9.629730793716178,971.3900100000001,14,24,38,59,14,62,24,21,4.37617,-3.3584,0,578.8528,0,3,2057.1801299999997
Dago Espinoza,2026-06-13,MD,13 Jun 08:19 AM,68.7235,7153.639999999999,104.093068600988,410.33,0,0,5.970737811665587,4.98,9,1,30.13448,84.72357174988755,35.568,610.1949999999999,8.878986081907934,1078,26,18,44,74,26,60,18,13,5.16201,-4.1537,0,673.5799999999999,0,3,1830.5849999999998
Erick Sánchez,2026-06-13,MD,13 Jun 08:19 AM,71.20933333333333,7052.870000000001,99.04417960192485,300.83000000000004,2.34,0,4.224586664669426,0,5,0,28.8249,90.06655418072741,32.004,685.03197,9.61997448836295,948.4,6,15,21,52,6,63,15,13,4.16026,-2.57835,0,491.83500000000004,0,3,2055.09591
Henry Martín,2026-06-13,MD,13 Jun 08:19 AM,71.20933333333333,7086.92,99.5223472578501,246.92999999999998,0,0,3.467663414908158,0,4,0,29.00702,86.08446106362774,33.696,670.82248,9.42042915722658,1201.65997,18,25,43,91,18,91,25,14,3.88783,-3.43756,0,678.7504,0,3,2012.4674400000001
Isaías Violante,2026-06-13,MD,13 Jun 08:19 AM,71.20933333333333,6977.08,97.97985282828094,475.5,14.82,1,6.677495459396709,20.45,11,1,32.6801,93.3930612711477,34.992,566.30236,7.952642350253712,931.2800100000001,15,15,30,56,15,51,15,6,4.52243,-3.43656,0,558.3818100000001,0,3,1698.90708
José Raúl Zúñiga,2026-06-13,MD,13 Jun 08:19 AM,68.36116666666666,6362.63,93.07374800995693,345.63,20.169999999999998,1,5.055940629060847,47.46,11,3,32.34966,92.63934707903779,34.92,524.4338,7.671516236069699,982.33999,14,16,30,63,14,56,16,9,4.58607,-2.9675,0,599.2152,0,3,1573.3014
Kevin Álvarez,2026-06-13,MD,13 Jun 08:19 AM,68.36116666666666,6743.34,98.64284547513574,238.59,0,0,3.49013938225162,0,3,0,27.36827,78.21293438500228,34.992,566.23336,8.282968059351434,1069.84999,30,32,62,92,30,89,32,22,3.98798,-2.98363,0,577.1178199999999,0,3,1698.7000799999998
Miguel Vázquez,2026-06-13,MD,13 Jun 08:19 AM,68.36116666666666,6656.709999999999,97.37560554603368,144.12,0,0,2.1082144589886562,0,2,0,25.96543,76.40486699623352,33.984,635.18821,9.291652570782146,863.73,8,23,31,68,8,75,23,19,3.35265,-3.02654,0,621.0584,0,3,1905.56463
Néstor Alejandro Araujo Razo,2026-06-13,MD,13 Jun 08:19 AM,54.473499999999994,5922.44,108.72148843015411,453.3299999999999,636.5,102,8.322028142124152,19.130000000000003,11,1,30.93369,154.54481414868107,20.016,500.60221,9.189830100874739,1146.59998,23,24,47,74,23,70,24,22,3.99279,-4.80448,0,661.54532,0,3,1501.80663
Pato Salas,2026-06-13,MD,13 Jun 08:19 AM,68.7235,7172.65,104.3696843146813,273.31,0,0,3.97695111570278,0,2,0,27.92567,79.805869913123,34.992,584.38107,8.50336595196694,1117.12002,16,21,37,91,16,91,21,24,4.28128,-3.82467,0,679.0992,0,3,1753.1432100000002
Ramón Juárez,2026-06-13,MD,13 Jun 08:19 AM,68.7235,6325.04,92.03605753490436,284.82,0,0,4.144433854503918,0,6,0,28.57784,86.56803586574578,33.012,565.00513,8.221425422162724,925.61,14,22,36,74,14,61,22,18,3.82361,-2.58802,0,557.8305,0,3,1695.01539
Raphael Veiga,2026-06-13,MD,13 Jun 08:19 AM,71.20933333333333,7078.31,99.4014361413298,342.98,2.25,0,4.816503454603329,0,6,0,28.89832,90.29596300462443,32.004,640.8018,8.998845656936355,971.54001,13,15,28,79,13,61,15,15,4.22634,-3.44974,0,578.0173,0,3,1922.4053999999999
Thiago Espinosa,2026-06-13,MD,13 Jun 08:19 AM,42.198499999999996,2951.2799999999997,69.9380309726649,197.61,0,0,4.6828678744505146,15.23,6,1,30.87793,85.77202777777777,36,281.23404,6.664550635686103,470.63999,13,10,23,39,13,29,10,8,3.92947,-3.10249,0,244.16139999999996,0,3,843.7021199999999
Alan Cervantes,2026-06-16,Other,Sesion 2 Pretemporada | Sesion 1 PreTemporada,181.39933333333335,13609.36,75.02431100445058,783.59,0,0,4.319696140007864,0,0,0,24.1652,74.66691385490051,32.364,1367.31024,7.53757036960812,2768.85995,26,50,76,178,26,171,50,35,4.13034,-1.59207,0,1120.4179,0,3,4101.93072
Alexis Gutiérrez,2026-06-16,Other,Sesion 2 Pretemporada | Sesion 1 PreTemporada,181.39933333333335,13532.14,74.59862035509134,905.78,0,0,4.993292882370019,0,0,0,23.70338,73.15858024691359,32.4,1616.3381100000001,8.910386164594504,3027.10001,73,86,159,222,73,192,86,50,4.41242,-1.69776,0,1140.7739,0,3,4849.01433
Cristian Borja,2026-06-16,Other,Sesion 2 Pretemporada | Sesion 1 PreTemporada,181.39933333333335,12701.11,70.01740175450847,368.94,0,0,2.0338553247163715,0,0,0,24.43948,71.91466572504707,33.984,1622.4067,8.943840477179261,1981.77002,35,37,72,168,35,141,37,29,4.16208,-1.74831,0,1176.076,0,3,4867.2201000000005
Dagoberto Espinoza,2026-06-16,Other,Sesion 2 Pretemporada | Sesion 1 PreTemporada,181.39933333333335,14057.61,77.49537852031797,717.62,0,0,3.956023359145017,0,7,0,28.59193,80.38666779127306,35.568,1301.95454,7.1772840400001465,2534.90994,79,69,148,212,79,190,69,49,4.89512,-1.69656,0,1346.7952,0,3,3905.86362
Emilio Lara,2026-06-16,Other,Sesion 2 Pretemporada | Sesion 1 PreTemporada,181.39933333333335,13466.339999999998,74.2358847331302,1259.67,0,0,6.9441820807867725,0,5,0,27.78865,77.19069444444445,36,1361.55609,7.5058494702295855,3031.29993,74,90,164,234,74,198,90,42,4.16961,-2.07307,0,1149.7843,0,3,4084.66827
Erick Sánchez,2026-06-16,Other,Sesion 2 Pretemporada | Sesion 1 PreTemporada,181.39933333333335,11839.119999999999,65.2655099798235,580.68,0,0,3.201114300309813,0,0,0,24.81976,77.55205599300088,32.004,1362.04584,7.508549314771462,2197.63005,52,65,117,177,52,177,65,52,3.96859,-1.84985,0,846.594,0,3,4086.13752
Franco Rossano,2026-06-16,Other,Sesion 2 Pretemporada,90.15,6026.55,66.85024958402661,314.38,0,0,3.4872989462007764,0,1,0,28.60196,84.52115839243497,33.84,579.99754,6.4336942872989455,1146.76001,32,30,62,101,32,75,30,31,4.55368,-4.19562,0,511.06860000000006,0,3,1739.99262
Henry Martín,2026-06-16,Other,Sesion 2 Pretemporada | Sesion 1 PreTemporada,181.39933333333335,13587.06,74.90137780734217,610.51,0,0,3.3655581240651378,0,0,0,23.6783,70.27035849952517,33.696,1448.92289,7.9874763780829765,2588.26003,71,70,141,242,71,228,70,57,4.11747,-1.20281,0,1307.7088,0,3,4346.76867
Isaías Violante,2026-06-16,Other,Sesion 2 Pretemporada | Sesion 1 PreTemporada,181.39933333333335,13570.48,74.80997725092705,420.25,0,0,2.316711932054142,0,1,0,25.98884,74.27080475537267,34.992,1254.50062,6.915684842649182,2110.9400299999998,49,47,96,172,49,164,47,30,4.03779,-1.15833,0,1085.38242,0,3,3763.5018600000003
Jonathan Dos Santos,2026-06-16,Tuesday,Sesion 1 PreTemporada,91.24933333333334,0,0,0,0,0,0,0,0,0,0,0,3.6,6.85707,0.07514652161842278,0,0,0,0,0,0,0,0,0,0,0,0,0,0,3,20.57121
José Raúl Zúñiga,2026-06-16,Other,Sesion 2 Pretemporada | Sesion 1 PreTemporada,181.39933333333335,11738.099999999999,64.70861708422301,228.83,0,0,1.2614710087137402,0,1,0,25.83921,73.99544673539519,34.92,1103.19668,6.08159170007975,1850.74,45,25,70,146,45,131,25,38,3.99453,-1.43955,0,1087.2424,0,3,3309.59004
Kevin Álvarez,2026-06-16,Other,Sesion 2 Pretemporada | Sesion 1 PreTemporada,181.39933333333335,14309.53,78.88413775868342,1603.2600000000002,0,0,8.83829047515794,0,2,0,26.02874,74.3848308184728,34.992,1351.15255,7.4484978812858555,3616.2099200000002,70,105,175,228,70,227,105,76,4.37729,-1.99072,0,1246.89064,0,3,4053.4576500000003
Miguel Vázquez,2026-06-16,Other,Sesion 2 Pretemporada | Sesion 1 PreTemporada,181.39933333333335,12247.15,67.51485672494202,385.08,0,0,2.122830293385863,0,0,0,22.61888,66.55743879472693,33.984,1318.62344,7.269174675393883,1902.02998,28,48,76,136,28,155,48,64,3.86335,-1.55202,0,1143.8136,0,3,3955.87032
Pato Salas,2026-06-16,Other,Sesion 2 Pretemporada | Sesion 1 PreTemporada,181.39933333333335,13585.759999999998,74.8942112980937,1185.27,0,0,6.534037243797294,0,1,0,25.73382,73.5420096021948,34.992,1300.14625,7.167315480762516,2929.39002,60,82,142,210,60,205,82,70,4.31999,-2.29051,0,1312.8544,0,3,3900.4387500000003
Ramón Juárez,2026-06-16,Other,Sesion 2 Pretemporada | Sesion 1 PreTemporada,181.39933333333335,12266.49,67.6214723317616,463.28999999999996,0,0,2.553978515172786,0,0,0,24.86502,75.32115594329335,33.012,1240.70238,6.839619292977923,2345.96002,46,66,112,188,46,167,66,90,4.19921,-1.69238,0,1081.99575,0,3,3722.10714
Raphael Veiga,2026-06-16,Other,Sesion 2 Pretemporada | Sesion 1 PreTemporada,181.39933333333335,12956.009999999998,71.42258883715117,550.62,0,0,3.035402555687452,0,0,0,24.29133,75.9009186351706,32.004,1367.91901,7.540926335635191,2087.11996,45,41,86,197,45,157,41,36,4.01472,-1.27471,0,1065.5127,0,3,4103.757030000001
Thiago Espinosa,2026-06-16,Tuesday,Sesion 1 PreTemporada,91.24933333333334,1828.4199999999998,20.037625845668277,0,0,0,0,0,0,0,18.21289,50.59136111111111,36,202.81293,2.2226236904013907,14.59,0,0,0,0,0,0,0,2,1.74069,0,0,129.1927,0,3,608.4387899999999
Alan Cervantes,2026-06-17,Other,Sesion 5 Pretemporada | Sesión 4 17 jun pm | Sesión 3 Pretemporada,228.98483333333334,18303.41,79.93284853654791,472.75,0,0,2.0645472152813613,0,3,0,27.57262,85.19534050179213,32.364,1772.41724,7.74032591678197,2454.89998,47,34,81,202,47,134,34,38,4.26005,-0.68839,0,1458.7558999999999,0,3,5317.25172
Alexis Gutiérrez,2026-06-17,Other,Sesion 5 Pretemporada | Sesión 4 17 jun pm | Sesión 3 Pretemporada,228.98483333333334,18788.55,82.05150413892041,408.45000000000005,0,0,1.7837425913943357,0,2,0,27.50281,84.88521604938272,32.4,2121.86514,9.266400351114957,2502.73,55,36,91,209,55,158,36,47,4.21176,-1.15122,0,1500.1798000000001,0,3,6365.59542
Cristian Borja,2026-06-17,Other,Sesion 5 Pretemporada | Sesión 4 17 jun pm | Sesión 3 Pretemporada,251.23483333333334,18722.89,74.52346377127905,537.92,0,0,2.1411043718061915,0,9,0,27.3115,80.36576035781543,33.984,2235.00894,8.896094981521273,2333.46,67,47,114,215,67,158,47,20,4.22496,-0.57316,0,1714.528,0,3,6705.026820000001
Dagoberto Espinoza,2026-06-17,Other,Sesion 5 Pretemporada | Sesión 4 17 jun pm | Sesión 3 Pretemporada,224.85150000000002,19147.53,85.15633651543351,370.36,0,0,1.6471315512682814,0,7,0,28.27611,79.49873481781377,35.568,1718.7264500000001,7.643829149460866,1940.40001,83,43,126,216,83,150,43,20,5.05344,-0.74984,0,1751.0128,0,3,5156.17935
Emilio Lara,2026-06-17,Other,Sesion 5 Pretemporada | Sesión 4 17 jun pm,144.21816666666666,13567.34,94.0751107407874,405.74,0,0,2.8133764932526995,0,10,0,28.20049,78.33469444444444,36,1310.18431,9.084738353582363,1272.66001,17,25,42,81,17,67,25,18,4.54758,-0.7817,0,1057.4179,0,3,3930.5529300000003
Erick Sánchez,2026-06-17,Other,Sesion 5 Pretemporada | Sesión 4 17 jun pm | Sesión 3 Pretemporada,228.98483333333334,16065.619999999999,70.16019256006038,375.7,0,0,1.6407200185747381,0,4,0,27.27333,85.21850393700788,32.004,1707.62189,7.457358049186663,2101.00999,55,54,109,189,55,170,54,35,4.31069,-0.54933,0,1106.796,0,3,5122.865669999999
Franco Rossano,2026-06-17,Other,Sesion 5 Pretemporada | Sesión 4 17 jun pm | Sesión 3 Pretemporada,224.85150000000002,17963.75,79.89161735634407,370.21,0,0,1.6464644443110228,0,9,0,28.92052,85.46252955082741,33.84,1698.3414500000001,7.553169313969442,1988.68005,62,53,115,220,62,172,53,35,4.55628,-0.715,0,1448.4421,0,3,5095.024350000001
Henry Martín,2026-06-17,Other,Sesion 5 Pretemporada | Sesión 4 17 jun pm | Sesión 3 Pretemporada,225.58483333333334,16860.45,74.74106193604919,198.18,0,0,0.878516507832604,0,2,0,26.31428,78.09318613485281,33.696,1727.96753,7.659945504610608,2211.12,55,62,117,230,55,201,62,49,4.48771,-0.51151,0,1565.3872000000001,0,3,5183.90259
Isaías Violante,2026-06-17,Other,Sesion 5 Pretemporada | Sesión 4 17 jun pm | Sesión 3 Pretemporada,224.85150000000002,18388.95,81.78264321118604,271,0,0,1.2052399027802794,0,6,0,27.60515,78.88988911751258,34.992,1735.53757,7.718594583536245,1729.52995,58,51,109,179,58,129,51,40,4.93141,-0.79548,0,1434.87294,0,3,5206.612709999999
José Raúl Zúñiga,2026-06-17,Other,Sesion 5 Pretemporada | Sesión 4 17 jun pm | Sesión 3 Pretemporada,225.58483333333334,17604.61,78.03986526872005,174.6,0,0,0.7739882039942105,0,0,0,23.08198,66.0995990836197,34.92,1527.87451,6.772948728083818,1992.10995,59,37,96,206,59,159,37,46,4.39176,-1.27808,0,1603.8216,0,3,4583.623530000001
Kevin Álvarez,2026-06-17,Other,Sesion 5 Pretemporada | Sesión 4 17 jun pm | Sesión 3 Pretemporada,251.23483333333334,19219.42,76.49982187979505,1230.98,0,0,4.899718656316899,0,2,0,29.44975,84.1613797439415,34.992,1659.81205,6.606615921757134,3415.69004,77,78,155,249,77,230,78,42,4.56311,-1.14159,0,1600.21859,0,3,4979.4361499999995
Miguel Vázquez,2026-06-17,Other,Sesion 5 Pretemporada | Sesión 4 17 jun pm | Sesión 3 Pretemporada,247.10150000000002,18290.91,74.021849321028,113.2,0,0,0.45811134290969496,0,0,0,24.0134,70.66089924670433,33.984,1736.55142,7.02768465590051,1459.61002,46,49,95,154,46,158,49,39,4.49223,-0.62164,0,1653.3016,0,3,5209.65426
Pato Salas,2026-06-17,Other,Sesión 4 17 jun pm | Sesión 3 Pretemporada,160.23483333333334,11741.17,73.27476651456352,106.33000000000001,0,0,0.6635885455617745,0,0,0,23.11673,66.06290009144948,34.992,1133.96496,7.076894183432858,1667.23,65,59,124,197,65,205,59,42,4.75851,-2.66137,0,1138.3536,0,3,3401.89488
Ramón Juárez,2026-06-17,Other,Sesion 5 Pretemporada | Sesión 4 17 jun pm | Sesión 3 Pretemporada,247.83483333333334,17800.27,71.8231160672195,363.76000000000005,0,0,1.4677517082949736,0,1,0,27.50694,83.32406397673573,33.012,1747.75452,7.052093914697221,2673.45004,69,76,145,271,69,197,76,56,4.14488,-0.80654,0,1554.8025,0,3,5243.263559999999
Raphael Veiga,2026-06-17,Other,Sesion 5 Pretemporada | Sesión 4 17 jun pm | Sesión 3 Pretemporada,225.58483333333334,16538,73.31166619505301,138.51,0,0,0.6140040443026237,0,0,0,24.45316,76.40657417822773,32.004,1610.03911,7.137178001771691,1925.1099900000002,44,40,84,204,44,164,40,49,4.06664,-0.57277,0,1319.297,0,3,4830.11733
Rodrigo Dourado,2026-06-17,NA,Activity 20260617040849,24.35,0,0,0,0,0,0,0,0,0,0,0,27.24023,2.99193,0.12287186858316221,0,0,0,0,0,0,0,0,1,0,0,0,0,0,3,8.97579
Thiago Espinosa,2026-06-17,Other,Sesion 5 Pretemporada | Sesión 3 Pretemporada,121.46666666666667,11185.41,92.08625137211855,4.64,0,0,0.03819978046103183,0,0,0,21.02699,58.408305555555565,36,980.83465,8.07492851262349,345.94,12,5,17,49,12,32,5,15,3.84035,-0.7677,0,822.8864,0,3,2942.5039500000003
Alan Cervantes,2026-06-18,Other,Sesión 6 18 jun PM,91.82383333333334,5866.37,63.887226083279025,101.63,0,0,1.10679326173488,0,1,0,25.53717,78.90609936967002,32.364,582.29178,6.341401342788637,881.17,6,9,15,59,6,36,9,7,3.57844,-2.29354,0,469.48300000000006,0,3,1746.87534
Alexis Gutiérrez,2026-06-18,Other,Sesión 6 18 jun PM,91.82383333333334,6505.129999999999,70.84358999025307,205.73,0,0,2.2404858578836646,0,2,0,28.06244,86.61246913580247,32.4,742.99425,8.091518541845526,1255.76,31,16,47,118,31,61,16,12,3.90055,-2.25977,0,540.6233,0,3,2228.98275
Cristian Borja,2026-06-18,Other,Sesión 6 18 jun PM,91.82383333333334,5290.24,57.612929105188734,81.05,0,0,0.882668443014976,0,1,0,25.43687,74.84954684557438,33.984,662.60838,7.2160827526622535,571.95001,9,15,24,57,9,38,15,11,3.87292,-2.60968,0,485.6536,0,3,1987.82514
Dagoberto Espinoza,2026-06-18,Other,Sesión 6 18 jun PM,113.163,7157.05,63.24549543578732,225.97,0,0,1.996854095419881,0,6,0,29.28217,82.3272885739991,35.568,628.97713,5.5581517810591805,1047.82999,37,15,52,111,37,70,15,14,5.05473,-2.10859,0,677.4304,0,3,1886.93139
Emilio Lara,2026-06-18,Other,Sesión 6 18 jun PM,113.163,6408.839999999999,56.63370536306036,286.84999999999997,0,0,2.5348391258626934,0,4,0,26.30469,73.06858333333334,36,613.2202,5.418910774723187,1023.20001,27,15,42,95,27,51,15,16,3.78909,-2.2518,0,524.8838000000001,0,3,1839.6606
Erick Sánchez,2026-06-18,Other,Sesión 6 18 jun PM,60.53416666666667,2959.6,48.8913974201897,0,0,0,0,0,0,0,19.13209,59.78030871141108,32.004,350.61662,5.792045043432772,212.01999999999998,8,1,9,33,8,15,1,6,3.60801,-2.65044,0,199.6728,0,3,1051.84986
Franco Rossano,2026-06-18,Other,Sesión 6 18 jun PM,113.16316666666667,6269.6,55.40318625465589,211.59,0,0,1.8697780049162052,0,1,0,26.01866,76.88729314420803,33.84,619.42111,5.473698980380837,780.15,18,11,29,78,18,54,11,12,4.42553,-2.25918,0,510.5212,0,3,1858.26333
Henry Martín,2026-06-18,Other,Sesión 6 18 jun PM,113.163,6279.68,55.49234290359924,144.10999999999999,0,0,1.2734727782048902,0,0,0,24.40203,72.41818019943021,33.696,647.28536,5.719938142325672,882.44998,20,6,26,113,20,55,6,22,3.90635,-3.04921,0,590.4456,0,3,1941.85608
Isaías Violante,2026-06-18,Other,Sesión 6 18 jun PM,113.163,6758.219999999999,59.72111025688608,242.25,0,0,2.1407173722859945,0,6,0,28.03068,80.10596707818931,34.992,630.8665599999999,5.5748483161457365,831.40002,27,18,45,86,27,52,18,11,3.88186,-3.58043,0,541.85907,0,3,1892.5996799999998
José Raúl Zúñiga,2026-06-18,Other,Sesión 6 18 jun PM,91.82383333333334,5702.19,62.09923712616368,82.16999999999999,0,0,0.8948657120609571,0,0,0,24.89188,71.28258877434135,34.92,465.95186,5.074410891870847,678.81001,22,5,27,77,22,40,5,9,4.10547,-2.40479,0,528.1104,0,3,1397.85558
Kevin Álvarez,2026-06-18,Other,Sesión 6 18 jun PM,91.82383333333334,5959.490000000001,64.90134188110204,238.23,0,0,2.5944244685929396,0,1,0,25.41771,72.6386316872428,34.992,504.51436,5.49437266650089,1015.7099800000001,22,22,44,92,22,58,22,7,4.12258,-2.41991,0,500.63307,0,3,1513.54308
Miguel Vázquez,2026-06-18,Other,Sesión 6 18 jun PM,91.82383333333334,5319.16,57.927880016626034,47.739999999999995,0,0,0.519908593084947,0,0,0,23.71702,69.78878295668551,33.984,527.20625,5.7414968517614335,527.57001,11,11,22,43,11,37,11,17,4.03017,-2.70483,0,485.74960000000004,0,3,1581.6187499999999
Pato Salas,2026-06-18,Other,Sesión 6 18 jun PM,91.82383333333334,5793.08,63.08906729008263,128.42000000000002,0,0,1.398547581147233,0,1,0,27.06962,77.35945358939188,34.992,565.37642,6.157185988387184,916.58998,7,15,22,86,7,58,15,19,3.68433,-3.08386,0,543.8056,0,3,1696.1292600000002
Ramón Juárez,2026-06-18,Other,Sesión 6 18 jun PM,91.82383333333334,5327.2300000000005,58.01576569626985,69.39,0,0,0.7556861599112793,0,0,0,23.28645,70.53934932751727,33.012,552.48181,6.016758285339862,705.61,10,15,25,77,10,57,15,8,3.85905,-2.34054,0,462.03075,0,3,1657.44543
Raphael Veiga,2026-06-18,Other,Sesión 6 18 jun PM,113.163,6046.12,53.42841741558637,73.61999999999999,0,0,0.6505659977201028,0,2,0,25.79919,80.61239220097488,32.004,609.11669,5.382648833982839,719.31999,15,5,20,96,15,46,5,21,3.96358,-2.29472,0,489.3574,0,3,1827.35007
Thiago Espinosa,2026-06-18,Other,Sesión 6 18 jun PM,60.53416666666667,2502.35,41.33781197946063,0,0,0,0,0,0,0,18.82284,52.285666666666664,36,273.71852,4.521719469720956,166.82999999999998,4,0,4,33,4,10,0,7,4.04672,-2.44381,0,195.94330000000002,0,3,821.15556
Alan Cervantes,2026-06-19,Other,Sesión 9 Pretemporada | Sesión 8 Pretemporada | Sesion 7 19 de junio AM,308.825,17288.56,55.98173722982272,1693.79,0,0,5.4846272160608756,0,12,0,28.53449,88.16737733283897,32.364,1792.5641,5.804465635877925,2785.42003,33,19,52,170,33,102,19,50,3.96949,-1.17353,0,1363.8751,0,3,5377.692300000001
Alexis Gutiérrez,2026-06-19,Other,Sesión 9 Pretemporada | Sesión 8 Pretemporada | Sesion 7 19 de junio AM,308.825,17287.79,55.97924390836235,1844.95,8.030000000000001,1,5.97409536145066,0,9,0,29.69156,91.64061728395062,32.4,2036.37995,6.593960819234194,3140.64003,73,47,120,244,73,177,47,44,4.37114,-1.03831,0,1392.6304,0,3,6109.13985
Cristian Borja,2026-06-19,Other,Sesión 9 Pretemporada | Sesión 8 Pretemporada | Sesion 7 19 de junio AM,308.825,16298.970000000001,52.77736582206752,1011.57,0,0,3.2755444021695137,0,5,0,27.58086,81.15836864406779,33.984,2036.07937,6.592987517202299,2179.37,35,22,57,153,35,126,22,22,4.06104,-1.34036,0,1465.9648,0,3,6108.23811
Dago Espinoza,2026-06-19,Other,Sesión 9 Pretemporada,90.24583333333334,8524.480000000001,94.45843298397895,1312.6599999999999,0,0,14.54538067316127,0,4,0,27.80303,78.16866284300495,35.568,757.64877,8.395387820305647,1626.56,21,18,39,76,21,67,18,14,4.08188,-1.39581,0,759.8976,0,3,2272.9463100000003
Dagoberto Espinoza,2026-06-19,Other,Sesión 8 Pretemporada | Sesion 7 19 de junio AM,218.57916666666668,10589,48.44469013896567,313.96000000000004,0,0,1.436367448864828,0,7,0,27.94266,78.56123481781377,35.568,1045.92922,4.785127676852398,1514.84,62,68,130,202,62,178,68,44,4.48386,-1.21086,0,1034.252,0,3,3137.78766
Emilio Lara,2026-06-19,Other,Sesión 9 Pretemporada | Sesión 8 Pretemporada | Sesion 7 19 de junio AM,308.825,17405.03,56.35887638630292,2977.8,0,0,9.642354084028172,25.15,28,1,30.53683,84.82452777777777,36,1693.66433,5.484220286570064,3890.10999,72,53,125,215,72,163,53,64,4.37683,-1.10536,0,1409.0601,0,3,5080.992990000001
Erick Sánchez,2026-06-19,Other,Sesión 9 Pretemporada | Sesión 8 Pretemporada | Sesion 7 19 de junio AM,308.825,16821.629999999997,54.46978062009228,1234.07,0,0,3.9960171618230387,0,10,0,28.7556,89.85001874765656,32.004,1874.89228,6.071050854043553,2658.29997,47,54,101,177,47,162,54,92,4.43851,-1.90419,0,1145.235,0,3,5624.67684
Franco Rossano,2026-06-19,Other,Sesión 9 Pretemporada | Sesión 8 Pretemporada | Sesion 7 19 de junio AM,307.5123333333333,18002.72,58.543082824862324,1789.9499999999998,0,0,5.820742149095375,15.06,23,1,30.469360000000002,90.03947990543735,33.84,1845.8524,6.0025312805882045,3176.9200299999998,67,61,128,218,67,174,61,82,4.26681,-1.4227,0,1457.6611,0,3,5537.5572
Henry Martín,2026-06-19,Other,Sesión 9 Pretemporada | Sesión 8 Pretemporada | Sesion 7 19 de junio AM,307.5123333333333,18391.61,59.80771502931591,1796.91,0,0,5.84337538765383,0,15,0,27.22911,80.80813746438747,33.696,1864.9984299999999,6.0647922955935645,3199.09003,53,67,120,223,53,207,67,65,4.23286,-1.50173,0,1702.7184,0,3,5594.99529
Isaías Violante,2026-06-19,Other,Sesión 9 Pretemporada | Sesión 8 Pretemporada | Sesion 7 19 de junio AM,308.825,17985.02,58.236930300331906,1388.6000000000001,6.92,1,4.496397636201733,30.240000000000002,15,2,32.15074,91.88025834476451,34.992,1741.63772,5.639561952562131,2810.82001,64,69,133,209,64,186,69,36,4.64199,-0.87904,0,1427.3788499999998,0,3,5224.91316
José Raúl Zúñiga,2026-06-19,Other,Sesión 9 Pretemporada | Sesión 8 Pretemporada | Sesion 7 19 de junio AM,307.5123333333333,18445.82,59.98400064170869,1528.79,0,0,4.971475398818693,0,11,0,28.03511,80.28382016036655,34.92,1518.91438,4.939360849483545,2837.21004,33,20,53,158,33,147,20,36,3.81153,-1.5841,0,1666.1376,0,3,4556.74314
Kevin Álvarez,2026-06-19,Other,Sesión 9 Pretemporada | Sesión 8 Pretemporada | Sesion 7 19 de junio AM,308.825,18063.59,58.491346231684616,2111.7200000000003,0,0,6.837917914676598,0,12,0,28.09404,80.28703703703705,34.992,1643.0622600000002,5.320366744920263,3515.66006,64,54,118,238,64,204,54,85,4.33431,-1.71894,0,1503.75018,0,3,4929.18678
Luis Ángel Malagón,2026-06-19,Other,Sesión 9 Pretemporada,34.151333333333334,3408.5200000000004,99.80635211899975,0,0,0,0,0,0,0,16.98063,56.624749899959994,29.988,242.84204,7.11076307416011,12.15,0,0,0,0,0,0,0,1,1.68668,-1.42075,0,274.30026,0,3,728.52612
Miguel Vázquez,2026-06-19,Other,Sesión 9 Pretemporada | Sesión 8 Pretemporada | Sesion 7 19 de junio AM,307.5123333333333,16062.819999999998,52.23471795711175,1969.79,0,0,6.405564221272427,0,20,0,28.31333,83.31370645009416,33.984,1632.26711,5.307972829274057,2698.5599700000002,22,25,47,134,22,116,25,72,4.00059,-1.06918,0,1451.2184,0,3,4896.80133
Pato Salas,2026-06-19,Other,Sesión 8 Pretemporada | Sesion 7 19 de junio AM,218.57916666666668,7924.96,36.256703330219786,167.65,0,0,0.7669989896871843,0,2,0,26.27495,75.08844878829447,34.992,901.53407,4.124519659162393,1133.02999,36,43,79,143,36,138,43,58,4.15186,-1.76996,0,763.7616,0,3,2704.60221
Ramón Juárez,2026-06-19,Other,Sesión 9 Pretemporada | Sesión 8 Pretemporada | Sesion 7 19 de junio AM,307.5123333333333,17028.45,55.37485217395076,1723.01,0,0,5.603059823074847,0,16,0,27.77737,84.14325093905248,33.012,1789.01184,5.817691344628996,3031.64001,39,42,81,191,39,172,42,76,3.9815,-0.946,0,1450.2345,0,3,5367.035519999999
Raphael Veiga,2026-06-19,Other,Sesión 9 Pretemporada | Sesión 8 Pretemporada | Sesion 7 19 de junio AM,307.5123333333333,13456.189999999999,43.75821240774083,1575.8200000000002,0,0,5.124412354192842,0,17,0,28.10987,87.83236470441196,32.004,1315.3738,4.277466811629236,2309.59997,20,13,33,105,20,75,13,17,3.99959,0,0,1053.5783999999999,0,3,3946.1214
Thiago Espinosa,2026-06-19,Other,Sesión 9 Pretemporada | Sesión 8 Pretemporada | Sesion 7 19 de junio AM,262.19166666666666,16085.98,61.35198804945492,1298.26,0,0,4.951568509042367,0,10,0,28.65134,79.58705555555557,36,1742.3385,6.645285573530814,2375.87999,56,40,96,152,56,129,40,87,4.72956,-1.44525,0,1269.6768,0,3,5227.0155
Alan Cervantes,2026-06-20,Other,Sesión 10 pretemporada,105.68316666666666,5627.25,53.246417357541965,82.82,0,0,0.7836631188505264,0,0,0,24.28968,75.05153874675567,32.364,540.26575,5.11212681300554,707.78,21,10,31,55,21,36,10,5,4.09971,-1.02264,0,448.2919,0,3,1620.79725
Alexis Gutiérrez,2026-06-20,Other,Sesión 10 pretemporada,105.68316666666666,5776.589999999999,54.65950900411449,214.72,0,0,2.0317332151604086,0,4,0,27.25904,84.13283950617284,32.4,624.10414,5.905426187393451,894.6499899999999,12,11,23,58,12,51,11,7,3.838,-1.11552,0,465.74080000000004,0,3,1872.3124200000002
Dago Espinoza,2026-06-20,Other,Sesión 10 pretemporada,105.68316666666666,6234.639999999999,58.99369025972285,202.11,0,0,1.9124143075450366,0,4,0,28.07638,78.93719073324337,35.568,544.02559,5.147703339699321,856.53998,22,19,41,71,22,56,19,8,4.48433,-1.1022,0,579.1864,0,3,1632.07677
Emilio Lara,2026-06-20,Other,Sesión 10 pretemporada,105.68316666666666,5867.84,55.52293884708855,283.8,0,0,2.6853850897099667,0,4,0,28.08328,78.00911111111111,36,535.13336,5.063562882136702,865.5700300000001,6,14,20,59,6,48,14,15,3.94378,-1.93264,0,472.56579999999997,0,3,1605.4000800000001
Erick Sánchez,2026-06-20,Other,Sesión 10 pretemporada,105.68316666666666,5287.57,50.032282025361965,199.17999999999998,0,0,1.8846899301213216,0,3,0,28.69927,89.67400949881265,32.004,551.10511,5.214691491391722,716.8499899999999,11,12,23,54,11,44,12,4,4.15343,-1.1497,0,361.2402,0,3,1653.31533
Franco Rossano,2026-06-20,Other,Sesión 10 pretemporada,68.14366666666666,4623.15,67.84416257808257,239.04,0,0,3.5078828553399437,0,6,0,29.46997,87.08619976359337,33.84,427.04702999999995,6.2668630980624265,721.78998,19,18,37,61,19,48,18,10,4.63556,-3.69561,0,387.8049,0,3,1281.1410899999998
Henry Martín,2026-06-20,Other,Sesión 10 pretemporada,105.68316666666666,5024.37,47.541819179654915,125.63,0,0,1.188741821072104,0,1,0,25.77041,76.47913698955365,33.696,467.84830999999997,4.4268952639887464,604.16001000000006,14,6,20,50,14,52,6,5,3.84533,-1.60047,0,453.7904,0,3,1403.54493
Isaías Violante,2026-06-20,Other,Sesión 10 pretemporada,105.68316666666666,5265.5,49.823450281422936,224.31,0,0,2.1224761433151604,7.119999999999999,5,1,30.70942,87.76125971650664,34.992,424.64806999999996,4.018124015335145,625.8,13,12,25,45,13,41,12,6,4.30512,-0.82209,0,410.96745000000004,0,3,1273.9442099999999
José Raúl Zúñiga,2026-06-20,Other,Sesión 10 pretemporada,105.68316666666666,5938.6900000000005,56.19333889503059,250.12,0,0,2.3666966830100664,0,3,0,27.50342,78.76122565864833,34.92,467.10749,4.419885443755628,746.18999,23,5,28,62,23,43,5,3,4.18847,-1.42119,0,542.5672,0,3,1401.32247
Kevin Álvarez,2026-06-20,Other,Sesión 10 pretemporada,105.68316666666666,5472.22,51.77948553774726,153.22,0,0,1.4498051566080377,0,4,0,27.73444,79.25937357110196,34.992,435.50507,4.120855607720561,656.07001,11,9,20,55,11,45,9,8,4.65456,-1.2058,0,440.46909000000005,0,3,1306.51521
Luis Ángel Malagón,2026-06-20,Other,Sesión 10 pretemporada,37.5395,947.63,25.243543467547518,0,0,0,0,0,0,0,12.55742,41.87481659330399,29.988,89.83388,2.393049454574515,0,0,0,0,0,0,0,0,0,1.25924,-1.22384,0,77.15916,0,3,269.50163999999995
Miguel Vázquez,2026-06-20,Other,Sesión 10 pretemporada,105.68316666666666,4613.469999999999,43.65378276893671,29.609999999999996,0,0,0.280177070142044,0,0,0,22.36652,65.81485404896422,33.984,436.54252,4.130672213644873,272.29999,7,5,12,24,7,24,5,5,4.21023,-0.82694,0,406.048,0,3,1309.6275600000001
Ramón Juárez,2026-06-20,Other,Sesión 10 pretemporada,105.68316666666666,4747.48,44.92181820188961,38.28,0,0,0.36221473303064666,0,0,0,24.53837,74.33166727250696,33.012,440.98581,4.172715711584469,431.37999,8,9,17,44,8,35,9,13,3.46219,-1.00065,0,395.90325,0,3,1322.95743
Raphael Veiga,2026-06-20,Other,Sesión 10 pretemporada,105.68316666666666,5150.1900000000005,48.73235882724938,57.839999999999996,0,0,0.5472962423848642,0,1,0,26.73995,83.55189976252969,32.004,464.15391999999997,4.391938041220692,486.08001,8,6,14,44,8,36,6,7,3.83922,-1.13204,0,405.4883,0,3,1392.46176
Thiago Espinosa,2026-06-20,Other,Sesión 10 pretemporada,105.68316666666666,2972.9199999999996,28.130496972870162,30.82,0,0,0.2916263864160013,0,0,0,24.64282,68.45227777777778,36,334.48109,3.1649419727834296,235.40999,1,6,7,23,1,19,6,12,3.11706,0,0,230.33919999999998,0,3,1003.44327
Víctor Dávila,2026-06-20,Other,Sesión 10 pretemporada,37.5395,838,22.323152945564008,0,0,0,0,0,0,0,9.45923,27.834363229755176,33.984,91.35905,2.4336778593215147,0,0,0,0,0,0,0,0,0,1.21581,-1.24056,0,58.3919,0,3,274.07714999999996
Alan Cervantes,2026-06-21,Other,Sesión 12 Pretemporada | Sesión 11 Futbol,173.25566666666666,13129.73,75.78239865170356,215.76000000000002,0,0,1.245327233164091,0,3,0,26.31018,97.19355977935624,27.06988,1349.56216,7.789425800406721,2091.04995,33,50,83,156,33,156,50,103,4.03344,-3.17966,0,1072.2894000000001,0,3,4048.68648
Alexis Gutiérrez,2026-06-21,Other,Sesión 12 Pretemporada | Sesión 11 Futbol,173.25566666666666,12415.630000000001,71.66074414112478,125.76,0,0,0.7258637043136636,0,0,0,29.67895,91.6016975308642,32.4,1314.8597,7.5891295522801565,1269.02001,49,62,111,116,49,117,62,30,4.04965,-3.33386,0,481.6434,0,3,3944.5791
Cristian Borja,2026-06-21,Other,Sesión 12 Pretemporada | Sesión 11 Futbol,173.25566666666666,10982.91,63.391346507184956,485.53999999999996,0,0,2.8024480199781827,8.85,11,1,30.25315,89.02174552730698,33.984,1313.90911,7.583642920770269,1817.11004,56,52,108,161,56,142,52,32,4.22058,-3.26787,0,1046.6016,0,3,3941.72733
Dago Espinoza,2026-06-21,Other,Sesión 12 Pretemporada | Sesión 11 Futbol,173.55266666666665,13299.51,76.63097465130663,688.3000000000001,0,0,3.9659430950835297,0,13,0,29.09188,81.79228520017993,35.568,1208.16444,6.961370650215689,2440.1800200000002,82,69,151,194,82,167,69,25,4.85114,-3.52053,0,1279.42,0,3,3624.49332
Emilio Lara,2026-06-21,Other,Sesión 12 Pretemporada | Sesión 11 Futbol,169.875,11853.86,69.7798969830758,562.49,0,0,3.3111994113318617,51.94,13,3,31.24134,86.7815,36,1138.58648,6.702495835172921,2323.08003,51,85,136,184,51,175,85,63,4.20634,-2.69485,0,1009.0164,0,3,3415.75944
Erick Sánchez,2026-06-21,Other,Sesión 12 Pretemporada | Sesión 11 Futbol,173.25566666666666,11867.49,68.49698037774618,198.3,0,0,1.1445513085671082,0,1,0,28.54741,89.19950631171105,32.004,1302.12975,7.515654610623607,1735.37997,35,58,93,128,35,146,58,28,4.51957,-2.8917,0,836.928,0,3,3906.38925
Franco Rossano,2026-06-21,Other,Sesión 12 Pretemporada | Sesión 11 Futbol,173.55266666666665,12186.74,70.21926101202709,719.9599999999999,0,0,4.148366105965912,0,14,0,29.60927,87.4978427895981,33.84,1174.4776900000002,6.767269628047587,2436.03999,74,80,154,202,74,177,80,36,4.42626,-3.58805,0,1046.7478,0,3,3523.4330700000005
Henry Martín,2026-06-21,Other,Sesión 12 Pretemporada | Sesión 11 Futbol,173.25566666666666,11797.39,68.09237600694158,377.26,0,0,2.1774756766012464,0,6,0,28.08073,83.3354997625831,33.696,1179.39655,6.807261041966881,2099.85,56,56,112,191,56,184,56,85,4.19611,-3.5654,0,1133.7896,0,3,3538.18965
Isaías Violante,2026-06-21,Other,Sesión 12 Pretemporada | Sesión 11 Futbol,173.25566666666666,12618.48,72.83155721698377,315.32,0,0,1.819969332412408,13.34,5,1,30.83442,88.11848422496573,34.992,1157.60042,6.681457768577074,1937.66999,60,55,115,167,60,154,55,34,4.23212,-3.06322,0,1022.85255,0,3,3472.80126
José Raúl Zúñiga,2026-06-21,Other,Sesión 12 Pretemporada | Sesión 11 Futbol,169.875,12270.710000000001,72.23376011773364,440.53000000000003,21.919999999999998,1,2.5932597498160415,36.48,8,1,32.65497,93.51365979381443,34.92,1073.2202,6.317705371596762,2069.55003,59,38,97,167,59,147,38,23,4.55477,-3.07619,0,1153.9976,0,3,3219.6606
Kevin Álvarez,2026-06-21,Other,Sesión 12 Pretemporada | Sesión 11 Futbol,173.25566666666666,12479.19,72.02760082883293,483.86999999999995,0,0,2.7928090856095134,0,7,0,28.78636,82.26554641060814,34.992,1066.99267,6.158486417952661,2505.9200299999998,60,81,141,190,60,197,81,34,4.29975,-2.8103,0,1079.39596,0,3,3200.9780100000003
Miguel Vázquez,2026-06-21,Other,Sesión 12 Pretemporada | Sesión 11 Futbol,173.25566666666666,10920.220000000001,63.0295113002557,252.94,11,1,1.4599233887491896,16.95,5,1,31.630490000000002,93.07465277777777,33.984,1147.50989,6.623217076112951,1637.0000100000002,36,62,98,149,36,157,62,77,4.06863,-3.19859,0,1035.4568,0,3,3442.52967
Pato Salas,2026-06-21,Other,Sesión 12 Pretemporada,53.166666666666664,1627.37,30.60884012539185,0,0,0,0,0,0,0,20.46638,58.48874028349338,34.992,199.70353,3.756179247648903,237.38,15,15,30,34,15,26,15,8,3.84602,-3.40874,0,155.38639999999998,0,3,599.11059
Ramón Juárez,2026-06-21,Other,Sesión 12 Pretemporada | Sesión 11 Futbol,173.25566666666666,11040.050000000001,63.72114812983511,278.24,0,0,1.605950358526032,0,4,0,29.5884,89.62922573609596,33.012,1155.00855,6.666497969282391,1914.32001,45,58,103,165,45,162,58,47,4.0474,-2.7822,0,981.015,0,3,3465.02565
Raphael Veiga,2026-06-21,Other,Sesión 12 Pretemporada | Sesión 11 Futbol,173.25566666666666,11267.960000000001,65.036602939394,242.6,0,0,1.4002428011012626,0,2,0,27.5621,86.12079740032496,32.004,1093.84389,6.313466745676429,1545.04,32,24,56,145,32,123,24,52,3.87551,-2.89696,0,913.5903,0,3,3281.5316700000003
Thiago Espinosa,2026-06-21,Other,Sesión 12 Pretemporada | Sesión 11 Futbol,169.875,12048.32,70.92462104488594,570.17,0,0,3.356409124356144,16.84,9,1,31.69526,110.77258482272514,28.61291,1190.29953,7.00691408388521,2082.40002,56,67,123,162,56,174,67,61,4.3104,-3.65595,0,999.2416000000001,0,3,3570.89859
Alan Cervantes,2026-06-22,Other,Sesión 13 Pretemporada,107.49499999999999,5261.2300000000005,48.94395088143636,58.14000000000001,0,0,0.5408623656914276,0,1,0,26.51126,81.91589420343593,32.364,472.99731,4.400179636262153,494.61,4,4,8,46,4,25,4,8,3.74619,-1.46059,0,412.2174,0,3,1418.9919300000001
Alexis Gutiérrez,2026-06-22,Other,Sesión 13 Pretemporada,107.49499999999999,5598.17,52.07842225219778,65.07000000000001,0,0,0.6053304804874646,0,1,0,27.01389,83.37620370370371,32.4,620.05608,5.768231824736034,643.9000100000001,16,7,23,75,16,43,7,7,4.05143,-1.27618,0,452.6354,0,3,1860.16824
Cristian Borja,2026-06-22,Other,Sesión 13 Pretemporada,107.49499999999999,5233.85,48.689241360063264,77.86,0,0,0.7243127587329644,0,1,0,25.87651,76.14321445386064,33.984,589.92356,5.487916275175589,411.87,7,5,12,37,7,29,5,9,3.87403,-1.23637,0,471.7296,0,3,1769.7706799999999
Dago Espinoza,2026-06-22,Other,Sesión 13 Pretemporada,107.49499999999999,6450.509999999999,60.007535234196936,149.48,0,0,1.3905763058746918,0,4,0,28.72615,80.76402946468737,35.568,589.49603,5.483939066933346,734.70002,18,20,38,78,18,61,20,10,4.46698,-1.10449,0,599.376,0,3,1768.48809
Emilio Lara,2026-06-22,Other,Sesión 13 Pretemporada,107.49499999999999,5816.1,54.105772361505196,184.02,0,0,1.7118935764454164,0,3,0,27.47896,76.33044444444444,36,545.681,5.076338434345784,800.78,16,19,35,80,16,58,19,24,4.00194,-2.16614,0,478.954,0,3,1637.0430000000001
Erick Sánchez,2026-06-22,Other,Sesión 13 Pretemporada,107.49499999999999,5229.56,48.649332527094295,144.61,0,0,1.3452718731103774,0,0,0,24.12588,75.38395200599925,32.004,534.08687,4.968481045630029,608.13,4,8,12,53,4,47,8,9,3.77016,-1.49791,0,363.42719999999997,0,3,1602.2606099999998
Franco Rossano,2026-06-22,Other,Sesión 13 Pretemporada,107.49499999999999,5701.98,53.04414158798084,129.98999999999998,0,0,1.209265547234755,0,0,0,25.23859,74.58212174940897,33.84,536.55364,4.991428810642356,681.05,17,16,33,73,17,57,16,11,4.03094,-1.28486,0,465.514,0,3,1609.6609199999998
Henry Martín,2026-06-22,Other,Sesión 13 Pretemporada,107.49499999999999,5832.9,54.26205870040467,65.15,0,0,0.6060747011488907,0,0,0,23.8992,70.92592592592594,33.696,532.4297799999999,4.953065537931996,667.60001,17,10,27,63,17,54,10,11,4.04545,-1.60527,0,541.9384,0,3,1597.2893399999998
Isaías Violante,2026-06-22,Other,Sesión 13 Pretemporada,107.49499999999999,5868.47,54.59295781199126,140.96,0,0,1.311316805432811,0,2,0,25.52795,72.95367512574303,34.992,505.68755999999996,4.7042891297269644,507.81001,12,13,25,51,12,39,13,6,3.9913,-0.9593,0,456.37152000000003,0,3,1517.06268
José Raúl Zúñiga,2026-06-22,Other,Sesión 13 Pretemporada,107.49499999999999,5228.589999999999,48.64030885157449,140.02,0,0,1.3025722126610542,0,4,0,26.55438,76.043470790378,34.92,385.23011,3.583702590818178,524.65,3,4,7,52,3,31,4,7,3.88242,-0.9626,0,473.5576,0,3,1155.6903300000001
Kevin Álvarez,2026-06-22,Other,Sesión 13 Pretemporada,107.49499999999999,5678.969999999999,52.83008512023815,77.33999999999999,0,0,0.7194753244336946,0,1,0,26.66008,76.18907178783722,34.992,435.30374,4.049525466300759,642.3199999999999,10,11,21,60,10,57,11,8,4.01954,-1.6686,0,466.91375,0,3,1305.91122
Miguel Vázquez,2026-06-22,Other,Sesión 13 Pretemporada,107.49499999999999,4834.93,44.978185031861955,63.59999999999999,0,0,0.5916554258337596,0,1,0,26.22896,77.18032015065913,33.984,488.33113000000003,4.542826457044514,357.2,7,6,13,36,7,31,6,14,3.79648,-1.6363,0,440.44879999999995,0,3,1464.99339
Pato Salas,2026-06-22,Other,Sesión 13 Pretemporada,107.58516666666667,4583.8,42.60624528474341,42.98,0,0,0.3994974524059233,0,1,0,25.29827,72.29729652491999,34.992,498.31249,4.631795492253424,332.49,3,6,9,35,3,29,6,13,3.38241,-1.1701,0,410.67199999999997,0,3,1494.93747
Ramón Juárez,2026-06-22,Other,Sesión 13 Pretemporada,107.49499999999999,5118.79,47.61886599376716,6.550000000000001,0,0,0.060933066654263,0,0,0,23.44121,71.00814855204169,33.012,489.05606,4.549570305595609,529.51999,12,16,28,68,12,52,16,21,3.6482,-2.62863,0,443.586,0,3,1467.1681800000001
Raphael Veiga,2026-06-22,Other,Sesión 13 Pretemporada,107.49499999999999,5644.2,52.50662821526583,50.81,0,0,0.47267314758825996,0,1,0,28.23078,88.21016122984628,32.004,519.68965,4.834547188241315,514.72,9,7,16,56,9,30,7,13,3.57786,-2.27001,0,448.9387,0,3,1559.06895
Thiago Espinosa,2026-06-22,Other,Sesión 13 Pretemporada,107.58516666666667,4955.68,46.062855629106245,98.52999999999999,0,0,0.9158325729538302,0,2,0,27.8967,77.49083333333333,36,530.68591,4.932705190151679,432.71000000000004,10,13,23,50,10,42,13,24,4.50221,-1.24555,0,398.26430000000005,0,3,1592.05773
Víctor Dávila,2026-06-22,NA,Activity 20260622060503,6.95,0,0,0,0,0,0,0,0,0,0,0,33.984,0.97861,0.1408071942446043,0,0,0,0,0,0,0,0,1,0,0,0,0,0,3,2.93583
Alan Cervantes,2026-06-23,Other,Sesión 14 Pretemporada,118.955,4794.7,40.30683872052457,56,0,0,0.47076625614728257,0,0,0,23.75695,73.4054813990854,32.364,524.71559,4.411042747257366,441.52999,11,9,20,43,11,33,9,12,3.64425,-0.77195,0,372.5974,0,3,1574.14677
Alexis Gutiérrez,2026-06-23,Other,Sesión 14 Pretemporada,118.955,5753.11,48.36375099827666,223.22,0,0,1.8765079231642219,0,4,0,28.74684,88.7248148148148,32.4,743.73098,6.252204447059813,804.3800200000001,29,24,53,82,29,75,24,20,4.24502,-1.37693,0,474.9416,0,3,2231.19294
Cristian Borja,2026-06-23,Other,Sesión 14 Pretemporada,118.955,5181.76,43.560674204531125,177.39,0,0,1.4912361817494009,0,1,0,26.30836,77.41395951035781,33.984,696.7132300000001,5.856947837417511,582.88,15,17,32,55,15,49,17,42,4.06062,-1.37976,0,469.6744,0,3,2090.13969
Dago Espinoza,2026-06-23,Other,Sesión 14 Pretemporada,118.955,5693.0199999999995,47.858601992350046,237.17,0,0,1.993779160186625,0,3,0,26.21541,73.70504385964912,35.568,564.84941,4.748429322012526,709.40998,36,19,55,84,36,61,19,12,4.32636,-1.05858,0,530.8416,0,3,1694.54823
Emilio Lara,2026-06-23,Other,Sesión 14 Pretemporada,118.955,5643.78,47.44466394855197,155.61999999999998,0,0,1.3082257996721447,0,1,0,26.00571,72.23808333333334,36,602.5131,5.065050649405237,636.9700200000001,22,18,40,69,22,53,18,41,4.0879,-1.01484,0,454.6087,0,3,1807.5393
Erick Sánchez,2026-06-23,Other,Sesión 14 Pretemporada,118.955,5066.969999999999,42.59568744483207,114.87,0,0,0.9656592829221134,0,0,0,23.40454,73.13004624421949,32.004,576.51539,4.846499852885545,539.44,13,17,30,67,13,49,17,13,3.64003,-0.74781,0,343.96680000000003,0,3,1729.54617
Franco Rossano,2026-06-23,Other,Sesión 14 Pretemporada,118.955,5346.26,44.94355008196377,122.36,0,0,1.0286242696818124,0,0,0,25.06033,74.05534869976358,33.84,602.2756899999999,5.063054852675381,636.9599999999999,25,25,50,93,25,71,25,25,4.16074,-1.26021,0,439.432,0,3,1806.8270699999998
Henry Martín,2026-06-23,Other,Sesión 14 Pretemporada,118.955,4705.969999999999,39.560926400739774,93.53999999999999,0,0,0.7863477785717288,0,0,0,24.03475,71.32819919278252,33.696,507.21153,4.2638941616577695,510.90000000000003,23,24,47,68,23,60,24,30,4.12322,-1.03747,0,436.0552,0,3,1521.63459
Isaías Violante,2026-06-23,Other,Sesión 14 Pretemporada,118.955,5836.85,49.06771468202262,184.94,0,0,1.5547055609264007,0,3,0,26.43092,75.53417924096937,34.992,607.4306,5.1063898112731705,636.11001,17,20,37,64,17,55,20,17,4.14768,-1.0911,0,456.03687,0,3,1822.2918
José Raúl Zúñiga,2026-06-23,Other,Sesión 14 Pretemporada,118.955,5143.78,43.241393804379804,137.44,0,0,1.155394897230045,0,0,0,25.47092,72.94077892325315,34.92,488.68669,4.108164347862637,557.67002,21,11,32,61,21,44,11,16,4.28014,-1.29585,0,466.328,0,3,1466.06007
Kevin Álvarez,2026-06-23,Other,Sesión 14 Pretemporada,118.955,5281.13,44.3960321129839,105.42,0,0,0.8862174771972595,0,0,0,24.40284,69.7383401920439,34.992,475.49312,3.997252070110546,640.43,15,27,42,66,15,70,27,34,4.00581,-0.77661,0,445.32903999999996,0,3,1426.4793599999998
Miguel Vázquez,2026-06-23,Other,Sesión 14 Pretemporada,118.955,5406.5999999999995,45.45080072296246,216.20999999999998,0,0,1.8175780757429278,0,3,0,26.15939,76.97560616760828,33.984,621.78711,5.227078390988189,639.37999,14,22,36,63,14,60,22,36,4.15768,-1.20117,0,495.7848,0,3,1865.36133
Pato Salas,2026-06-23,Other,Sesión 14 Pretemporada,118.955,5644.610000000001,47.451641376991304,233.03,0,0,1.9589760833928798,0,3,0,26.46866,75.64203246456333,34.992,588.61037,4.948176789542264,767.34002,26,29,55,72,26,75,29,26,4.16685,-1.15085,0,529.5544,0,3,1765.83111
Ramón Juárez,2026-06-23,Other,Sesión 14 Pretemporada,118.955,5131.67,43.13959060148796,59.44,0,0,0.49968475473918705,0,0,0,23.019,69.72918938567793,33.012,604.6420499999999,5.082947753352108,532.51999,18,14,32,65,18,65,14,29,4.12283,-1.3128,0,434.2905,0,3,1813.9261499999998
Raphael Veiga,2026-06-23,Other,Sesión 14 Pretemporada,118.955,5003.93,42.065739145054856,46.22,0,0,0.38855029212727504,0,0,0,22.78188,71.18447694038245,32.004,535.20877,4.499254087680215,485.38999,10,9,19,55,10,43,9,12,3.47728,-1.14713,0,397.15479999999997,0,3,1605.6263099999999
Thiago Espinosa,2026-06-23,Other,Sesión 14 Pretemporada,118.955,6277.34,52.77071161363541,185.12,0,0,1.5562187381783028,0,2,0,26.95956,74.88766666666666,36,684.08368,5.750777016518851,765.21002,22,20,42,77,22,68,20,34,4.38414,-1.77314,0,510.4701,0,3,2052.25104
Alan Cervantes,2026-06-24,Other,Sesión 16 Pretemporada | Sesión 15 Pretemporada,196.261,11538.199999999999,58.79008055599431,23.990000000000002,0,0,0.12223518681755419,0,1,0,25.23583,77.97500308985293,32.364,1228.0908,6.2574367806135704,1068.48003,21,18,39,147,21,109,18,36,3.63137,-1.27683,0,933.1609,0,3,3684.2724
Alexis Gutiérrez,2026-06-24,Other,Sesión 16 Pretemporada | Sesión 15 Pretemporada,203.31666666666666,13645.55,67.11476350520535,155.31,0,0,0.7638822854332322,0,1,0,25.24748,77.92432098765433,32.4,1736.58424,8.541278334289695,1969.47,48,54,102,280,48,219,54,50,4.27139,-1.19064,0,1143.1364,0,3,5209.7527199999995
Cristian Borja,2026-06-24,Other,Sesión 16 Pretemporada | Sesión 15 Pretemporada,203.31666666666666,12485.47,61.40898434297893,267.17,0,0,1.3140585293876548,0,6,0,27.30541,80.34784016007532,33.984,1695.44713,8.338948094106074,1462.59001,36,33,69,190,36,163,33,43,4.03161,-2.11944,0,1178.94,0,3,5086.34139
Dago Espinoza,2026-06-24,Other,Sesión 16 Pretemporada | Sesión 15 Pretemporada,203.31666666666666,14738.51,72.49041724731535,290.02,0,0,1.426444790556603,0,3,0,29.8358,83.88382816014395,35.568,1535.72401,7.553360160668907,1980.52004,78,63,141,298,78,235,63,44,4.48536,-0.87902,0,1427.9256,0,3,4607.17203
Emilio Lara,2026-06-24,Other,Sesión 16 Pretemporada | Sesión 15 Pretemporada,203.31666666666666,14061.02,69.15822608410525,441.39,0,0,2.17094843839659,0,9,0,28.75188,79.86633333333333,36,1541.38967,7.581226346421838,1926.28002,39,57,96,225,39,204,57,71,4.23666,-1.89661,0,1173.6347,0,3,4624.16901
Erick Sánchez,2026-06-24,Other,Sesión 16 Pretemporada | Sesión 15 Pretemporada,196.261,11744.619999999999,59.84184325974085,261.36,0,0,1.3316960578005819,0,3,0,26.21634,81.91582302212224,32.004,1419.35561,7.231979914501608,1697.1399999999999,41,49,90,228,41,199,49,52,4.13749,-2.17814,0,844.9104,0,3,4258.06683
Franco Rossano,2026-06-24,Other,Sesión 16 Pretemporada | Sesión 15 Pretemporada,203.31666666666666,13282.85,65.33084679072056,294.02,0,0,1.4461185343060905,0,6,0,26.26477,77.61456855791961,33.84,1487.1501,7.314452496106239,1725.33001,55,38,93,219,55,205,38,51,4.81409,-2.03653,0,1114.3405,0,3,4461.4503
Henry Martín,2026-06-24,Other,Sesión 16 Pretemporada | Sesión 15 Pretemporada,203.31666666666666,12571.32,61.83123206820231,111.58999999999999,0,0,0.548848266251332,0,1,0,25.54663,75.81502255460589,33.696,1367.60503,6.726477727682597,1770.56001,54,59,113,249,54,225,59,54,4.11813,-2.18338,0,1216.6896,0,3,4102.81509
Isaías Violante,2026-06-24,Other,Sesión 16 Pretemporada | Sesión 15 Pretemporada,203.31666666666666,13270.41,65.26966144765964,209.41,0,0,1.0299696696450529,0,3,0,26.07898,74.52840649291268,34.992,1293.18562,6.360450627100582,1332.64002,32,42,74,167,32,154,42,34,4.33401,-0.79627,0,1059.77928,0,3,3879.5568599999997
José Raúl Zúñiga,2026-06-24,Other,Sesión 16 Pretemporada | Sesión 15 Pretemporada,203.31666666666666,13686.900000000001,67.31814083121569,198.46,0,0,0.9761127961308305,0,1,0,27.07229,77.5266036655212,34.92,1309.05531,6.438504680711533,1727.46997,43,33,76,240,43,211,33,41,4.64891,-1.27733,0,1302.428,0,3,3927.16593
Kevin Álvarez,2026-06-24,Other,Sesión 16 Pretemporada | Sesión 15 Pretemporada,203.31666666666666,13294.61,65.38868759734405,277.9,0,0,1.3668333469956553,0,3,0,26.32228,75.22370827617742,34.992,1230.7041100000001,6.05313932289532,2012.95001,49,50,99,269,49,240,50,67,3.99269,-1.33607,0,1150.27455,0,3,3692.1123300000004
Miguel Vázquez,2026-06-24,Other,Sesión 16 Pretemporada | Sesión 15 Pretemporada,196.261,11755.25,59.89600582897265,82.12,0,0,0.41842240689693827,0,0,0,24.89113,73.24367349340865,33.984,1378.6422400000001,7.02453487957363,1211.53001,10,24,34,149,10,148,24,75,3.76669,-1.36886,0,1098.8424,0,3,4135.92672
Pato Salas,2026-06-24,Other,Sesión 16 Pretemporada | Sesión 15 Pretemporada,203.31666666666666,13169.929999999998,64.7754570046725,113,0,0,0.5557832609230264,0,1,0,25.82681,73.80775605852766,34.992,1398.85986,6.880202606771047,1851.98997,50,62,112,276,50,258,62,68,3.98862,-1.39427,0,1268.4528,0,3,4196.57958
Ramón Juárez,2026-06-24,Other,Sesión 16 Pretemporada | Sesión 15 Pretemporada,196.261,11663.01,59.426019433305655,147.82999999999998,0,0,0.7532316659957913,0,0,0,25.24219,76.46367987398523,33.012,1256.09762,6.4001386928630755,1466.93,36,45,81,199,36,181,45,68,3.80901,-1.28877,0,1047.4545,0,3,3768.29286
Raphael Veiga,2026-06-24,Other,Sesión 16 Pretemporada | Sesión 15 Pretemporada,196.261,12925.37,65.85806655423136,90.83,0,0,0.46280208497867636,0,0,0,24.99756,78.10761154855643,32.004,1356.86193,6.913558628560947,1374.62997,20,19,39,171,20,138,19,49,3.67171,-1.31388,0,1053.3509,0,3,4070.58579
Thiago Espinosa,2026-06-24,Other,Sesión 16 Pretemporada | Sesión 15 Pretemporada,203.31666666666666,13184.2,64.84564308549882,274.81,0,0,1.3516353799491763,0,4,0,28.44955,79.02652777777777,36,1496.30179,7.359464497089926,1847.14003,54,65,119,246,54,206,65,88,4.50597,-1.75154,0,1108.3569,0,3,4488.90537
Víctor Dávila,2026-06-24,NA,Activity 20260624030745,8.033333333333333,0,0,0,0,0,0,0,0,0,0,0,33.984,1.18795,0.14787759336099587,0,0,0,0,0,0,0,0,1,0,0,0,0,0,3,3.5638500000000004
Alan Cervantes,2026-06-25,Other,Sesión 18 pretemporada  | Sesión 17 Pretemporada,193.449,10463.67,54.090070251073925,276.78000000000003,0,0,1.4307646976722548,0,1,0,26.48007,81.81952169076753,32.364,1067.75903,5.519589297437567,1399.0600299999999,15,17,32,116,15,91,17,39,3.82345,-1.75601,0,835.87,0,3,3203.2770899999996
Alexis Gutiérrez,2026-06-25,Other,Sesión 18 pretemporada  | Sesión 17 Pretemporada,193.449,10654.48,55.07642841265656,399.70000000000005,0,0,2.0661776488893713,0,8,0,28.49867,87.95885802469137,32.4,1245.04387,6.436031563874716,1709.89998,40,26,66,171,40,111,26,21,4.19474,-2.6867,0,875.8582,0,3,3735.13161
Cristian Borja,2026-06-25,Other,Sesión 18 pretemporada  | Sesión 17 Pretemporada,193.449,11095.95,57.358528604438376,356.89,0,0,1.8448790120393488,0,3,0,26.86718,79.05832156308851,33.984,1302.75219,6.734344400849835,1489.50999,32,37,69,130,32,111,37,21,4.11278,-1.90368,0,1034.3792,0,3,3908.2565699999996
Dago Espinoza,2026-06-25,Other,Sesión 18 pretemporada  | Sesión 17 Pretemporada,193.449,11865.869999999999,61.33849231580415,516.95,0,0,2.672280549395448,0,11,0,29.76274,83.67841880341881,35.568,1082.09471,5.593695030731614,1675.04,45,33,78,165,45,116,33,15,4.33347,-2.38461,0,1101.7896,0,3,3246.28413
Emilio Lara,2026-06-25,Other,Sesión 18 pretemporada  | Sesión 17 Pretemporada,193.449,10937.15,56.53764041168473,400.26,0,0,2.0690724687126836,0,2,0,28.36836,78.801,36,1021.10342,5.278411467621957,1591.6599999999999,22,24,46,146,22,95,24,29,4.10414,-2.46529,0,883.9285,0,3,3063.31026
Erick Sánchez,2026-06-25,Other,Sesión 18 pretemporada  | Sesión 17 Pretemporada,164.18616666666668,8594.390000000001,52.34539653665504,473.04,0.78,0,2.881119704563011,0,7,0,28.80893,90.01665416822898,32.004,921.27884,5.611184295875515,1400.84002,33,36,69,123,33,108,36,23,3.87615,-3.546,0,610.2534,0,3,2763.83652
Franco Rossano,2026-06-25,Other,Sesión 18 pretemporada  | Sesión 17 Pretemporada,193.449,10954.77,56.62872384969682,481.67,0,0,2.4899069005267536,0,7,0,28.0834,82.9887706855792,33.84,1043.9891499999999,5.396715154898706,1512.10998,40,29,69,149,40,98,29,32,4.23566,-2.00598,0,892.4446999999999,0,3,3131.9674499999996
Henry Martín,2026-06-25,Other,Sesión 18 pretemporada  | Sesión 17 Pretemporada,193.449,9852.3,50.929702402183516,402.09,0,0,2.0785323263495803,0,5,0,28.33337,84.08526234567901,33.696,975.53298,5.042843229998604,1503.77001,43,35,78,173,43,114,35,28,3.88935,-1.29731,0,927.2848,0,3,2926.59894
Isaías Violante,2026-06-25,Other,Sesión 18 pretemporada  | Sesión 17 Pretemporada,193.449,10445.02,53.99366241231539,508.25,10.42,1,2.627307455711841,18.82,9,1,31.6363,90.41009373571103,34.992,965.5452300000001,4.991213343051657,1438.51001,41,29,70,133,41,94,29,23,4.96087,-1.93607,0,836.67399,0,3,2896.63569
José Raúl Zúñiga,2026-06-25,Other,Sesión 18 pretemporada  | Sesión 17 Pretemporada,160.44716666666667,9967.84,62.12537252657417,355.8,2.54,0,2.2175524030236327,11.799999999999999,6,1,31.41848,89.97273768613974,34.92,846.21602,5.274110086082334,1271.98002,21,17,38,140,21,91,17,29,4.12922,-2.54951,0,922.9656,0,3,2538.64806
Kevin Álvarez,2026-06-25,Other,Sesión 18 pretemporada  | Sesión 17 Pretemporada,193.449,11789.949999999999,60.946037456900775,495.96999999999997,0,0,2.563828192443486,11.6,9,1,30.47778,87.09927983539096,34.992,981.08146,5.071525104807985,1867.5400300000001,26,45,71,183,26,154,45,38,4.44991,-2.86719,0,995.81689,0,3,2943.24438
Miguel Vázquez,2026-06-25,Other,Sesión 18 pretemporada  | Sesión 17 Pretemporada,193.449,10364.86,53.57928963189264,276.83,0,0,1.4310231637279074,0,3,0,29.46972,86.71645480225988,33.984,1036.23388,5.35662567395024,1269.53,10,27,37,121,10,121,27,39,3.5879,-2.18503,0,963.3439999999999,0,3,3108.70164
Pato Salas,2026-06-25,Other,Sesión 18 pretemporada  | Sesión 17 Pretemporada,193.449,10479.97,54.17433018521677,427.24000000000007,0,0,2.208540752342995,0,10,0,28.28544,80.83401920438959,34.992,974.56976,5.037864036516084,1552.66001,34,34,68,150,34,134,34,22,4.2024,-1.19778,0,986.0328,0,3,2923.70928
Ramón Juárez,2026-06-25,Other,Sesión 18 pretemporada  | Sesión 17 Pretemporada,193.449,10871.58,56.198688026301504,428.52,0,0,2.215157483367709,0,5,0,27.90718,84.53647158608992,33.012,1090.1221,5.635191187341366,1554.22998,39,32,71,164,39,136,32,37,3.99062,-2.40647,0,952.36725,0,3,3270.3663
Raphael Veiga,2026-06-25,Other,Sesión 18 pretemporada  | Sesión 17 Pretemporada,193.449,9809.210000000001,50.706956355421845,342.78,0,0,1.7719398911340971,0,4,0,27.83737,86.98090863642045,32.004,955.33079,4.93841162270159,1305.80998,29,18,47,135,29,96,18,23,4.289,-1.51904,0,794.7975,0,3,2865.99237
Thiago Espinosa,2026-06-25,Other,Sesión 18 pretemporada  | Sesión 17 Pretemporada,134.957,7720.4,57.20636943619078,397.63000000000005,0,0,2.9463458731299603,0,5,0,29.07256,80.75711111111112,36,853.2602400000001,6.322460042828458,1224.52,39,21,60,131,39,100,21,33,4.23547,-2.82998,0,640.7737000000001,0,3,2559.78072
Alan Cervantes,2026-06-26,Other,Sesión 20 pretemporada  | Sesión 19 pretemporada ,237.183,8426.109999999999,35.52577545608243,189.51999999999998,0,0,0.7990454627861187,0,5,0,25.86529,79.91994191076506,32.364,831.3394000000001,3.505054746756724,814.49001,22,5,27,87,22,38,5,6,4.14879,-0.82957,0,653.0377,0,3,2494.0182000000004
Alexis Gutiérrez,2026-06-26,Other,Sesión 20 pretemporada  | Sesión 19 pretemporada ,237.183,9683.720000000001,40.82805260073446,403.72,0,0,1.7021456006543472,0,3,0,27.88416,86.06222222222223,32.4,1036.8173,4.3713811698140255,1454.30998,53,26,79,147,53,96,26,9,4.29146,-1.67768,0,795.2315,0,3,3110.4519
Cristian Borja,2026-06-26,Other,Sesión 20 pretemporada  | Sesión 19 pretemporada ,237.183,9737.7,41.05564058132329,325.74,2.4499999999999997,0,1.3733699295480706,19.93,9,2,30.66196,90.22469397363466,33.984,1207.27861,5.090072264875645,1240.8999900000001,37,18,55,105,37,80,18,23,4.66577,-1.70509,0,894.8359999999999,0,3,3621.83583
Dago Espinoza,2026-06-26,Other,Sesión 20 pretemporada  | Sesión 19 pretemporada ,237.183,10462.28,44.11058128112049,431.09999999999997,0,0,1.8175838909196695,0,9,0,28.77288,80.89541160593792,35.568,969.5026,4.0875720435275715,1493.38001,62,29,91,162,62,109,29,22,5.22356,-2.10787,0,989.2776,0,3,2908.5078000000003
Emilio Lara,2026-06-26,Other,Sesión 20 pretemporada  | Sesión 19 pretemporada ,237.183,8875.730000000001,37.42144251485141,299.41999999999996,0,0,1.2624007622806017,0,3,0,27.86056,77.39044444444444,36,863.14822,3.6391656231686085,1150.89,49,30,79,137,49,89,30,28,4.74092,-0.38961,0,728.2002,0,3,2589.44466
Erick Sánchez,2026-06-26,Other,Sesión 20 pretemporada  | Sesión 19 pretemporada ,237.183,8770.14,36.976258838112344,331.78000000000003,0,0,1.3988354983282951,0,3,0,26.24445,82.00365579302587,32.004,954.0877499999999,4.022580665562034,1085.62999,39,11,50,96,39,89,11,15,4.19666,-2.31307,0,605.8848,0,3,2862.26325
Franco Rossano,2026-06-26,Other,Sesión 20 pretemporada  | Sesión 19 pretemporada ,237.183,9119.94,38.45106942740416,435.32,0,0,1.8353760598356543,0,7,0,29.63897,87.5856087470449,33.84,879.68978,3.7089073837501005,1146.82,38,20,58,113,38,78,20,20,4.78498,-1.91507,0,737.3065,0,3,2639.06934
Henry Martín,2026-06-26,Other,Sesión 20 pretemporada  | Sesión 19 pretemporada ,237.183,8209.369999999999,34.61196628763444,231.68000000000004,0,0,0.9767985057951035,0,2,0,26.88204,79.7781339031339,33.696,837.61394,3.53150917224253,1027.1,38,22,60,107,38,86,22,30,4.58185,-2.01177,0,760.7184000000001,0,3,2512.8418199999996
Isaías Violante,2026-06-26,Other,Sesión 20 pretemporada  | Sesión 19 pretemporada ,237.183,10736.91,45.26846359140411,450.29999999999995,0,0,1.8985340433336284,4.79,12,1,30.38185,86.82513145861913,34.992,983.58407,4.146941686377185,1278.70999,52,20,72,128,52,96,20,25,4.67681,-2.52243,0,850.9494,0,3,2950.75221
José Raúl Zúñiga,2026-06-26,Other,Sesión 20 pretemporada  | Sesión 19 pretemporada ,237.183,8722.759999999998,36.776497472415805,267.22999999999996,0,0,1.126682772374074,0,5,0,27.01013,77.34859679266896,34.92,730.25287,3.0788583920432746,1014.45999,35,13,48,88,35,86,13,25,4.71726,-1.75943,0,804.5848000000001,0,3,2190.75861
Kevin Álvarez,2026-06-26,Other,Sesión 20 pretemporada  | Sesión 19 pretemporada ,237.183,9114.31,38.42733248167027,379.81,0,0,1.601337363976339,0,11,0,28.89249,82.56884430727024,34.992,796.78619,3.359373100095707,1207.65998,44,20,64,122,44,105,20,29,4.51919,-2.13,0,758.65843,0,3,2390.3585700000003
Miguel Vázquez,2026-06-26,Other,Sesión 20 pretemporada  | Sesión 19 pretemporada ,237.183,8177.51,34.47763962847253,137.61,0,0,0.5801849205044207,0,1,0,25.95667,76.37909016007532,33.984,872.71034,3.679480991470721,912.1099899999999,38,26,64,98,38,92,26,38,4.21691,-1.96182,0,758.8352000000001,0,3,2618.13102
Pato Salas,2026-06-26,Other,Sesión 20 pretemporada  | Sesión 19 pretemporada ,237.183,8373.900000000001,35.305650067669276,224.27000000000004,0,0,0.9455568063478413,0,1,0,25.95829,74.18349908550526,34.992,783.83015,3.30474844318522,1078.56001,53,38,91,109,53,110,38,28,4.46884,-1.63427,0,787.5296,0,3,2351.4904500000002
Ramón Juárez,2026-06-26,Other,Sesión 20 pretemporada  | Sesión 19 pretemporada ,237.183,7850.22,33.097734660578546,85.1,0,0,0.3587946859597863,0,0,0,23.27677,70.51002665697321,33.012,784.45213,3.307370806508055,819.97,28,21,49,110,28,86,21,21,4.2776,-1.06657,0,683.3115,0,3,2353.35639
Raphael Veiga,2026-06-26,Other,Sesión 20 pretemporada  | Sesión 19 pretemporada ,237.183,8220.539999999999,34.65906072526277,231.05999999999997,0,0,0.9741844904567358,0,3,0,27.36085,85.49196975378078,32.004,738.21511,3.1124284202493433,935.33,31,11,42,85,31,68,11,21,4.44805,-1.26914,0,654.0345,0,3,2214.64533
Thiago Espinosa,2026-06-26,Other,Sesión 19 pretemporada ,125.88416666666667,3060.18,24.309490867927522,175.09,0,0,1.3908818291948286,0,5,0,27.47299,76.31386111111111,36,374.32809,2.9735915160100883,435.74001000000004,24,8,32,40,24,24,8,22,4.38131,-1.95372,0,244.7158,0,3,1122.98427
Alan Cervantes,2026-06-27,Game,Sesión 21 amistoso ,92.96499999999999,10564,113.63416339482602,232.70000000000002,0,0,2.5030925617167754,0,3,0,26.97144,83.33778272154247,32.364,1038.10101,11.166578927553383,1268.59002,9,10,19,72,9,51,10,15,4.32614,-4.824,0,838.8408,0,3,3114.30303
Alexis Gutiérrez,2026-06-27,Game,Sesión 21 amistoso ,92.96499999999999,9389.990000000002,101.00564728661327,508.88999999999993,26.910000000000004,2,5.473995589738073,9.969999999999999,8,1,30.19985,93.20941358024693,32.4,992.7741699999999,10.67901005754854,1836.95001,25,32,57,133,25,111,32,19,3.97611,-4.17912,0,784.8273999999999,0,3,2978.32251
Cristian Borja,2026-06-27,Game,Sesión 21 amistoso ,92.96499999999999,8470.7,91.11708707578123,626.5400000000001,8.58,1,6.73952562792449,22.259999999999998,15,2,30.91465,90.9682497645951,33.984,899.93463,9.68035959769806,1309.5700000000002,27,20,47,76,27,75,20,20,4.0919,-4.95388,0,798.7096000000001,0,3,2699.80389
Dago Espinoza,2026-06-27,Game,Sesión 21 amistoso ,135.02183333333332,11070.29,81.98888821684396,865.48,28.79,3,6.409926295870669,64.57000000000001,21,4,34.29679,96.42597278452543,35.568,891.06716,6.599430166232375,1669.22,32,23,55,99,32,74,23,12,4.51253,-3.97387,0,1023.0488,0,3,2673.2014799999997
Emilio Lara,2026-06-27,Game,Sesión 21 amistoso ,135.02183333333332,11437.95,84.7118552431644,561.1800000000001,0,0,4.15621671063075,35.72,12,1,30.89641,85.82336111111111,36,1026.42478,7.601917072670965,1445.64997,26,29,55,122,26,93,29,30,4.02164,-3.98067,0,922.3998,0,3,3079.27434
Erick Sánchez,2026-06-27,Game,Sesión 21 amistoso ,92.96499999999999,9261.099999999999,99.61921153122142,454.99,0,0,4.894207497445276,0,8,0,27.78112,86.80514935633047,32.004,911.78638,9.807845748399936,1459.15002,25,39,64,98,25,103,39,16,3.89903,-5.45512,0,656.58,0,3,2735.35914
Henry Martín,2026-06-27,Game,Sesión 21 amistoso ,92.96499999999999,7897.9,84.95562846232454,364.76,0,0,3.9236271715161624,0,6,0,27.17256,80.6403133903134,33.696,719.60437,7.74059452482117,1247.73001,21,34,55,97,21,89,34,16,4.71996,-4.20412,0,749.7312,0,3,2158.81311
Isaías Violante,2026-06-27,Game,Sesión 21 amistoso ,92.96499999999999,8693.45,93.51315011025656,595.5999999999999,0,0,6.406712203517452,4.08,10,0,29.99264,85.71284865112027,34.992,705.8837599999999,7.5930055397192495,1447.40998,27,16,43,94,27,81,16,10,4.46449,-4.76258,0,704.08497,0,3,2117.65128
José Raúl Zúñiga,2026-06-27,Game,Sesión 21 amistoso ,90.5025,7620.969999999999,84.2072870915168,421.41,10.51,1,4.6563354603464,17.509999999999998,12,1,32.52348,93.13711340206184,34.92,584.2881199999999,6.456043976685726,1060.80997,20,10,30,69,20,52,10,14,4.35688,-3.46881,0,696.2592,0,3,1752.8643599999998
Kevin Álvarez,2026-06-27,Game,Sesión 21 amistoso ,92.96499999999999,8937.02,96.13316839670846,820.07,19.12,1,8.821276824611415,51.92,23,4,32.03853,91.55958504801099,34.992,697.11337,7.498664766309902,1829.59002,42,36,78,106,42,103,36,14,4.41862,-4.9661,0,767.5852600000001,0,3,2091.34011
Miguel Vázquez,2026-06-27,Game,Sesión 21 amistoso ,92.96499999999999,8896.81,95.70064002581617,381.72,0,0,4.10606142096488,0,6,0,28.75241,84.60572622410545,33.984,806.22091,8.67230581401603,1267.27997,25,33,58,82,25,100,33,21,4.20668,-5.08979,0,835.1888000000001,0,3,2418.66273
Pato Salas,2026-06-27,Game,Sesión 21 amistoso ,135.02183333333332,8081.759999999999,59.855208602065595,254.46999999999997,0,0,1.88465816022347,0,1,0,26.81674,76.63677411979882,34.992,760.56808,5.632926625446996,1158.87,26,28,54,106,26,98,28,38,4.36804,-3.75893,0,763.8088,0,3,2281.70424
Ramón Juárez,2026-06-27,Game,Sesión 21 amistoso ,92.96499999999999,7718.290000000001,83.02361103641157,303.74,0,0,3.2672511160114026,0,7,0,28.93019,87.635375015146,33.012,667.0199,7.174957241972787,1068.40998,15,14,29,82,15,70,14,11,3.91521,-3.28479,0,670.7062500000001,0,3,2001.0597
Raphael Veiga,2026-06-27,Game,Sesión 21 amistoso ,92.96499999999999,9516.349999999999,102.36486849889744,433.87,38,3,4.667025224546873,26.87,9,1,30.58076,95.55293088363955,32.004,824.8252600000001,8.87242790297424,1387.40003,20,27,47,97,20,91,27,17,3.86013,-4.13401,0,778.9558,0,3,2474.47578
Alan Cervantes,2026-06-28,Other,Sesión 24 Pretemporada | Sesión 23 Pretemporada | Sesion 22 Pretemporada,278.45,15136.74,54.36071107918836,290.25,0,0,1.0423774465792781,0,4,0,27.91498,86.2531825485107,32.364,1657.92828,5.954132806608009,2328.35001,32,62,94,222,32,180,62,157,4.08031,-1.30718,0,1239.6293,0,3,4973.78484
Alexis Gutiérrez,2026-06-28,Other,Sesión 24 Pretemporada | Sesión 23 Pretemporada | Sesion 22 Pretemporada,278.45,16233.899999999998,58.30095169689351,264.75,0,0,0.9507990662596517,0,4,0,26.04827,80.3958950617284,32.4,2013.26538,7.230258143293231,3086.46996,102,94,196,370,102,289,94,66,4.32018,-2.16682,0,1395.4395,0,3,6039.79614
Cristian Borja,2026-06-28,Other,Sesión 24 Pretemporada | Sesión 23 Pretemporada | Sesion 22 Pretemporada,278.45,13490.93,48.45009876099839,213.87,0,0,0.7680732627042558,0,2,0,26.16713,76.9983815913371,33.984,1748.62919,6.279867803914527,1772.2300200000002,54,35,89,202,54,175,35,36,4.47016,-1.55112,0,1271.2608,0,3,5245.887570000001
Dago Espinoza,2026-06-28,Other,Sesión 24 Pretemporada | Sesión 23 Pretemporada,182.38333333333333,12326.560000000001,67.58600018276525,426.76000000000005,0,0,2.339906789728594,2.2300000000000004,10,0,30.24115,85.0234761583446,35.568,1207.72059,6.621880233939504,2280.72002,79,56,135,220,79,174,56,32,4.63916,-1.68587,0,1199.392,0,3,3623.1617699999997
Emilio Lara,2026-06-28,Other,Sesión 24 Pretemporada | Sesion 22 Pretemporada,190.78333333333333,9135.74,47.885419760635976,126.37,0,0,0.6623744212457413,0,1,0,27.10994,75.30538888888888,36,1063.48903,5.574328802306281,1248.97003,35,52,87,162,35,123,52,327,3.91658,-1.84711,0,768.6721,0,3,3190.46709
Erick Sánchez,2026-06-28,Other,Sesión 24 Pretemporada | Sesión 23 Pretemporada | Sesion 22 Pretemporada,278.45,13636.330000000002,48.97227509427187,362.89,0,0,1.3032501346740888,0,7,0,28.21624,88.1647294088239,32.004,1607.11386,5.771642521098941,2200.42997,66,69,135,254,66,224,69,49,4.29885,-1.54091,0,982.3122000000001,0,3,4821.34158
Franco Rossano,2026-06-28,Other,Sesión 24 Pretemporada | Sesión 23 Pretemporada | Sesion 22 Pretemporada,278.45,14757.36,52.998240258574256,414.1,0,0,1.4871610702100917,0,8,0,26.08549,77.08478132387707,33.84,1626.79008,5.842305907703358,2533.60008,87,97,184,272,87,245,97,70,4.41645,-1.58803,0,1267.2492,0,3,4880.37024
Henry Martín,2026-06-28,Other,Sesión 24 Pretemporada | Sesión 23 Pretemporada | Sesion 22 Pretemporada,278.45,13381.22,48.05609624708206,168.13,0,0,0.6038067875740708,0,1,0,25.63968,76.0911680911681,33.696,1440.7808,5.174289100377088,1901.09996,61,67,128,254,61,194,67,112,4.5806,-1.5989,0,1282.2728,0,3,4322.3423999999995
Isaías Violante,2026-06-28,Other,Sesión 24 Pretemporada | Sesión 23 Pretemporada | Sesion 22 Pretemporada,278.45,15101.97,54.23584126414078,372.13,0,0,1.3364338301310827,0,6,0,26.33373,75.25643004115227,34.992,1480.68447,5.317595510863709,2016.47996,61,67,128,229,61,182,67,90,4.26246,-1.23407,0,1229.0142,0,3,4442.0534099999995
José Raúl Zúñiga,2026-06-28,Other,Sesión 24 Pretemporada | Sesión 23 Pretemporada | Sesion 22 Pretemporada,278.45,14554.03,52.268019393068776,210.17,0,0,0.7547854192853295,0,0,0,25.12831,71.95965063001145,34.92,1430.59001,5.137690824205423,2250.37004,78,63,141,269,78,235,63,84,4.21585,-1.54533,0,1403.2224,0,3,4291.77003
Kevin Álvarez,2026-06-28,Other,Sesión 24 Pretemporada | Sesión 23 Pretemporada | Sesion 22 Pretemporada,278.45,15414.18,55.3570838570659,380.03999999999996,0,0,1.3648410845753276,2.26,5,0,30.07799,85.95676154549612,34.992,1512.00804,5.430088130723648,2822.51999,107,110,217,305,107,263,110,113,4.75902,-1.73813,0,1359.42919,0,3,4536.02412
Miguel Vázquez,2026-06-28,Other,Sesión 24 Pretemporada | Sesión 23 Pretemporada | Sesion 22 Pretemporada,278.45,14041.980000000001,50.42908960316036,318.29999999999995,0,0,1.143113664930867,0,3,0,26.28769,77.35313677024482,33.984,1575.53616,5.658237241874664,2106.25996,54,72,126,209,54,219,72,190,4.31611,-2.01724,0,1351.584,0,3,4726.608480000001
Pato Salas,2026-06-28,Other,Sesión 24 Pretemporada | Sesión 23 Pretemporada | Sesion 22 Pretemporada,278.45,14748.81,52.967534566349435,258.76,0,0,0.9292871251571198,0,1,0,25.26913,72.21402034750801,34.992,1603.71171,5.759424349075238,2382.3500400000003,73,83,156,264,73,250,83,204,4.0114,-1.58858,0,1432.3272,0,3,4811.135130000001
Ramón Juárez,2026-06-28,Other,Sesión 24 Pretemporada | Sesión 23 Pretemporada | Sesion 22 Pretemporada,278.45,13860.97,49.77902675525229,321.83,0,0,1.1557909858143294,0,2,0,27.92416,84.58790742760208,33.012,1534.61546,5.511278362363082,2308.75995,73,67,140,260,73,219,67,285,4.58365,-1.75198,0,1247.21925,0,3,4603.84638
Raphael Veiga,2026-06-28,Other,Sesión 24 Pretemporada | Sesión 23 Pretemporada | Sesion 22 Pretemporada,278.45,14725.68,52.88446758843599,156.04000000000002,0,0,0.5603878613754715,0,2,0,27.25827,85.17144731908512,32.004,1565.07067,5.62065243311187,1926.41998,56,61,117,234,56,227,61,111,4.07903,-1.52172,0,1227.3751,0,3,4695.21201
Alan Cervantes,2026-06-29,Other,Sesión 25 Pretemporada,89.45,9230.72,103.19418669647847,246.69,0,0,2.757853549468977,0,3,0,28.1236,86.89778766530713,32.364,921.86371,10.305910676355506,1158.47003,8,10,18,75,8,49,10,11,4.10311,-2.0551,0,736.5953000000001,0,3,2765.59113
Alexis Gutiérrez,2026-06-29,Other,Sesión 25 Pretemporada,89.45,8979.17,100.38200111794298,457.19,0,0,5.111123532699832,0,6,0,26.91157,83.0604012345679,32.4,1067.82102,11.937630184460593,1733.09002,30,30,60,116,30,98,30,16,4.37763,-3.47698,0,745.1486,0,3,3203.46306
Cristian Borja,2026-06-29,Other,Sesión 25 Pretemporada,89.45,7451.75,83.30631637786473,501.08,8.44,1,5.601788708775852,13.43,13,1,31.36284,92.28707627118644,33.984,865.9964,9.681346003353829,1135.1399999999999,11,15,26,69,11,64,15,9,4.41787,-2.57609,0,691.1544,0,3,2597.9892
Dago Espinoza,2026-06-29,Other,Sesión 25 Pretemporada,89.45,8697.93,97.23789826718837,619.0799999999999,6.8999999999999995,1,6.9209614309670195,26.25,14,2,32.5241,91.44202654071076,35.568,785.44357,8.780811291224147,1397.44999,27,15,42,95,27,68,15,6,4.39544,-2.14203,0,814.328,0,3,2356.33071
Emilio Lara,2026-06-29,Other,Sesión 25 Pretemporada,89.45,8386.75,93.75908328675237,616.9800000000001,0,0,6.897484628283959,56.62,15,2,31.8516,88.47666666666667,36,770.3845,8.612459474566798,1352.66001,22,28,50,81,22,71,28,24,4.0927,-3.35756,0,688.1658,0,3,2311.1535
Erick Sánchez,2026-06-29,Other,Sesión 25 Pretemporada,89.45,8178.54,91.43141419787591,424.79,0,0,4.748910005589715,0,6,0,27.95949,87.3624859392576,32.004,926.38633,10.356470989379542,1312.54,16,18,34,79,16,81,18,12,4.06346,-4.00854,0,572.8128,0,3,2779.15899
Franco Rossano,2026-06-29,Other,Sesión 25 Pretemporada,89.45,4493.389999999999,50.233538289547226,190.67999999999998,0,0,2.131693683622135,9.979999999999999,4,1,30.20726,89.26495271867611,33.84,469.54418999999996,5.249236333147008,593.03999,13,20,33,51,13,44,20,9,4.21237,0,0,367.9144,0,3,1408.6325699999998
Henry Martín,2026-06-29,Other,Sesión 25 Pretemporada,89.45,6122.920000000001,68.45075461151482,221.45999999999998,0,0,2.4757965343767463,0,3,0,27.83365,82.60223765432099,33.696,610.79884,6.828382783678033,951.67002,18,20,38,77,18,71,20,14,4.06664,-2.98604,0,579.396,0,3,1832.3965200000002
Isaías Violante,2026-06-29,Other,Sesión 25 Pretemporada,89.45,8483.41,94.83968697596423,507.09000000000003,5.92,0,5.6689770821688095,41,13,3,31.64946,90.4477023319616,34.992,739.26504,8.264561654555617,1135.34997,21,17,38,69,21,57,17,11,3.82277,-2.34778,0,674.14242,0,3,2217.7951199999998
José Raúl Zúñiga,2026-06-29,Other,Sesión 25 Pretemporada,89.45,6578.5999999999995,73.54499720514254,335.5,6.8500000000000005,0,3.7506987143655675,15.93,9,1,31.43712,90.02611683848797,34.92,512.94678,5.73445254332029,891.0699999999999,24,13,37,56,24,46,13,6,4.61106,-2.43599,0,610.0392,0,3,1538.84034
Kevin Álvarez,2026-06-29,Other,Sesión 25 Pretemporada,89.45,7871.570000000001,87.99966461710453,355.59000000000003,0,0,3.9752934600335386,0,4,0,28.60437,81.7454561042524,34.992,646.6133,7.228768026830632,1199.50999,16,31,47,77,16,86,31,19,4.08383,-4.20531,0,660.11114,0,3,1939.8399
Miguel Vázquez,2026-06-29,Other,Sesión 25 Pretemporada,89.45,7573.82,84.67098937954164,216.84,0,0,2.424147568474008,0,3,0,27.99866,82.38777071563088,33.984,743.91733,8.316571604248184,903.22998,9,18,27,50,9,57,18,19,3.8918,-2.7641,0,694.2008000000001,0,3,2231.7519899999998
Pato Salas,2026-06-29,Other,Sesión 25 Pretemporada,89.45,8068.339999999999,90.19944102850754,97.41999999999999,0,0,1.089100055897149,0,2,0,26.37926,75.3865454961134,34.992,719.70307,8.045869983230855,958.41001000000006,5,14,19,60,5,69,14,10,3.14991,-3.10475,0,737.124,0,3,2159.10921
Ramón Juárez,2026-06-29,Other,Sesión 25 Pretemporada,89.45,6995.38,78.20435997764113,225.43,0,0,2.520178870877585,0,2,0,26.778,81.11595783351508,33.012,667.06282,7.457382001117943,788.37,13,11,24,50,13,46,11,10,4.27284,-2.00256,0,598.455,0,3,2001.1884599999998
Raphael Veiga,2026-06-29,Other,Sesión 25 Pretemporada,89.45,7339.15,82.04751257685858,240.05,0,0,2.683622135271101,0,6,0,27.84367,87.00059367579053,32.004,639.37168,7.147810844046953,843.13,9,8,17,63,9,53,8,12,3.61773,-2.40024,0,585.4548,0,3,1918.11504
Alan Cervantes,2026-07-02,Other,Sesión 26,100.5555,5942.11,59.092839277811755,440.92,0,0,4.384842201570278,0,6,0,27.65706,85.456247682610325,32.364,537.57341,5.346036865213738,1292.0200300000001,42,32,74,108,42,59,32,2,4.4723,-4.0795,0,506.6348,0,3,1612.72023
Alexis Gutiérrez,2026-07-02,Other,Sesión 26,100.5555,5445.15,54.150692900935304,606.3799999999999,4.75,1,6.030301674199819,0,10,0,29.31562,90.4803086419753,32.4,593.39535,5.901172486835629,1475.95997,68,52,120,147,68,102,52,13,4.39452,-4.8213,0,500.25849999999997,0,3,1780.18605
Cristian Borja,2026-07-02,Other,Sesión 26,100.5555,5568.51,55.37747810910393,410.48,0,0,4.082123802278344,0,8,0,29.18299,85.87273422787194,33.984,610.37476,6.070028591176018,1170.95998,42,40,82,94,42,85,40,5,4.29582,-4.74021,0,552.744,0,3,1831.12428
Dago Espinoza,2026-07-02,Other,Sesión 26,100.5555,5271.27,52.42149857541359,414.68,0,0,4.12389178115568,0,9,0,29.86277,83.95965474583896,35.568,468.81061,4.662207537131236,1112.89,63,42,105,104,63,83,42,10,4.79728,-4.63729,0,536.8488,0,3,1406.43183
Emilio Lara,2026-07-02,Other,Sesión 26,100.5555,5103.34,50.75147555330142,441.99,0,0,4.395483091427122,0,10,0,28.83014,80.08372222222222,36,470.05706999999995,4.674603278786342,1101.62004,57,40,97,108,57,68,40,8,4.44535,-3.45739,0,451.2249,0,3,1410.17121
Erick Sánchez,2026-07-02,Other,Sesión 26,100.5555,5283.15,52.539642287095184,419.15000000000003,13.899999999999999,2,4.168344844389417,0,8,0,29.44475,92.0033433320835,32.004,541.14291,5.381534674881037,1168.92002,57,39,96,109,57,82,39,9,4.151,-4.877,0,398.9658,0,3,1623.42873
Franco Rossano,2026-07-02,Other,Sesión 26,100.5555,4966.820000000001,49.39381734465047,476.66999999999996,0,0,4.740367259871414,0,10,0,29.43758,86.99048463356974,33.84,452.46999,4.499704044035384,1083.95998,65,45,110,99,65,76,45,10,4.80533,-5.08537,0,446.16110000000003,0,3,1357.40997
Henry Martín,2026-07-02,Other,Sesión 26,100.5555,5183.21,51.545763284952095,490.82,0,0,4.881085569660536,0,8,0,26.5125,78.68144586894587,33.696,503.19552999999996,5.004157206716688,1159.91002,70,45,115,106,70,77,45,26,4.50137,-4.21137,0,530.8432,0,3,1509.58659
Isaías Violante,2026-07-02,Other,Sesión 26,100.5555,6093.080000000001,60.5941992233145,652.07,3.47,0,6.484677615843988,18.57,11,1,31.34656,89.58207590306357,34.992,549.28299,5.462485791428615,1383.82997,68,51,119,119,68,85,51,9,4.82924,-5.13597,0,536.10033,0,3,1647.84897
José Raúl Zúñiga,2026-07-02,Other,Sesión 26,100.5555,5376.55,53.46848257927215,338.61,0,0,3.367394125632114,0,6,0,27.82761,79.68960481099656,34.92,427.56668,4.252046680688775,1132.8400199999999,54,36,90,103,54,77,36,5,4.44258,-3.72542,0,535.52,0,3,1282.7000400000002
Kevin Álvarez,2026-07-02,Other,Sesión 26,100.5555,5415.57,53.85652699255635,590.09,0,0,5.868301584697009,0,12,0,28.67984,81.96113397347965,34.992,422.33391,4.200008055253069,1312.50002,66,50,116,119,66,89,50,13,4.9453,-5.29816,0,505.13092,0,3,1267.00173
Miguel Vázquez,2026-07-02,Other,Sesión 26,100.5555,4968.68,49.41231459243901,355.56,0,0,3.535957754672793,0,4,0,27.82988,81.8911252354049,33.984,473.54086,4.709248723341837,1088.32998,49,41,90,101,49,73,41,20,4.1293,-4.55148,0,499.23119999999994,0,3,1420.62258
Pato Salas,2026-07-02,Other,Sesión 26,100.5555,4900.78,48.73706560058873,357.56,0,0,3.5558472684239053,0,9,0,27.81744,79.4965706447188,34.992,407.19493,4.049454579809161,993.42,52,40,92,102,52,72,40,14,4.62367,-3.88924,0,495.9672,0,3,1221.5847899999999
Ramón Juárez,2026-07-02,Other,Sesión 26,100.5555,5039.1,50.11262437161568,342.03,0,0,3.401405194146516,0,6,0,28.44364,86.16151702411243,33.012,456.16675999999995,4.536467522910233,1065.58,47,37,84,102,47,77,37,22,4.24179,-4.34706,0,468.09675,0,3,1368.5002799999997
Raphael Veiga,2026-07-02,Other,Sesión 26,100.5555,4945.52,49.18199402320113,373.74999999999994,0,0,3.716852882239161,0,3,0,28.16205,87.995406824147,32.004,470.25151,4.676536937313225,1066.14002,55,41,96,106,55,75,41,7,4.47371,-4.39533,0,439.6483,0,3,1410.75453
Thiago Espinosa,2026-07-02,Other,Sesión 26,100.5555,4659.61,46.33868858491082,306.80999999999995,0,0,3.0511508569894232,0,4,0,28.99005,80.52791666666667,36,509.40211,5.065880135845379,777.6300200000001,53,35,88,79,53,52,35,16,4.58174,-3.35497,0,395.3635,0,3,1528.20633
Víctor Dávila,2026-07-02,Other,Sesión 26,38.7,1999.1200000000001,51.65684754521964,0,0,0,0,0,0,0,18.05253,53.12067443502825,33.984,196.19833,5.069724289405684,157.97,9,8,17,30,9,23,8,2,3.51535,-3.97009,0,163.2323,0,3,588.59499
Alan Cervantes,2026-07-03,Other,Sesión 27,102.05749999999999,4135.51,40.521372755554474,136.37,0,0,1.3362075300688339,0,0,0,24.65857,76.19135459152146,32.364,383.3416,3.7561335521642216,600.41001000000006,20,11,31,56,20,38,11,15,4.39177,-2.32006,0,333.7376,0,3,1150.0248000000001
Alexis Gutiérrez,2026-07-03,Other,Sesión 27,102.05749999999999,4252.18,41.664551845773225,194.92000000000002,17.61,2,1.9099037307400244,0,2,0,29.77193,91.88867283950619,32.4,440.89945,4.32010827229748,766.7199899999999,31,16,47,81,31,54,16,11,4.34018,-1.91428,0,361.16429999999997,0,3,1322.6983500000001
Cristian Borja,2026-07-03,Other,Sesión 27,102.05749999999999,4147.929999999999,40.643068858241676,136.95000000000002,0,0,1.3418906008867553,0,1,0,27.33746,80.44214924670433,33.984,460.78914,4.514995370256963,540.51001,23,15,38,59,23,48,15,6,4.02113,-2.04069,0,387.628,0,3,1382.36742
Dago Espinoza,2026-07-03,Other,Sesión 27,102.05749999999999,4106.08,40.233005903534774,117.12,0,0,1.1475883693016193,0,2,0,28.06823,78.91427687809266,35.568,346.75153,3.3976094848492275,554.32998,29,16,45,66,29,46,16,25,4.60423,-2.08664,0,387.6184,0,3,1040.25459
Emilio Lara,2026-07-03,Other,Sesión 27,102.05749999999999,4162.54,40.78622345246553,271.81,0,0,2.66330255003307,27.67,5,1,30.58607,84.96130555555555,36,407.08026,3.9887343899272474,669.50001,32,21,53,69,32,48,21,27,4.44594,-2.52343,0,349.1341,0,3,1221.24078
Erick Sánchez,2026-07-03,Other,Sesión 27,102.05749999999999,4588.99,44.96475026333195,165.58999999999997,12.86,1,1.6225167185165223,1.6199999999999999,3,0,29.90117,93.42947756530434,32.004,462.28273,4.529630159468927,732.99001,25,21,46,67,25,60,21,24,4.02385,-2.61352,0,327.8562,0,3,1386.8481900000002
Franco Rossano,2026-07-03,Other,Sesión 27,102.05749999999999,3947.7200000000003,38.68133160228303,143.85,0,0,1.4094995468240943,0,2,0,28.19636,83.32257683215128,33.84,366.13116,3.5874988119442475,541.8699899999999,24,11,35,60,24,44,11,12,4.12529,-2.30968,0,323.1095,0,3,1098.3934800000002
Henry Martín,2026-07-03,Other,Sesión 27,102.05749999999999,3809.37,37.325723244249566,196.08,0,0,1.9212698723758668,0,3,0,28.08564,83.35007122507123,33.696,384.40438,3.766547093550205,638.89,28,15,43,65,28,47,15,24,4.36632,-2.19312,0,363.7,0,3,1153.21314
Isaías Violante,2026-07-03,Other,Sesión 27,102.05749999999999,4932.66,48.33216569090954,208.72000000000003,0,0,2.045121622614703,5.68,3,1,30.50535,87.17806927297669,34.992,446.56604,4.375631776204591,675.72001,32,19,51,63,32,53,19,16,4.41165,-2.0051,0,398.95109999999994,0,3,1339.69812
José Raúl Zúñiga,2026-07-03,Other,Sesión 27,102.05749999999999,3665.45,35.915537809568136,105.16,0,0,1.030399529676898,0,1,0,28.85544,82.63298969072164,34.92,315.46906,3.0910913945569902,447.31001000000003,24,14,38,57,24,41,14,6,4.55808,-2.53759,0,342.4936,0,3,946.40718
Kevin Álvarez,2026-07-03,Other,Sesión 27,102.05749999999999,3858.45,37.806628616221246,129.98999999999998,0,0,1.2736937510716997,0,0,0,24.49386,69.99845679012347,34.992,304.5127,2.9837366190627836,556.12,26,20,46,66,26,48,20,16,4.50547,-2.08193,0,329.08997,0,3,913.5381
Miguel Vázquez,2026-07-03,Other,Sesión 27,102.05749999999999,3488.3300000000004,34.18004556255053,23.88,0,0,0.2339857433309654,0,0,0,21.75246,64.00794491525423,33.984,352.92939,3.4581426156823363,415.94,17,11,28,52,17,44,11,27,4.23954,-2.30409,0,326.19280000000003,0,3,1058.78817
Pato Salas,2026-07-03,Other,Sesión 27,102.05749999999999,3325.35,32.58310266271465,100.13,0,0,0.9811135879283738,0,2,0,27.56118,78.76423182441702,34.992,289.84354,2.8400023516155115,443.60999,19,15,34,59,19,49,15,16,4.29519,-3.20214,0,314.32959999999997,0,3,869.53062
Ramón Juárez,2026-07-03,Other,Sesión 27,102.05749999999999,3556.56,34.84859025549323,21.22,0,0,0.20792200475222303,0,0,0,23.49853,71.18178238216406,33.012,324.78903,3.182412169610269,364.2,21,11,32,47,21,39,11,23,3.9182,-1.9735,0,302.87325,0,3,974.3670900000001
Raphael Veiga,2026-07-03,Other,Sesión 27,102.05749999999999,4304.71,42.179261690713574,136.7,0,0,1.3394410013962716,0,1,0,27.54377,86.0635233095863,32.004,370.49528,3.630260196457879,548.1199799999999,24,15,39,57,24,42,15,18,4.17587,-2.14113,0,350.04970000000003,0,3,1111.4858399999998
Thiago Espinosa,2026-07-03,Other,Sesión 27,102.05749999999999,3425.9699999999993,33.569017465644365,46,0,0,0.45072630624892834,0,0,0,23.76994,66.0276111111111,36,382.52884,3.748169806236681,269.99,14,12,26,41,14,28,12,35,4.44537,-2.16748,0,268.7111,0,3,1147.58652
Víctor Dávila,2026-07-03,Other,Sesión 27,40.15,4105.98,102.26600249066001,568.79,0,0,14.166625155666251,0,0,0,24.74006,72.79914077212806,33.984,342.28046,8.525042590286427,510.89999,0,0,0,8,0,0,0,0,2.73516,-1.93148,0,300.9818,0,3,1026.84138
Alan Cervantes,2026-07-04,Game,Amistoso vs Tampico,94.3995,10800.149999999998,114.40897462380624,227.77000000000004,0,0,2.412830576433138,0,2,0,25.94925,80.1793659621802,32.364,1050.3439899999998,11.126584250975904,1451.52997,14,25,39,81,14,79,25,17,4.13692,-4.45073,0,865.7558,0,3,3151.0319699999995
Alexis Gutiérrez,2026-07-04,Game,Amistoso vs Tampico,94.3995,6766.08,71.67495590548678,263.67,0,0,2.793129200896191,0,1,0,26.69682,82.39759259259259,32.4,772.6411099999999,8.184800872885978,1274.13,8,25,33,82,8,92,25,15,4.16344,-4.85024,0,560.4186,0,3,2317.9233299999996
Cristian Borja,2026-07-04,Game,Amistoso vs Tampico,94.3995,8661.750000000002,91.75631226860314,314.77,0,0,3.334445627360314,0,4,0,28.89668,85.0302495291902,33.984,950.71396,10.071175800719283,1197.42004,23,27,50,87,23,83,27,12,4.15887,-4.90985,0,809.8696,0,3,2852.14188
Dago Espinoza,2026-07-04,Game,Amistoso vs Tampico,60.18500000000001,4184.29,69.52380161169725,211.54,0,0,3.514829276397773,0,4,0,26.87032,75.5463337831759,35.568,361.58097,6.007825371770373,661.87999,21,13,34,59,21,48,13,8,5.10719,-3.11132,0,396.44,0,3,1084.74291
Emilio Lara,2026-07-04,Game,Amistoso vs Tampico,60.18500000000001,3438.4700000000003,57.13167732823793,712.37,0,0,11.836337957962947,0,0,0,24.56296,68.23044444444444,36,355.14161,5.900832599484921,1179.78,45,39,84,68,45,62,39,14,4.89137,-4.06575,0,309.6366,0,3,1065.42483
Erick Sánchez,2026-07-04,Game,Amistoso vs Tampico,94.3995,8486.62,89.90111176436316,354.86,26.43,3,3.7591300801381364,4.77,12,1,30.1627,94.24665666791651,32.004,874.1758399999999,9.260386336792036,1097.6400199999998,11,23,34,62,11,77,23,24,4.29087,-4.60895,0,585.9995999999999,0,3,2622.5275199999996
Franco Rossano,2026-07-04,Game,Amistoso vs Tampico,60.18500000000001,2837.02,47.138323502533844,104.17999999999999,0,0,1.7309960953726007,0,0,0,22.62191,66.8496158392435,33.84,273.33804,4.541630638863503,464.12001,25,11,36,52,25,32,11,5,3.84558,-3.45031,0,235.9756,0,3,820.0141199999999
Henry Martín,2026-07-04,Game,Amistoso vs Tampico,94.3995,4710.620000000001,49.90089989883422,130.05,0,0,1.3776556019894175,0,2,0,27.62873,81.99409425451093,33.696,481.60199,5.101743017706662,510.82001,9,9,18,47,9,44,9,13,3.84558,-4.95532,0,322.74,0,3,1444.80597
Isaías Violante,2026-07-04,Game,Amistoso vs Tampico,94.3995,8847.27,93.72157691513196,438.5399999999999,0,0,4.645575453259815,0,9,0,28.46,81.33287608596251,34.992,747.5897199999999,7.919424573223374,1346.14999,20,22,42,84,20,72,22,10,4.10329,-4.20697,0,707.4776999999999,0,3,2242.76916
José Raúl Zúñiga,2026-07-04,Game,Amistoso vs Tampico,48.225500000000004,2765.01,57.33501985464122,124.46000000000001,0,0,2.5807923194160765,0,3,0,28.42518,81.40085910652921,34.92,249.18753,5.167132118899752,423.82999,18,6,24,38,18,30,6,8,3.92378,-4.26226,0,261.8984,0,3,747.56259
Kevin Álvarez,2026-07-04,Game,Amistoso vs Tampico,94.3995,7543.74,79.91292326760205,641.78,5.0600000000000005,0,6.79855295843728,15.06,18,1,31.46879,89.93138431641519,34.992,631.34887,6.688053114688108,1550.51007,32,41,73,89,32,91,41,18,4.69417,-5.24722,0,652.88618,0,3,1894.04661
Miguel Vázquez,2026-07-04,Game,Amistoso vs Tampico,94.3995,9301.27,98.53092442226918,0,0,0,0,0,0,0,30.85394,85.70538888888889,36,892.79669,9.457642148528329,0,0,0,0,0,0,0,0,0,4.47009,-4.259,0,0,0,3,2678.39007
Pato Salas,2026-07-04,Game,Amistoso vs Tampico,60.18500000000001,4868.29,80.888759657722,158.53,0,0,2.6340450278308545,0,0,0,24.47792,69.95290352080477,34.992,443.73477,7.372846556450942,829.59998,13,17,30,51,13,48,17,13,3.82955,-2.69074,0,454.96399999999994,0,3,1331.20431
Ramón Juárez,2026-07-04,Game,Amistoso vs Tampico,94.3995,9505.46,100.6939655400717,301.55,10.02,1,3.194402512725173,10.02,4,1,30.85394,93.4628014055495,33.012,878.50073,9.306201092166802,1379.32996,19,31,50,103,19,92,31,13,4.48906,-4.259,0,833.70975,0,3,2635.50219
Raphael Veiga,2026-07-04,Game,Amistoso vs Tampico,94.3995,6454.9400000000005,68.37896387163067,221.63,0,0,2.3477878590458636,0,1,0,26.45102,82.6491063617048,32.004,582.8236400000001,6.174011938622557,953.19999,16,22,38,65,16,63,22,13,3.98444,-3.16343,0,526.1949000000001,0,3,1748.4709200000002
Alan Cervantes,2026-07-06,Other,Sesión 28,69.7,2877.3300000000004,41.2816355810617,0,0,0,0,0,0,0,19.03212,58.80645161290323,32.364,318.03535,4.5629175035868,354.45999,11,16,27,63,11,60,16,35,3.49302,-2.83458,0,241.5168,0,3,954.10605
Alexis Gutiérrez,2026-07-06,Other,Sesión 28,69.7,3258.87,46.75566714490674,0.95,0,0,0.013629842180774747,0,0,0,20.99707,64.80577160493827,32.4,460.20588,6.602666857962697,562.02,36,28,64,106,36,78,28,34,3.90562,-3.18606,0,289.3058,0,3,1380.61764
Cristian Borja,2026-07-06,Other,Sesión 28,69.7,2776.67,39.83744619799139,17.52,0,0,0.25136298421807746,0,0,0,23.81896,70.08874764595103,33.984,396.32921,5.686215351506456,245.6,8,3,11,45,8,45,3,14,3.45041,-2.77883,0,258.1856,0,3,1188.98763
Dago Espinoza,2026-07-06,Other,Sesión 28,69.7,3262.51,46.80789096126256,0,0,0,0,0,0,0,20.2555,56.94866171839856,35.568,377.16122,5.411208321377331,557.99,51,34,85,114,51,96,34,30,4.27991,-3.53589,0,342.76480000000004,0,3,1131.48366
Emilio Lara,2026-07-06,Other,Sesión 28,69.7,3533.5099999999998,50.69598278335724,22.950000000000003,0,0,0.32926829268292684,0,0,0,24.0091,66.69194444444445,36,459.23485,6.5887352941176465,631.57999,47,36,83,127,47,107,36,49,4.22953,-4.17897,0,322.15749999999997,0,3,1377.70455
Erick Sánchez,2026-07-06,Other,Sesión 28,69.7,2571.02,36.886944045911044,13.809999999999999,0,0,0.19813486370157818,0,0,0,22.85205,71.40373078365204,32.004,331.95494,4.762624677187948,392.06,22,20,42,66,22,63,20,14,4.07591,-2.80633,0,190.722,0,3,995.86482
Franco Rossano,2026-07-06,Other,Sesión 28,69.7,2765,39.6700143472023,26.07,0,0,0.3740315638450502,0,0,0,24.4573,72.2733451536643,33.84,339.82944999999995,4.875601865136297,433.2,15,27,42,75,15,82,27,36,4.17768,0,0,248.6757,0,3,1019.4883499999999
Henry Martín,2026-07-06,Other,Sesión 28,52.9,2378.48,44.961814744801515,0,0,0,0,0,0,0,20.82891,61.814191595441606,33.696,319.45482,6.038843478260869,366.78001,29,27,56,68,29,66,27,27,3.90287,-3.8237,0,244.3672,0,3,958.36446
Isaías Violante,2026-07-06,Other,Sesión 28,52.9,2561.2999999999997,48.41776937618147,0,0,0,0,0,0,0,19.50083,55.72939529035209,34.992,292.66846999999996,5.532485255198487,344.53,19,10,29,82,19,75,10,22,4.09066,-2.87678,0,221.57625000000002,0,3,878.0054099999999
José Raúl Zúñiga,2026-07-06,Other,Sesión 28,52.9,2350.86,44.43969754253308,0,0,0,0,0,0,0,20.70838,59.30234822451317,34.92,289.35073,5.469768052930057,322.50999,20,15,35,62,20,52,15,21,4.20597,-3.19234,0,233.7904,0,3,868.05219
Kevin Álvarez,2026-07-06,Other,Sesión 28,69.7,2966.36,42.55896700143472,0,0,0,0,0,0,0,20.34281,58.13560242341107,34.992,316.80824,4.545311908177905,444.77000999999996,21,21,42,89,21,72,21,67,3.85945,-3.44306,0,269.59268,0,3,950.42472
Miguel Vázquez,2026-07-06,Other,Sesión 28,69.7,2790.93,40.042037302725966,6.880000000000001,0,0,0.09870875179340029,0,0,0,21.13979,62.205125941619585,33.984,385.37218,5.52901262553802,385.94,16,17,33,65,16,60,17,53,3.92536,-3.08303,0,275.61199999999997,0,3,1156.11654
Pato Salas,2026-07-06,Other,Sesión 28,69.7,2546.35,36.53299856527977,0,0,0,0,0,0,0,19.95648,57.03155006858711,34.992,326.69392999999997,4.687143902439024,404.81,15,19,34,84,15,76,19,38,3.89727,0,0,255.6144,0,3,980.08179
Ramón Juárez,2026-07-06,Other,Sesión 28,69.7,2924.6600000000003,41.96068866571019,11.969999999999999,0,0,0.17173601147776182,0,0,0,23.11616,70.02350660365929,33.012,345.55767,4.957785796269727,472.07,26,24,50,97,26,83,24,48,3.98992,-2.9731,0,273.297,0,3,1036.67301
Raphael Veiga,2026-07-06,Other,Sesión 28,52.9,2345.84,44.34480151228734,5.53,0,0,0.10453686200378072,0,0,0,21.22046,66.30564929383827,32.004,277.13706,5.238885822306239,253.59,15,13,28,48,15,44,13,23,3.86956,-3.21814,0,195.61570000000003,0,3,831.4111800000001
Thiago Espinosa,2026-07-06,Other,Sesión 28,69.7,2867.36,41.13859397417504,1.52,0,0,0.0218077474892396,0,0,0,21.14752,58.74311111111111,36,368.32273,5.284400717360114,444.34000000000003,38,27,65,83,38,80,27,41,4.35677,-3.48271,0,256.7691,0,3,1104.96819
Alan Cervantes,2026-07-07,Other,Sesion 29,112.38333333333334,6609.96,58.816194572148895,0,0,0,0,0,0,0,29.03417,80.65047222222222,36,674.0479799999999,5.997757496663206,0,0,0,0,0,0,0,0,0,4.19117,-3.47487,0,0,0,3,2022.14394
Alejandro Cardenas,2026-07-07,Other,Sesion 29,112.38333333333334,6550.5599999999995,58.287646448168466,252.68,0,0,2.2483760937268276,0,4,0,28.20462,78.34616666666666,36,556.95975,4.955892777695388,1156.36003,42,38,80,122,42,126,38,25,4.33888,-4.11128,0,1625.178,0,3,1670.87925
Alejandro Fernandez,2026-07-07,Other,Sesion 29,112.38333333333334,7451.58,66.3050274358594,231.03,0,0,2.0557318700874982,0,1,0,28.59527,79.43130555555555,36,884.49452,7.870335340352958,1395.8500000000001,45,32,77,147,45,134,32,72,4.48659,-3.42707,0,1823.104,0,3,2653.4835599999997
Alexis Gutiérrez,2026-07-07,Other,Sesion 29,112.38333333333334,6640.95,59.09194720450837,334.82,0,0,2.979267388402788,0,5,0,28.43461,87.76114197530865,32.4,806.36786,7.175155212813287,1465.88004,46,26,72,145,46,118,26,16,4.28824,-3.01502,0,577.4608,0,3,2419.10358
Cristian Borja,2026-07-07,Other,Sesion 29,112.38333333333334,5882.97,52.347352810321816,210.5,0,0,1.8730535370013346,0,6,0,29.46053,86.68941266478342,33.984,699.61224,6.225231262049533,928.94003,26,26,52,95,26,87,26,28,4.3619,-2.24475,0,560.884,0,3,2098.8367200000002
Dago Espinoza,2026-07-07,Other,Sesion 29,112.38333333333334,7073.3099999999995,62.939136882693155,232.32,0,0,2.06721044045677,0,0,0,24.93721,70.11136414754836,35.568,639.65775,5.6917492214148,1141.92001,50,32,82,142,50,102,32,28,4.59245,-4.02125,0,688.444,0,3,1918.97325
Diego Arriaga,2026-07-07,Other,Sesion 29,112.38333333333334,7004.07,62.32303129170992,312.99,0,0,2.7850215037816994,15.02,6,1,30.67104,85.19733333333333,36,665.08218,5.917978763161797,1109.35,30,25,55,100,30,82,25,30,4.07669,-3.10266,0,1660.48,0,3,1995.24654
Emilio Lara,2026-07-07,Other,Sesion 29,112.38333333333334,6179.040000000001,54.981818181818184,138.56,0,0,1.2329230312917099,0,2,0,27.13894,75.38594444444445,36,581.3761,5.173152306095209,840.18997,34,21,55,97,34,67,21,13,4.02625,-3.22452,0,511.0259,0,3,1744.1282999999999
Erick Sánchez,2026-07-07,Other,Sesion 29,112.38333333333334,6322.6,56.25923179593653,155.29000000000002,0,0,1.3817885214296308,0,1,0,25.77215,80.52790276215474,32.004,676.50623,6.019631291709921,983.89002,22,26,48,97,22,99,26,15,4.55742,-3.78965,0,454.674,0,3,2029.5186899999999
Franco Rossano,2026-07-07,Other,Sesion 29,112.38333333333334,6886.38,61.27581195313658,287.72999999999996,0,0,2.560255079341539,0,6,0,29.67884,87.70342789598108,33.84,666.39047,5.929620080083049,1098.49,45,24,69,124,45,97,24,30,4.53657,-3.81264,0,581.6426,0,3,1999.1714100000002
Guillermo Cortes,2026-07-07,Other,Sesion 29,112.38333333333334,5858.7699999999995,52.132018389440894,717.3800000000001,146.17999999999998,6,6.383330861634288,229.11,14,5,41.62648,115.62911111111111,36,528.29197,4.700803529586238,1422.98001,45,62,107,100,45,115,62,27,6.12231,-3.50021,0,1480.312,0,3,1584.87591
Henry Martín,2026-07-07,Other,Sesion 29,112.38333333333334,5622.170000000001,50.026724010084536,95.17,0,0,0.846833753522171,0,1,0,27.69909,82.20290242165244,33.696,560.54006,4.987750793415394,833.92002,21,28,49,111,21,88,28,29,4.10527,-2.55094,0,546.6384,0,3,1681.6201800000001
Icaro Conceicao,2026-07-07,Other,Sesion 29,112.38333333333334,6903.41,61.4273468782441,253.15000000000003,0,0,2.2525582085125317,0,3,0,26.32719,73.13108333333334,36,869.80299,7.739608393889959,1162.0800100000001,30,25,55,115,30,91,25,28,3.98859,-3.97648,0,1656.732,0,3,2609.40897
Isaías Violante,2026-07-07,Other,Sesion 29,112.38333333333334,7415.75,65.98620791932375,355.52,0,0,3.1634584013050566,0,7,0,27.75329,79.3132430269776,34.992,682.36867,6.071795966187156,1029.55,33,16,49,110,33,78,16,20,4.15752,-3.3995,0,601.56339,0,3,2047.10601
José Raúl Zúñiga,2026-07-07,Other,Sesion 29,112.38333333333334,6747.77,60.04244401601661,220.26000000000002,0,0,1.9598991546789264,20.69,5,2,30.73734,88.02216494845361,34.92,619.22077,5.5098985911315435,906.13001,37,20,57,104,37,69,20,19,4.65728,-3.31796,0,640.568,0,3,1857.6623100000002
Kevin Álvarez,2026-07-07,Other,Sesion 29,112.38333333333334,6981.27,62.12015423402047,0,0,0,0,0,0,0,26.79458,74.4293888888889,36,699.5155599999999,6.224370992139996,0,0,0,0,0,0,0,0,0,4.01195,-4.31381,0,0,0,3,2098.54668
Luis Ángel Malagón,2026-07-07,Other,RTP,37.340333333333334,756.4,20.25691611394292,0,0,0,0,0,0,0,15.72703,52.44441109777244,29.988,73.17626,1.9597109470545702,24.51,1,1,2,5,1,5,1,7,3.61843,-3.07893,0,63.75954,0,3,219.52877999999998
Marioni Araujo,2026-07-07,Other,Sesion 29,112.38333333333334,6201.01,55.177309802758415,88.42,0,0,0.7867714667062138,0,1,0,25.78202,71.61672222222222,36,707.42239,6.294726887142221,901.97,22,36,58,107,22,111,36,34,3.83523,-3.48341,0,1508.898,0,3,2122.26717
Miguel Vázquez,2026-07-07,Other,Sesion 29,112.38333333333334,6518.75,58.00459736022542,171.87,0,0,1.5293192940827525,0,3,0,26.69193,78.5426377118644,33.984,692.43371,6.161355865341836,972.58,20,29,49,90,20,86,29,32,3.86911,-2.84828,0,622.4264000000001,0,3,2077.30113
Pato Salas,2026-07-07,Other,Sesion 29,72.15,3422.1499999999996,47.431046431046425,43.03000000000001,0,0,0.5963963963963964,0,0,0,23.2567,66.46290580704161,34.992,337.82899,4.6823144837144834,518.84,16,9,25,62,16,66,9,19,3.94769,-2.95672,0,336.12800000000004,0,3,1013.4869699999999
Ramón Juárez,2026-07-07,Other,Sesion 29,112.38333333333334,7006.26,62.342518166987986,182.53,0,0,1.6241732166691383,0,4,0,27.40305,83.00936023264268,33.012,708.1821,6.301486875278066,1140.66,29,32,61,143,29,115,32,40,4.67771,-2.90657,0,635.82375,0,3,2124.5463
Raphael Veiga,2026-07-07,Other,Sesion 29,112.38333333333334,6399.84,56.94652231944238,149.91000000000003,0,0,1.3339166543081715,0,2,0,27.30133,85.3059930008749,32.004,605.31791,5.386189322260121,757.2,20,23,43,93,20,76,23,22,4.36478,-2.62083,0,531.7900000000001,0,3,1815.95373
Thiago Espinosa,2026-07-07,Other,Sesion 29,72.15,4211.299999999999,58.368676368676354,70.56000000000002,0,0,0.9779625779625781,0,1,0,25.36778,70.46605555555556,36,474.61928,6.578229799029798,587.93001,19,25,44,76,19,71,25,27,4.67091,-4.03921,0,359.2715,0,3,1423.8578400000001
Víctor Dávila,2026-07-07,Other,RTP,41.676,3959.07,94.99640080621941,70.67,0,0,1.6957001631634514,0,0,0,21.83875,64.26185852165725,33.984,349.3541,8.382620692964776,302.62,0,0,0,1,0,0,0,0,2.32284,-1.89608,0,291.40020000000004,0,3,1048.0623
Alan Cervantes,2026-07-08,MD,Sesión 30,82.786,8967.089999999998,108.31650279032685,0,0,0,0,0,0,0,30.0385,83.44027777777777,36,945.37673,11.419524194912183,0,0,0,0,0,0,0,0,0,4.23209,-3.74016,0,0,0,3,2836.13019
Alejandro Cardenas,2026-07-08,MD,Sesión 30,82.786,7273.63,87.86062860870196,190.78,0,0,2.304495929263402,0,3,0,29.68098,82.44716666666667,36,576.2771299999999,6.9610457082115325,1137.07998,28,33,61,100,28,104,33,28,4.02885,-3.56639,0,1745.5079999999998,0,3,1728.8313899999998
Alexis Gutiérrez,2026-07-08,MD,Sesión 30,82.786,8944.06,108.03831565723672,519.2,0,0,6.271591815041191,0,9,0,28.31543,87.3933024691358,32.4,1000.34375,12.083489358104027,1821.31,24,33,57,112,24,105,33,9,4.23609,-4.10146,0,750.8389,0,3,3001.03125
Cristian Borja,2026-07-08,MD,Sesión 30,82.786,7011.17,84.69028579711545,522.86,17.41,1,6.31580218877588,31.39,16,2,32.35937,95.2194267890772,33.984,747.40409,9.028145942550672,1069.29,18,17,35,64,18,60,17,9,4.87381,-2.54924,0,655.6392,0,3,2242.21227
Dago Espinoza,2026-07-08,MD,Sesión 30,82.786,7763.5,93.77793346701132,505.97,0,0,6.111782185393666,2.3800000000000003,13,0,30.10512,84.64102564102565,35.568,664.8156799999999,8.03053269876549,1177.43997,26,25,51,84,26,66,25,12,4.61956,-3.35035,0,737.036,0,3,1994.4470399999998
Diego Arriaga,2026-07-08,MD,Sesión 30,82.786,8071.8099999999995,97.50211388399003,358.8,0,0,4.334066146449883,0,5,0,29.28776,81.3548888888889,36,770.26674,9.30431159857947,1153.19999,14,13,27,66,14,65,13,13,3.80718,-3.04569,0,1864.672,0,3,2310.80022
Emilio Lara,2026-07-08,MD,Sesión 30,82.786,7743.64,93.53803783248375,536.05,16.1,1,6.475128644939965,58.09,19,2,32.71645,90.8790277777778,36,694.24794,8.386054888507719,1364.99001,29,40,69,102,29,90,40,25,4.5149,-3.96735,0,649.5139,0,3,2082.7438199999997
Erick Sánchez,2026-07-08,MD,Sesión 30,82.786,7758.57,93.71838233517744,283.97,3.0799999999999996,0,3.4301693523059456,0,3,0,28.9273,90.38651418572678,32.004,792.05503,9.567499698016572,1093.67999,9,16,25,65,9,70,16,16,4.68737,-3.87476,0,540.144,0,3,2376.16509
Franco Rossano,2026-07-08,MD,Sesión 30,82.786,7516.339999999999,90.79240451284032,398.22999999999996,0,0,4.810354407750102,0,8,0,29.11733,86.04411938534278,33.84,665.74172,8.041718648080593,1317.82001,27,24,51,111,27,83,24,21,4.80876,-3.59074,0,627.8951,0,3,1997.22516
Henry Martín,2026-07-08,MD,Sesión 30,82.786,7259.52,87.69018916241878,420.38,0,0,5.077911724204576,0,7,0,28.0647,83.28792735042735,33.696,686.79871,8.296073128306718,1257.52001,30,32,62,102,30,91,32,15,4.50056,-3.76769,0,696.8312,0,3,2060.39613
Icaro Conceicao,2026-07-08,MD,Sesión 30,82.786,8497.3,102.64175102070398,139.60999999999999,0,0,1.6863962505737684,5.6499999999999995,2,1,30.17083,83.80786111111111,36,934.3816,11.286710313338004,1026.41002,12,21,33,77,12,74,21,15,3.91306,-3.73288,0,1955.98,0,3,2803.1448
Isaías Violante,2026-07-08,MD,Sesión 30,82.786,7788.77,94.08317831517407,442.17,9.57,1,5.3411204793080955,16.25,14,1,32.14973,91.87737197073616,34.992,673.45652,8.134908317831517,1188.03999,22,19,41,81,22,66,19,16,4.32916,-3.97201,0,632.32911,0,3,2020.3695599999999
José Raúl Zúñiga,2026-07-08,MD,Sesión 30,82.786,7014.86,84.73485855096271,252.86000000000004,6.01,1,3.0543811755610855,15.08,6,1,31.6505,90.63717067583048,34.92,580.46885,7.01167890706158,864.0800200000001,17,19,36,82,17,63,19,14,4.9358,-3.38437,0,657.3776,0,3,1741.40655
Kevin Álvarez,2026-07-08,MD,Sesión 30,82.786,7767.5599999999995,93.8269755755804,339.54,0,0,4.101418114173894,0,5,0,28.80526,82.31955875628717,34.992,624.70294,7.54599739086319,1262.95002,19,28,47,88,19,83,28,13,4.30439,-3.32813,0,652.4637299999999,0,3,1874.10882
Marioni Araujo,2026-07-08,MD,Sesión 30,82.786,7873.54,95.10714371995265,287.22999999999996,0,0,3.469547991206242,0,3,0,26.06522,72.40338888888888,36,814.2468200000001,9.835561809967869,1073.38002,11,20,31,87,11,91,20,16,3.40292,-3.8247,0,1849.1460000000002,0,3,2442.74046
Miguel Vázquez,2026-07-08,MD,Sesión 30,82.786,6991.3499999999995,84.45087333607131,190.86,0,0,2.3054622762302808,0,4,0,28.26051,83.15828036723163,33.984,665.89883,8.043616432730172,928.80002,10,17,27,69,10,66,17,24,3.6853,-4.02804,0,652.4,0,3,1997.6964899999998
Ramón Juárez,2026-07-08,MD,Sesión 30,82.786,6999.370000000001,84.54774961950089,237.42,0,0,2.8678762109535425,0,4,0,27.61028,83.63710166000243,33.012,654.40084,7.904728335708937,1008.1700000000001,21,23,44,90,21,76,23,19,4.8481,-3.1952,0,619.7955000000001,0,3,1963.20252
Raphael Veiga,2026-07-08,MD,Sesión 30,82.786,7810.259999999999,94.34276326915177,185.39999999999998,0,0,2.2395090957408255,0,3,0,27.29713,85.29286964129484,32.004,694.1542400000001,8.384923054622764,974.62998,15,17,32,80,15,63,17,17,4.27469,-3.21629,0,633.3971,0,3,2082.4627200000004
Ricardo Gonzalez,2026-07-08,MD,Sesión 30,82.786,9508.97,114.86205397047809,248.76,0,0,3.004855893508564,19.21,5,1,31.76157,88.22658333333334,36,947.22318,11.441828086874592,1400.37,18,28,46,102,18,119,28,16,4.54711,-4.96881,0,2243.748,0,3,2841.66954
Adrian Fernandez,2026-07-09,Other,Sesion 31,123.36666666666666,6150.01,49.85147257497974,242.24999999999997,0,0,1.9636584706835989,0,3,0,27.82173,77.28258333333333,36,642.71664,5.209807943798974,1055.43003,46,22,68,101,46,74,22,28,4.40108,-2.17597,0,1476.79,0,3,1928.1499199999998
Alan Cervantes,2026-07-09,Other,Sesion 31,123.36666666666666,5580.93,45.238557146717106,61.11,0,0,0.49535260740340453,0,1,0,25.5592,78.97416882956372,32.364,479.23747,3.8846593082950553,523.58001,12,9,21,44,12,23,9,6,3.78734,-1.2089,0,438.5451,0,3,1437.7124099999999
Alejandro Cardenas,2026-07-09,Other,Sesion 31,123.36666666666666,5907.87,47.8887057552013,281.32,0,0,2.2803566603620644,0,9,0,28.64146,79.55961111111111,36,490.13322,3.9729793569305594,862.80999,30,29,59,69,30,68,29,16,4.71243,-1.77719,0,1404.158,0,3,1470.39966
Alexis Gutiérrez,2026-07-09,Other,Sesion 31,123.36666666666666,6197.8,50.2388543636855,340.18,0,0,2.7574709537962714,0,7,0,28.20053,87.03867283950618,32.4,681.3091,5.5226352337206155,1090.0500200000001,43,15,58,88,43,61,15,17,4.70311,-1.75559,0,521.9214,0,3,2043.9272999999998
Dago Espinoza,2026-07-09,Other,Sesion 31,123.36666666666666,6193.570000000001,50.20456633342341,311.51,0,0,2.525074304242097,8.28,10,1,30.22088,84.96648672964463,35.568,533.93852,4.328061496892732,924.32999,36,14,50,79,36,52,14,13,4.69057,-1.56152,0,586.6688,0,3,1601.81556
Diego Arriaga,2026-07-09,Other,Sesion 31,123.36666666666666,6282.5199999999995,50.92558767900567,291.07,0,0,2.359389354228587,0,5,0,29.24161,81.22669444444445,36,645.52664,5.232585571467172,896.02001,27,13,40,76,27,44,13,5,4.0966,-1.56784,0,1447.438,0,3,1936.5799200000001
Emilio Lara,2026-07-09,Other,Sesion 31,123.36666666666666,4768.19,38.650553904350176,181.63000000000002,0,0,1.47227776276682,0,3,0,26.58614,73.85038888888889,36,426.79912,3.4595983788165365,808.3,34,24,58,77,34,60,24,12,4.4966,0,0,408.184,0,3,1280.39736
Erick Sánchez,2026-07-09,Other,Sesion 31,123.36666666666666,5782.71,46.87416914347474,291.77,0,0,2.365063496352337,0,2,0,25.68151,80.2446881639795,32.004,566.63857,4.593125398540935,826.8399900000001,21,18,39,63,21,55,18,20,4.26801,-1.67595,0,401.5692,0,3,1699.9157099999998
Franco Rossano,2026-07-09,Other,Sesion 31,123.36666666666666,5822.77,47.198892191299656,219.36,0,0,1.7781140232369632,1.6,4,0,29.98446,88.60656028368793,33.84,537.21592,4.354627830316131,805.63001,36,17,53,84,36,52,17,22,4.33037,-1.34927,0,478.1672,0,3,1611.6477599999998
Henry Martín,2026-07-09,Other,Sesion 31,123.36666666666666,5598.110000000001,45.377816806268584,211.06000000000003,0,0,1.7108349094839237,0,3,0,27.82254,82.56926638176638,33.696,525.89635,4.262872331802216,813.8000000000001,33,17,50,68,33,62,17,15,4.23886,-1.74513,0,523.772,0,3,1577.68905
Isaías Violante,2026-07-09,Other,Sesion 31,123.36666666666666,7134.86,57.83458524723048,411.93,0,0,3.3390705214806813,8.84,11,1,30.46114,87.05172610882488,34.992,629.6232,5.1036736017292625,971.12999,33,13,46,79,33,52,13,15,3.99508,-1.14086,0,563.09244,0,3,1888.8696
José Raúl Zúñiga,2026-07-09,Other,Sesion 31,123.36666666666666,5654.82,45.83750337746555,149.89999999999998,0,0,1.2150770062145364,0,2,0,27.81074,79.64129438717067,34.92,510.08115,4.134675628208592,674.7700100000001,26,12,38,60,26,49,12,16,4.2106,-1.79571,0,518.4472,0,3,1530.24345
Kevin Álvarez,2026-07-09,Other,Sesion 31,85.93333333333334,3225.13,37.530605120248254,41.620000000000005,0,0,0.4843289371605896,0,1,0,26.21391,74.91400891632374,34.992,296.05132000000003,3.4451278510473236,455.29001,27,11,38,57,27,40,11,23,4.73041,-1.8952,0,277.26210000000003,0,3,888.1539600000001
Marioni Araujo,2026-07-09,Other,Sesion 31,123.36666666666666,5664.95,45.91961631991354,71.28999999999999,0,0,0.5778708457173737,0,1,0,26.40295,73.34152777777778,36,572.24416,4.638563847608754,741.88,29,22,51,75,29,59,22,22,4.28476,-1.62042,0,1327.866,0,3,1716.73248
Miguel Vázquez,2026-07-09,Other,Sesion 31,123.36666666666666,5002.21,40.54750067549311,52.900000000000006,0,0,0.42880302620913274,0,1,0,25.60969,75.35808027306967,33.984,515.9606200000001,4.1823341259119164,540.5,17,11,28,56,17,43,11,16,3.51474,-0.94059,0,457.32720000000006,0,3,1547.8818600000002
Pato Salas,2026-07-09,Other,Sesion 31,85.93333333333334,4769.07,55.497323506594256,144.47000000000003,0,0,1.681186966640807,0,0,0,24.98327,71.39709076360312,34.992,433.02013999999997,5.039024127230411,989.87999,33,20,53,92,33,62,20,11,4.6514,-2.61051,0,459.55359999999996,0,3,1299.0604199999998
Ramón Juárez,2026-07-09,Other,Sesion 31,123.36666666666666,5505.3099999999995,44.62558767900567,96.39,0,0,0.7813293704404215,0,0,0,24.99156,75.70447110141767,33.012,534.32357,4.331182680356661,704.64001,30,16,46,78,30,53,16,25,4.14873,-1.26115,0,478.68449999999996,0,3,1602.97071
Raphael Veiga,2026-07-09,Other,Sesion 31,123.36666666666666,5641.320000000001,45.72807349365037,125.81,0,0,1.0198054579843285,0,2,0,28.04717,87.63645169353832,32.004,455.96451,3.6960106187516892,632.56,23,11,34,63,23,40,11,15,4.19305,-2.12339,0,448.6083,0,3,1367.89353
Ricardo Gonzalez,2026-07-09,Other,Sesion 31,123.36666666666666,6301.1,51.076195622804654,90.84,0,0,0.7363415293164011,0,2,0,28.90491,80.29141666666668,36,630.87289,5.113803485544447,643.67001,24,15,39,64,24,49,15,22,4.38149,-2.24125,0,1442.948,0,3,1892.6186699999998
Thiago Espinosa,2026-07-09,Other,Sesion 31,85.93333333333334,3312.57,38.548138091543834,86.41,0,0,1.0055469356089992,0,1,0,27.63235,76.75652777777778,36,370.85996,4.315670597362296,449.33999,32,18,50,57,32,44,18,22,4.86662,-1.63158,0,282.2204,0,3,1112.57988
Víctor Dávila,2026-07-09,Other,Sesion 31,82.91066666666667,6171.4000000000005,74.434330926459,73.4,0,0,0.8852901918530789,0,0,0,23.64985,69.59113112052731,33.984,597.15112,7.202343727385298,308.69,5,1,6,40,5,37,1,0,3.5918,-3.05932,0,471.394,0,3,1791.45336
Alan Cervantes,2026-07-10,Other,Sesión 32,74.85,2848.5,38.0561122244489,56.82,0,0,0.759118236472946,0,1,0,27.08687,83.69444444444446,32.364,263.06908,3.514616967267869,264.34001,9,1,10,22,9,13,1,12,4.15354,-2.40276,0,218.5197,0,3,789.20724
Alejandro Cardenas,2026-07-10,Other,Sesión 32,74.85,2703.2499999999995,36.115564462257844,11.9,0,0,0.15898463593854378,0,0,0,22.90987,63.63852777777779,36,236.20478000000003,3.1557084836339353,178.58,8,9,17,22,8,20,9,19,4.5943,-3.16756,0,619.9399999999999,0,3,708.6143400000001
Alexis Gutiérrez,2026-07-10,Other,Sesión 32,74.85,2949.24,39.402004008016036,113.38,0,0,1.5147628590514362,0,2,0,29.11992,89.8762962962963,32.4,297.67398,3.9769402805611223,407.24999,18,11,29,42,18,32,11,6,4.14649,-1.87846,0,239.3237,0,3,893.0219399999999
Dago Espinoza,2026-07-10,Other,Sesión 32,74.85,2584.21,34.52518370073481,31.13,0,0,0.4158984635938544,0,1,0,26.18662,73.6241003148898,35.568,253.5021,3.3868016032064134,168.88,9,2,11,24,9,14,2,14,4.89899,-2.25433,0,231.44639999999998,0,3,760.5063
Diego Arriaga,2026-07-10,Other,Sesión 32,74.85,2883.05,38.51770207080829,27.810000000000002,0,0,0.37154308617234477,0,0,0,23.14376,64.28822222222223,36,309.71679,4.137832865731463,172.13,7,1,8,14,7,11,1,17,4.25649,-2.36906,0,630.142,0,3,929.1503700000001
Emilio Lara,2026-07-10,Other,Sesión 32,74.85,2184.33,29.182765531062124,28.060000000000002,0,0,0.3748830995323982,0,0,0,23.98897,66.63602777777777,36,221.19234999999998,2.955141616566466,135.37,7,0,7,16,7,5,0,7,4.04607,-1.40888,0,165.0908,0,3,663.5770499999999
Erick Sánchez,2026-07-10,Other,Sesión 32,74.85,3544.78,47.358450233800944,108.58999999999999,0,0,1.4507682030728122,0,1,0,26.2262,81.94663167104113,32.004,384.71614,5.139828189712759,416.29001,16,5,21,39,16,31,5,14,4.75898,-2.58658,0,246.24,0,3,1154.14842
Henry Martín,2026-07-10,Other,Sesión 32,74.85,2910.92,38.89004676018705,118.00000000000001,0,0,1.576486305945224,0,0,0,24.96236,74.08107787274454,33.696,304.11906,4.0630468937875754,320.12,17,4,21,34,17,22,4,14,4.34302,-2.27254,0,264.6232,0,3,912.35718
Isaías Violante,2026-07-10,Other,Sesión 32,74.85,3696.55,49.386105544422186,109.1,0,0,1.4575818303273214,0,3,0,28.70304,82.02743484224968,34.992,337.34061,4.506888577154309,374.68001000000004,20,6,26,38,20,28,6,22,4.46686,-2.57817,0,289.86831,0,3,1012.0218300000001
José Raúl Zúñiga,2026-07-10,Other,Sesión 32,74.85,2949.0699999999997,39.3997327989312,26.45,0,0,0.353373413493654,0,0,0,23.7255,67.94243986254295,34.92,274.03416,3.6611110220440883,218.47999,12,0,12,33,12,11,0,14,4.20298,-2.34344,0,265.044,0,3,822.10248
Kevin Álvarez,2026-07-10,Other,Sesión 32,74.85,2982.89,39.85156980627923,62.050000000000004,0,0,0.828991315965264,0,0,0,23.99979,68.58650548696845,34.992,255.89983999999998,3.418835537742151,282.27,15,6,21,27,15,24,6,7,4.64684,-2.46422,0,244.72208999999998,0,3,767.6995199999999
Marioni Araujo,2026-07-10,Other,Sesión 32,74.85,2781.0299999999997,37.154709418837676,32.54,0,0,0.4347361389445558,0,0,0,23.42193,65.06091666666667,36,291.69543,3.8970665330661323,213.55999999999997,7,2,9,18,7,13,2,25,4.31578,-2.11012,0,615.09,0,3,875.08629
Miguel Vázquez,2026-07-10,Other,Sesión 32,74.85,2409.22,32.187307949231794,7.66,0,0,0.10233800935203742,0,0,0,21.90847,64.46701388888889,33.984,253.74549000000002,3.390053306613227,175.32,7,1,8,25,7,15,1,12,3.92628,-1.81452,0,210.696,0,3,761.23647
Pato Salas,2026-07-10,Other,Sesión 32,74.85,3007.65,40.182364729458925,47.239999999999995,0,0,0.631128924515698,0,0,0,24.75111,70.73362482853224,34.992,370.68996000000004,4.952437675350702,280.19001,16,6,22,36,16,24,6,10,4.45444,-2.10833,0,274.63120000000004,0,3,1112.06988
Ramón Juárez,2026-07-10,Other,Sesión 32,74.85,2667.51,35.63807615230461,26.4,0,0,0.3527054108216433,0,0,0,23.52185,71.25242336120199,33.012,255.17558,3.409159385437542,182.32998999999998,8,2,10,22,8,17,2,12,4.00379,-2.03831,0,211.96875,0,3,765.52674
Raphael Veiga,2026-07-10,Other,Sesión 32,74.85,3261.61,43.57528390113561,87.42,0,0,1.1679358717434871,0,1,0,25.32642,79.13517060367454,32.004,293.5775,3.9222110888443553,303.73,10,5,15,34,10,27,5,20,3.79198,-2.3954,0,259.6755,0,3,880.7325
Ricardo Gonzalez,2026-07-10,Other,Sesión 32,74.85,3473.46,46.4056112224449,37.39,0,0,0.49953239812959255,0,0,0,22.2783,61.88416666666667,36,374.9798,5.009750167000669,296.53001,18,12,30,35,18,31,12,26,4.47432,-2.94184,0,787.044,0,3,1124.9394
Adrian Fernandez,2026-07-11,MD,Amistoso vs Galaxy | Compensatorio LA Galaxy,104.40883333333335,7942.790000000001,76.07392733373453,73.33,0,0,0.7023352111012318,0,0,0,25.3284,70.35666666666667,36,892.812,8.551115566530928,997.64001,24,25,49,132,24,100,25,61,4.15071,-2.27408,0,1895.764,0,3,2678.436
Alan Cervantes,2026-07-11,MD,Amistoso vs Galaxy,118.68766666666667,12980.419999999998,109.36620766549738,439.75000000000006,0,0,3.7051027486708814,0,1,0,25.62451,79.17596712396491,32.364,1288.44267,10.855741849054802,1910.8599700000002,11,20,31,115,11,99,20,23,4.04226,-3.03067,0,1041.2724,0,3,3865.3280099999997
Alejandro Cardenas,2026-07-11,MD,Amistoso vs Galaxy | Compensatorio LA Galaxy,104.40883333333335,8245.18,78.97013822265995,64.61,0,0,0.6188173733703884,0,0,0,22.37046,62.14016666666667,36,758.64167,7.266067877398623,1022.57999,30,29,59,146,30,124,29,53,3.91401,-2.29752,0,1965.372,0,3,2275.92501
Alexis Gutiérrez,2026-07-11,MD,Amistoso vs Galaxy,83.94883333333334,8814.199999999999,104.99490761237497,630.7499999999999,0,0,7.5135052502218596,0,6,0,27.87634,86.03808641975309,32.4,1003.5847900000001,11.954719918680626,2026.33995,40,34,74,150,40,133,34,15,4.0885,-4.01393,0,752.0205,0,3,3010.7543700000006
Cristian Borja,2026-07-11,MD,Amistoso vs Galaxy,118.68766666666667,11041.830000000002,93.03266556761024,575.87,0,0,4.851978442017283,0,13,0,29.52918,86.89141949152543,33.984,1232.01593,10.380319746786384,1786.97001,30,37,67,130,30,135,37,23,4.58103,-3.19621,0,1047.4944,0,3,3696.04779
Dago Espinoza,2026-07-11,MD,Amistoso vs Galaxy | Compensatorio LA Galaxy,136.24016666666665,10423.16,76.50577839868566,393.02,0,0,2.8847586553647298,17,13,2,31.36679,88.18823099415206,35.568,953.3875800000001,6.997845079950726,1286.5300200000001,29,21,50,135,29,84,21,25,4.24526,-2.34237,0,974.9488,0,3,2860.16274
Diego Arriaga,2026-07-11,MD,Amistoso vs Galaxy | Compensatorio LA Galaxy,104.40883333333335,8401.25,80.46493511883573,269.33000000000004,0,0,2.5795710133082608,0,0,0,24.34747,67.6318611111111,36,911.14175,8.726673030538603,1145.07,10,11,21,100,10,87,11,25,3.61633,-1.89127,0,1939.126,0,3,2733.4252500000002
Emilio Lara,2026-07-11,MD,Amistoso vs Galaxy | Compensatorio LA Galaxy,104.40883333333335,9166.75,87.79669025449634,561.55,0,0,5.378376350659985,0,2,0,26.10913,72.52536111111111,36,942.98053,9.031616386225302,1737.9699699999999,45,42,87,164,45,127,42,68,4.39973,-2.28985,0,770.5145,0,3,2828.9415900000004
Erick Sánchez,2026-07-11,MD,Amistoso vs Galaxy,118.68766666666667,12146.9,102.34340552093309,679.13,24.19,2,5.721993018089495,6.54,13,1,30.36054,94.86482939632546,32.004,1401.84314,11.811194704307944,2002.32997,24,37,61,121,24,133,37,27,4.29716,-3.4452,0,853.2468,0,3,4205.52942
Henry Martín,2026-07-11,MD,Amistoso vs Galaxy,118.68766666666667,11274.12,94.98981921738569,401.57,0,0,3.3834181029761585,0,8,0,27.24657,80.8599537037037,33.696,1266.2970599999999,10.669154559726788,1777.72999,53,43,96,199,53,138,43,67,4.56239,-3.34035,0,1086.4576,0,3,3798.8911799999996
Isaías Violante,2026-07-11,MD,Amistoso vs Galaxy,118.68766666666667,12573.24,105.93552264627327,593.35,0,0,4.999255749684747,0,12,0,29.69944,84.87494284407865,34.992,1060.24579,8.933074680604275,1760.26001,27,37,64,115,27,112,37,19,4.79161,-3.49002,0,1005.5784,0,3,3180.73737
José Raúl Zúñiga,2026-07-11,MD,Amistoso vs Galaxy | Compensatorio LA Galaxy,104.40883333333335,7898.55,75.65020839552209,30.33,0,0,0.29049266265785295,0,1,0,26.04056,74.57205040091638,34.92,753.73544,7.219077313062591,868.2500200000001,29,11,40,150,29,90,11,17,4.216,-1.95547,0,738.1688,0,3,2261.2063200000002
Kevin Álvarez,2026-07-11,MD,Amistoso vs Galaxy,118.68766666666667,12563.24,105.8512678936031,923.25,0,0,7.7788200402737715,14.05,19,1,31.06503,88.77752057613169,34.992,1031.7323999999999,8.692835818380454,2432.64001,42,74,116,156,42,169,74,31,4.84929,-3.66417,0,1079.51737,0,3,3095.1971999999996
Marioni Araujo,2026-07-11,MD,Amistoso vs Galaxy | Compensatorio LA Galaxy,104.40883333333335,8535.130000000001,81.74720210454734,81.41000000000001,0,0,0.7797232992738482,0,0,0,22.43857,62.329361111111105,36,961.49104,9.208905121373828,1062.57997,19,31,50,124,19,127,31,42,4.30444,-2.02548,0,2015.548,0,3,2884.47312
Miguel Vázquez,2026-07-11,MD,Amistoso vs Galaxy,118.68766666666667,11508.26,96.96255999640513,399.68,7.58,1,3.3674939547214957,12.38,8,1,30.85562,90.79455037664782,33.984,1148.66217,9.678024703493483,1610.31998,25,37,62,122,25,135,37,41,4.34152,-2.79458,0,1080.0720000000001,0,3,3445.98651
Pato Salas,2026-07-11,MD,Amistoso vs Galaxy | Compensatorio LA Galaxy,104.40883333333335,8115.590000000001,77.72895971445583,88.55,0,0,0.8481083177828184,0,0,0,24.55806,70.18192729766804,34.992,779.8064899999999,7.468778886843864,1096.76,22,17,39,128,22,100,17,38,3.60185,-2.02401,0,764.7744,0,3,2339.41947
Ramón Juárez,2026-07-11,MD,Amistoso vs Galaxy,118.68766666666667,11277.12,95.01509564318674,586.1899999999999,14.18,1,4.938929346772902,14.18,11,1,30.54833,92.53704713437537,33.012,1015.18247,8.553394792494586,1757.7300500000001,26,32,58,147,26,120,32,30,4.21731,-2.79208,0,991.6515,0,3,3045.54741
Raphael Veiga,2026-07-11,MD,Amistoso vs Galaxy,118.68766666666667,12579.8,105.9907937640249,655.37,0,0,5.521803725745163,0,13,0,28.33243,88.52777777777779,32.004,1159.64936,9.770597001092503,1902.5600299999999,31,31,62,124,31,112,31,28,4.40798,-4.40101,0,1030.3363,0,3,3478.9480799999997
Ricardo Gonzalez,2026-07-11,MD,Amistoso vs Galaxy | Compensatorio LA Galaxy,104.40883333333335,9010.38,86.29902003821513,15.35,0,0,0.14701821206060148,0,0,0,21.82094,60.61372222222222,36,960.20241,9.196562966415675,1266.61,32,47,79,155,32,171,47,48,3.89166,-1.92672,0,2174.454,0,3,2880.60723
Adrian Fernandez,2026-07-13,MD-1,Sesión 33,117.76666666666667,6087.450000000001,51.690772714407025,21.249999999999996,0,0,0.18044155108972543,0,0,0,24.74505,68.73625,36,941.93076,7.998279875459949,770.3299900000001,48,39,87,123,48,119,39,103,4.33402,-1.68089,0,1491.56,0,3,2825.7922799999997
Alan Cervantes,2026-07-13,MD-1,Sesión 33,57.483333333333334,2630.0099999999998,45.75256596114816,0,0,0,0,0,0,0,16.66026,51.4777530589544,32.364,297.41695,5.173968396636706,50.160000000000004,1,0,1,6,1,7,0,4,3.03985,-2.12069,0,196.04899999999998,0,3,892.2508499999999
Alejandro Cardenas,2026-07-13,MD-1,Sesión 33,117.76666666666667,6135.54,52.099122558731956,2.64,0,0,0.02241720917067648,0,0,0,21.30863,59.19063888888889,36,679.65865,5.771231106708179,796.9999799999999,46,50,96,126,46,133,50,70,4.15252,-2.19264,0,1516.6299999999999,0,3,2038.97595
Alexis Gutiérrez,2026-07-13,MD-1,Sesión 33,57.483333333333334,2506.19,43.59855030443607,0,0,0,0,0,0,0,19.61936,60.55358024691358,32.4,320.99595999999997,5.5841570310234845,113.59,2,4,6,18,2,15,4,3,3.27246,-2.81802,0,195.11450000000002,0,3,962.9878799999999
Angel Coronel,2026-07-13,MD-1,Sesión 33,117.76666666666667,6514.99,55.32117180866119,23.79,0,0,0.20200962354939145,0,0,0,23.20312,64.4531111111111,36,988.2842899999999,8.391884715539202,807.99001,45,48,93,129,45,120,48,67,4.36946,-1.97869,0,1606.4560000000001,0,3,2964.8528699999997
Brian Rodríguez,2026-07-13,MD-1,Sesión 33,117.76666666666667,6591.75,55.97296914803283,11.379999999999999,0,0,0.09663175771299179,0,0,0,23.78362,66.80041568363106,35.604,600.20552,5.096565411831305,545.37,43,33,76,82,43,74,33,26,4.46517,-1.46178,0,550.20385,0,3,1800.61656
Cristian Borja,2026-07-13,MD-1,Sesión 33,57.483333333333334,2495.0200000000004,43.404233111046686,0,0,0,0,0,0,0,20.19173,59.415401365348394,33.984,370.43695,6.444249637576109,93.82,3,1,4,18,3,10,1,6,3.53166,-2.06558,0,214.0456,0,3,1111.31085
Dago Espinoza,2026-07-13,MD-1,Sesión 33,57.483333333333334,2513.5499999999997,43.7265874166425,2.9099999999999997,0,0,0.05062336909249057,0,0,0,21.32143,59.94554093567251,35.568,278.95221000000004,4.852749376630908,96.25,4,3,7,15,4,12,3,4,3.99458,-2.61743,0,221.3096,0,3,836.8566300000001
Emilio Lara,2026-07-13,MD-1,Sesión 33,117.76666666666667,6548.68,55.60724596660062,53.790000000000006,0,0,0.4567506368525333,0,0,0,23.5843,65.51194444444444,36,788.74406,6.697515369374469,792.28,50,40,90,120,50,99,40,53,4.43659,-2.19638,0,560.1204,0,3,2366.23218
Erick Sánchez,2026-07-13,MD-1,Sesión 33,57.483333333333334,2229.29,38.78150188460423,0,0,0,0,0,0,0,19.37342,60.53437070366204,32.004,280.25158999999996,4.875353841693244,73.22,4,1,5,15,4,5,1,5,3.42386,-1.8466,0,143.931,0,3,840.7547699999999
Franco Rossano,2026-07-13,MD-1,Sesión 33,117.76666666666667,153.65,1.3046985564675913,0,0,0,0,0,0,0,11.61345,34.31870567375886,33.84,17.90107,0.15200455703368243,4.48,0,0,0,0,0,0,0,92,1.80957,0,0,10.9697,0,3,53.70321
Gio Valle,2026-07-13,MD-1,Sesión 33,117.76666666666667,5984.18,50.81386923294651,3.42,0,0,0.029040475516558164,0,0,0,21.93786,60.938500000000005,36,745.24114,6.328116105292952,532.1999900000001,29,22,51,86,29,91,22,30,3.68975,-1.67892,0,1415.37,0,3,2235.72342
Henry Martín,2026-07-13,MD-1,Sesión 33,57.483333333333334,2568.55,44.68338648883735,0,0,0,0,0,0,0,18.07228,53.63330959164293,33.696,301.2306,5.2403119744853575,105.38,0,0,0,15,0,12,0,9,2.90115,-1.91411,0,221.348,0,3,903.6918
Icaro Conceicao,2026-07-13,MD-1,Sesión 33,117.76666666666667,5161.34,43.826832720067934,2.4699999999999998,0,0,0.020973676761958673,0,0,0,21.38552,59.404222222222224,36,807.42139,6.856111435041042,382.29999,15,24,39,64,15,56,24,32,4.07987,-2.11721,0,1134.398,0,3,2422.26417
Isaías Violante,2026-07-13,MD-1,Sesión 33,57.483333333333334,2609.07,45.388286459843435,0,0,0,0,0,0,0,18.37144,52.501828989483315,34.992,280.36627,4.877348854740504,58.06,2,0,2,8,2,9,0,1,3.68547,-1.76248,0,191.82552,0,3,841.09881
Israel Reyes,2026-07-13,MD-1,Sesión 33,117.76666666666667,7261.96,61.66396829889612,0,0,0,0,0,0,0,19.69332,59.65503453289712,33.012,813.63477,6.908871525615624,499.65001,19,19,38,90,19,78,19,48,3.86727,-1.16292,0,654.51594,0,3,2440.90431
José Raúl Zúñiga,2026-07-13,MD-1,Sesión 33,117.76666666666667,5348.07,45.41242570053778,10.489999999999998,0,0,0.08907444098499857,0,0,0,22.44079,64.26343069873998,34.92,660.70643,5.610300849136711,635.0899900000001,43,30,73,104,43,105,30,209,4.57995,-2.0952,0,520.2752,0,3,1982.1192899999999
Kevin Álvarez,2026-07-13,MD-1,Sesión 33,57.483333333333334,2510.94,43.68118295158017,0,0,0,0,0,0,0,18.43094,52.67186785550984,34.992,268.04949999999997,4.663082052768918,89.08999999999999,5,4,9,14,5,15,4,6,3.73856,-2.58676,0,196.98665999999997,0,3,804.1484999999999
Marioni Araujo,2026-07-13,MD-1,Sesión 33,117.76666666666667,6257.59,53.13549391452024,0,0,0,0,0,0,0,20.85879,57.94108333333333,36,787.87867,6.690167025191056,892.57001,38,61,99,137,38,163,61,67,3.64946,-1.83297,0,1538.312,0,3,2363.63601
Miguel Vázquez,2026-07-13,MD-1,Sesión 33,57.483333333333334,2661.55,46.301246738184986,0,0,0,0,0,0,0,17.85684,52.54484463276835,33.984,360.72981000000004,6.275380864018556,67.19,1,2,3,11,1,9,2,4,3.17125,-1.87727,0,231.2976,0,3,1082.1894300000001
Pato Salas,2026-07-13,MD-1,Sesión 33,117.76666666666667,4848.93,41.17404472120012,0,0,0,0,0,0,0,20.85323,59.59427869227253,34.992,650.5085,5.523706481743561,692.01001,50,43,93,109,50,109,43,229,4.37593,-2.12393,0,483.564,0,3,1951.5255000000002
Ramón Juárez,2026-07-13,MD-1,Sesión 33,57.483333333333334,2320.75,40.372571759930416,0,0,0,0,0,0,0,20.57527,62.326638798012844,33.012,277.58908,4.829035894462163,78.34,4,3,7,14,4,9,3,6,3.50353,-1.99638,0,187.674,0,3,832.7672400000001
Raphael Veiga,2026-07-13,MD-1,Sesión 33,57.483333333333334,2481.64,43.17146999130183,8.42,0,0,0.14647723977964627,0,0,0,23.40827,73.14170103737034,32.004,264.66083,4.604131574369382,66.7,3,3,6,10,3,10,3,3,3.42363,-1.3832,0,186.6312,0,3,793.9824899999999
Ricardo Gonzalez,2026-07-13,MD-1,Sesión 33,117.76666666666667,6669.37,56.63206906311916,0,0,0,0,0,0,0,20.64317,57.3421388888889,36,900.29871,7.644766855363714,676.03,36,39,75,121,36,126,39,58,3.88999,-1.89684,0,1604.304,0,3,2700.89613
Santiago Camarena,2026-07-13,MD-1,Sesión 33,117.76666666666667,6809.5999999999995,57.822813472969145,21.23,0,0,0.18027172374752334,0,0,0,22.09113,61.36425,36,919.95528,7.811678007359185,912.64,44,64,108,141,44,159,64,55,3.63996,-2.33928,0,1679.416,0,3,2759.86584
Thiago Espinosa,2026-07-13,MD-1,Sesión 33,117.76666666666667,5723.59,48.60110387772431,22.15,0,0,0.18808378148881968,0,0,0,23.92863,66.46841666666667,36,689.14174,5.851755505236343,637.06001,37,43,80,108,37,104,43,36,4.68984,-1.51344,0,484.5953,0,3,2067.42522
Víctor Dávila,2026-07-13,MD-1,Sesión 33,73.61666666666666,4817.910000000001,65.44591351596108,75.91000000000001,0,0,1.0311523658591806,0,0,0,22.7106,66.82733050847457,33.984,506.29321000000004,6.8774264432873,371.3,0,0,0,21,0,1,0,2,2.64275,-1.80683,0,360.8745,0,3,1518.8796300000001
Adrian Fernandez,2026-07-14,MD-4,Sesión 34,80.8095,5624.79,69.60555380246134,312.7,0,0,3.869594540245887,0,6,0,27.98504,77.73622222222222,36,548.07789,6.7823447738199105,1005.73,28,23,51,100,28,81,23,24,4.60878,-2.87264,0,1365.8159999999998,0,3,1644.23367
Alan Cervantes,2026-07-14,MD-4,Sesión 34,80.8095,5972.2699999999995,73.90554328389607,182.39,0,0,2.257036610794523,0,1,0,25.34235,78.30413422321098,32.364,559.82684,6.927735476645691,962.3700200000001,15,9,24,72,15,47,9,4,3.66981,-2.77,0,478.7258,0,3,1679.4805199999998
Alejandro Cardenas,2026-07-14,Other,Sesión vespertina seleccionados | Sesión 34,135.75216666666668,7787.87,57.36829246433144,171.85999999999999,0,0,1.2659834772434568,0,0,0,24.90096,69.16933333333334,36,771.89678,5.686073371450179,1301.58,58,48,106,164,58,154,48,59,4.56567,-2.75104,0,1935.782,0,3,2315.69034
Alexis Gutiérrez,2026-07-14,MD-4,Sesión 34,80.8095,5944.639999999999,73.56362803878257,341.45000000000005,20.72,1,4.22536954194742,16.68,6,1,30.65669,94.61941358024693,32.4,626.84111,7.757022503542281,1198.03002,22,17,39,107,22,51,17,5,3.94083,-2.6204,0,494.0355,0,3,1880.52333
Angel Coronel,2026-07-14,MD-4,Sesión 34,80.8095,6578.85,81.41183895457837,387.73999999999995,0,0,4.798198231643556,0,4,0,27.62729,76.74247222222222,36,659.55363,8.16183282906094,1057.72999,11,22,33,65,11,60,22,13,3.53318,-2.40006,0,1534.7640000000001,0,3,1978.66089
Brian Rodríguez,2026-07-14,Other,Sesión vespertina seleccionados | Sesión 34,122.54016666666666,8371.08,68.31294772734383,118.84,0,0,0.9698044586740947,0,1,0,25.37774,71.27777777777777,35.604,801.68127,6.542191771133547,1246.04999,48,37,85,166,48,123,37,43,4.56001,-2.38391,0,712.87124,0,3,2405.04381
Cristian Borja,2026-07-14,MD-4,Sesión 34,80.8095,5914.030000000001,73.1848359413188,262.44,0,0,3.2476379633582684,0,6,0,29.49509,86.79110758003766,33.984,705.13936,8.72594633056757,844.84999,19,21,40,72,19,64,21,9,4.75597,-2.41125,0,562.8416,0,3,2115.41808
Dago Espinoza,2026-07-14,MD-4,Sesión 34,80.8095,6829.82,84.51753816073605,390.05,6.19,1,4.8267839796063585,39.449999999999996,10,2,32.34409,90.93592555105714,35.568,599.50933,7.418797666115989,1220.22,31,31,62,104,31,79,31,6,4.6493,-2.79759,0,665.3752,0,3,1798.52799
Diego Arriaga,2026-07-14,MD-4,Sesión 34,80.8095,6033.7699999999995,74.66659241797065,236.48,0,0,2.926388605300119,9.04,4,1,31.09008,86.36133333333333,36,591.54856,7.320284867497014,809.7500200000001,9,12,21,53,9,40,12,14,4.04354,-2.87983,0,1390.504,0,3,1774.6456799999999
Emilio Lara,2026-07-14,MD-4,Sesión 34,88.64316666666667,6042.54,68.16701418985106,326.23999999999995,0,0,3.6803739336929517,20.740000000000002,7,2,31.02748,86.18744444444445,36,565.9137,6.384177385359653,886.6,16,9,25,73,16,45,9,75,4.07481,-2.38567,0,485.5403,0,3,1697.7410999999997
Erick Sánchez,2026-07-14,MD-4,Sesión 34,80.8095,5387.91,66.67421528409407,240.42000000000002,0,0,2.9751452490115646,0,5,0,27.00685,84.38585801774778,32.004,568.05951,7.029612978672063,909.75999,15,19,34,73,15,66,19,13,4.034,-2.25451,0,382.2684,0,3,1704.1785300000001
Henry Martín,2026-07-14,MD-4,Sesión 34,80.8095,5343.4,66.12341370754676,154.45000000000002,0,0,1.9112851830539728,0,1,0,28.30567,84.00305674264008,33.696,506.43018,6.266963413955042,790.49,27,14,41,85,27,55,14,23,4.3805,-3.22218,0,500.0072,0,3,1519.29054
Icaro Conceicao,2026-07-14,Other,Sesión vespertina seleccionados | Sesión 34,142.3595,9077.71,63.76609920658614,91.85,0,0,0.6451975456502727,0,1,0,27.46998,76.30550000000001,36,1021.83311,7.177835760873002,636.65,31,32,63,92,31,91,32,25,3.96446,-2.64745,0,853.738,0,3,3065.49933
Isaías Violante,2026-07-14,MD-4,Sesión 34,80.8095,5573.88,68.9755536168396,228.46,0,0,2.8271428483037266,0,3,0,28.54514,81.57618884316416,34.992,511.23006999999996,6.32636100953477,751.53999,20,16,36,65,20,47,16,7,4.02959,-2.3367,0,445.9539,0,3,1533.6902099999998
Israel Reyes,2026-07-14,Other,Sesión vespertina seleccionados | Sesión 34,122.54016666666666,8833.18,72.08395614499192,71.50999999999999,0,0,0.58356375664578,0,0,0,23.12122,70.03883436326184,33.012,987.2426499999999,8.056482024261433,1330.92002,34,40,74,165,34,143,40,39,4.40797,-2.56464,0,819.07644,0,3,2961.7279499999995
José Raúl Zúñiga,2026-07-14,MD-4,Sesión 34,88.64316666666667,5886.24,66.40376490761649,204.89000000000001,0,0,2.3114020821307903,0,4,0,29.39827,84.18748568155785,34.92,498.07092,5.618830404298883,711.76,19,10,29,77,19,39,10,2,4.36669,-1.8905,0,548.1984,0,3,1494.21276
Kevin Álvarez,2026-07-14,MD-4,Sesión 34,80.8095,6493.490000000001,80.35552750604819,212.53,0,0,2.630012560404408,4.0200000000000005,3,0,30.00988,85.76211705532694,34.992,490.38142999999997,6.068363620613913,874.47999,13,13,26,72,13,45,13,5,3.95871,-2.7955,0,534.73153,0,3,1471.14429
Marioni Araujo,2026-07-14,MD-4,Sesión 34,88.64316666666667,4673.84,52.72645569596453,88.53,0,0,0.9987233458491818,0,1,0,25.49811,70.82808333333334,36,513.44433,5.7922606931536365,580.2,7,9,16,63,7,46,9,21,4.18279,-2.91075,0,1080.938,0,3,1540.33299
Miguel Vázquez,2026-07-14,MD-4,Sesión 34,88.64316666666667,5844.48,65.93266260418643,125.17,0,0,1.4120659798931672,0,1,0,26.88245,79.10325447269302,33.984,617.08175,6.9614136453458535,871.21,10,25,35,78,10,85,25,33,3.82668,-2.49811,0,555.9552,0,3,1851.2452500000002
Pato Salas,2026-07-14,MD-4,Sesión 34,80.8095,5555.86,68.75256003316441,185.93,0,0,2.300843341438816,0,3,0,27.83329,79.54186671239142,34.992,485.10843,6.003111391606185,904.92002,16,21,37,78,16,76,21,25,3.94496,-2.50113,0,528.332,0,3,1455.32529
Ramón Juárez,2026-07-14,MD-4,Sesión 34,88.64316666666667,5940.65,67.01757420669763,183.03,0,0,2.0647953686973426,0,2,0,27.26166,82.58106143220647,33.012,579.90972,6.542069082219159,1020.2900000000001,20,28,48,84,20,82,28,12,5.15946,-2.32423,0,534.92025,0,3,1739.7291599999999
Raphael Veiga,2026-07-14,MD-4,Sesión 34,80.8095,5322.94,65.87022565416194,52.32,0,0,0.6474486291834499,0,0,0,24.33107,76.0250906136733,32.004,465.52312,5.76074743687314,612.84998,7,11,18,59,7,43,11,6,3.85006,-2.3784,0,427.007,0,3,1396.56936
Ricardo Gonzalez,2026-07-14,Other,Sesión vespertina seleccionados | Sesión 34,142.3595,10291.52,72.29247082210883,183.17,0,0,1.286672122338165,0,1,0,25.71285,71.42458333333333,36,1065.90564,7.487421914238249,920.41,14,17,31,64,14,70,17,9,4.48373,-2.73142,0,1589.466,0,3,3197.71692
Santiago Camarena,2026-07-14,MD-4,Sesión 34,80.8095,4259.56,52.71112926079236,116.28999999999999,0,0,1.4390634764476948,0,1,0,25.28393,70.23313888888889,36,489.74579,6.0604977137589024,630.54999,15,9,24,70,15,40,9,9,3.96219,-2.60799,0,993.084,0,3,1469.23737
Sebastián Cáceres,2026-07-14,Other,Sesión vespertina seleccionados | Sesión 34,122.54016666666666,8865.539999999999,72.34803282189105,332.96,0,0,2.7171498869078303,0,4,0,28.16203,80.48133859167811,34.992,955.8779,7.800527174083055,1773.2,61,53,114,206,61,183,53,62,4.05959,-2.81246,0,883.9808,0,3,2867.6337
Víctor Dávila,2026-07-14,MD-4,Sesión 34,50.710666666666675,3941.83,77.73177240817184,0,0,0,0,0,0,0,20.70421,60.92340513182673,33.984,411.45132,8.113703625798648,247.46,0,0,0,24,0,18,0,2,2.936,-2.36762,0,299.2542,0,3,1234.35396
Adrian Fernandez,2026-07-15,MD-3,Sesión 35 Futbol,43.442833333333326,3766.68,86.70428954526447,114.29,0,0,2.630813674675916,0,2,0,25.66809,71.30025,36,332.39162999999996,7.651241977004263,544.6099899999999,7,15,22,46,7,40,15,9,4.23109,-4.84002,0,889.1840000000001,0,3,997.1748899999999
Alan Cervantes,2026-07-15,MD-3,Sesión 35 Futbol,68.92383333333333,7144.89,103.66356098398474,171.42,0,0,2.487093240606176,0,1,0,26.85911,82.99069954270178,32.364,708.70748,10.282473358272297,900.32002,9,9,18,58,9,45,9,11,4.09956,-3.1408,0,565.8331,0,3,2126.12244
Alejandro Cardenas,2026-07-15,MD-3,Sesión 35 Futbol,74.54566666666666,7536.22,101.09534647665637,249.68,0,0,3.349356322969813,0,3,0,29.50706,81.96405555555555,36,611.89944,8.208383764761646,1193.35997,27,28,55,96,27,101,28,45,4.34686,-3.73913,0,1766.492,0,3,1835.69832
Alexis Gutiérrez,2026-07-15,MD-3,Sesión 35 Futbol,68.92383333333333,6716.45,97.44742384709691,0,0,0,0,0,0,0,29.41863,81.71841666666667,36,636.71669,9.23797559141371,0,0,0,0,0,0,0,0,0,4.69053,-3.59661,0,0,0,3,1910.15007
Angel Coronel,2026-07-15,MD-3,Sesión 35 Futbol,74.54566666666666,8142.46,109.22781114037481,358.14,0,0,4.804303402388692,0,7,0,29.54916,82.081,36,877.53862,11.7718260395194,1385.48002,22,44,66,99,22,104,44,37,4.45156,-4.79103,0,1929.188,0,3,2632.61586
Brian Rodríguez,2026-07-15,MD-3,Sesión 35 Futbol | Trabajo Complementario Seleccionados,124.945,9130.73,73.0779943174997,448.55,12.49,1,3.589979591020049,50.55,9,3,32.97517,92.61647567689023,35.604,796.80101,6.377214054183842,1495.3999999999999,83,69,152,186,83,164,69,41,4.3304,-1.45506,0,789.69963,0,3,2390.40303
Cristian Borja,2026-07-15,MD-3,Sesión 35 Futbol,68.92383333333333,6053.4,87.82738433488173,308.44,22.360000000000003,1,4.475084815847445,24.76,10,1,32.02438,94.2336982109228,33.984,670.05727,9.721706376362313,847.79002,13,22,35,59,13,61,22,8,5.38509,-3.03935,0,561.2528,0,3,2010.17181
Dago Espinoza,2026-07-15,MD-3,Sesión 35 Futbol,68.92383333333333,6713.45,97.4038975390709,334.22,8.040000000000001,1,4.849120889484286,20.990000000000002,8,1,32.34469,90.93761246063879,35.568,591.8106300000001,8.586443924815558,974.05,23,20,43,84,23,63,20,6,4.8735,-3.77286,0,631.9536,0,3,1775.4318900000003
Diego Arriaga,2026-07-15,MD-3,Sesión 35 Futbol,74.54566666666666,7894.56,105.90233279824001,432.35999999999996,3.54,0,5.799934715632923,19.599999999999998,9,1,32.53335,90.37041666666667,36,759.4303,10.187450645465644,1261.26001,14,27,41,86,14,78,27,18,6.87354,-3.68831,0,1817.5279999999998,0,3,2278.2909
Emilio Lara,2026-07-15,MD-3,Sesión 35 Futbol,31.102833333333333,3676.64,118.20916636747991,235.28000000000003,0,0,7.564584148282312,0,7,0,29.08462,80.7906111111111,36,311.23013,10.006488047712695,608.38,12,15,27,41,12,38,15,12,4.07838,-6.35896,0,302.9635,0,3,933.69039
Erick Sánchez,2026-07-15,MD-3,Sesión 35 Futbol,80.51133333333334,6886.46,85.53404489637069,311.09999999999997,12.33,2,3.864052265933574,0,5,0,29.41066,91.89682539682539,32.004,743.20861,9.23110547583363,1011.07002,28,28,56,74,28,79,28,9,4.1412,-3.57176,0,484.11300000000006,0,3,2229.62583
Franco Rossano,2026-07-15,MD-3,Sesión 35 Futbol,68.645,6406.33,93.32551533250783,411.21,0,0,5.990385315754971,8.920000000000002,8,1,30.32931,89.62562056737588,33.84,562.91481,8.200375992424794,1067.8699900000001,34,27,61,87,34,80,27,15,4.49615,-2.01583,0,521.8927,0,3,1688.74443
Gio Valle,2026-07-15,MD-3,Sesión 35 Futbol,74.54566666666666,7265.03,97.45744219427019,210.41,0,0,2.8225651390422875,0,3,0,25.7335,71.48194444444445,36,661.05039,8.867723900785649,851.97,15,19,34,63,15,62,19,10,4.08387,-3.33119,0,1641.3200000000002,0,3,1983.15117
Henry Martín,2026-07-15,MD-3,Sesión 35 Futbol,68.92383333333333,5992.4800000000005,86.94351010656692,330.73,0,0,4.798485284480695,0,7,0,29.37443,87.17482787274454,33.696,545.56281,7.915444971865078,1019.3500200000001,24,22,46,87,24,77,22,15,4.27466,-4.1417,0,563.8112,0,3,1636.6884300000002
Isaías Violante,2026-07-15,MD-3,Sesión 35 Futbol,68.92383333333333,6498.12,94.27972423665737,301.83,0,0,4.3791818504968045,4.029999999999999,4,0,30.06708,85.92558299039781,34.992,524.68007,7.612462113976056,837.43998,13,21,34,47,13,53,21,6,4.1683,-3.86584,0,512.2118399999999,0,3,1574.0402100000001
Israel Reyes,2026-07-15,MD-3,Sesión 35 Futbol | Trabajo Complementario Seleccionados,124.945,9798.82,78.42506702949298,283.90999999999997,0,0,2.2722798031133697,0,4,0,29.39568,89.04543802253725,33.012,998.68098,7.992964744487574,1570.35004,67,51,118,209,67,182,51,40,4.39316,-2.95208,0,918.0038400000001,0,3,2996.04294
José Raúl Zúñiga,2026-07-15,MD-3,Sesión 35 Futbol,68.645,6093.87,88.77369072765678,295.41,8.79,1,4.30344526185447,23.08,9,1,31.93313,91.44653493699884,34.92,495.67494999999997,7.22084565518246,931.97999,27,12,39,72,27,61,12,12,4.4267,-3.47653,0,565.8896,0,3,1487.0248499999998
Kevin Álvarez,2026-07-15,MD-3,Sesión 35 Futbol,68.92383333333333,6803.6,98.7118630952525,353.97,8.52,1,5.135669083988848,27.46,7,2,32.17878,91.96039094650207,34.992,548.18448,7.953482177185927,1217.8100100000001,24,33,57,76,24,81,33,14,4.7357,-3.02069,0,575.31087,0,3,1644.5534400000001
Marioni Araujo,2026-07-15,MD-3,Sesión 35 Futbol,74.54566666666666,7582.14,101.71134472381584,189.73000000000002,0,0,2.5451512942849353,0,1,0,27.88366,77.4546111111111,36,806.30009,10.816189941735939,1040.26998,7,16,23,85,7,75,16,14,3.82887,-2.79687,0,1748.1699999999998,0,3,2418.90027
Miguel Vázquez,2026-07-15,MD-3,Sesión 35 Futbol,68.92383333333333,6212.759999999999,90.13950181722335,207.21,0,0,3.0063620953564683,0,3,0,28.54373,83.99167255178908,33.984,575.81569,8.354377029716378,793,6,14,20,49,6,53,14,8,3.93893,-4.07,0,568.2576,0,3,1727.4470700000002
Pato Salas,2026-07-15,MD-3,Sesión 35 Futbol,68.645,6264.820000000001,91.26403962415327,389.56,0,0,5.674994537111225,0,9,0,28.00912,80.04435299497028,34.992,517.38684,7.53713802898973,1109.3999999999999,17,23,40,80,17,83,23,24,3.96046,-2.98367,0,586.4672,0,3,1552.16052
Ramón Juárez,2026-07-15,MD-3,Sesión 35 Futbol,68.92383333333333,6230.11,90.3912289653071,181.98,4.84,1,2.6403058448577292,4.84,1,0,30.03339,90.9771901126863,33.012,586.84867,8.514451991691312,891.5000200000001,10,22,32,66,10,64,22,20,4.22281,-3.75422,0,540.858,0,3,1760.54601
Raphael Veiga,2026-07-15,MD-3,Sesión 35 Futbol,68.92383333333333,6592.84,95.65399486873191,111.45,0,0,1.6170023431662488,0,3,0,27.54689,86.07327209098864,32.004,593.68001,8.613566328048112,822.30999,9,19,28,63,9,61,19,10,4.19277,-3.51066,0,529.9609,0,3,1781.0400300000001
Ricardo Gonzalez,2026-07-15,MD-3,Sesión 35 Futbol,74.54566666666666,9115.679999999998,122.2831642348985,237.14,0,0,3.1811372894467373,0,5,0,27.68776,76.91044444444445,36,990.1090300000001,13.281912608378759,1303.98999,13,24,37,88,13,99,24,25,3.99845,-2.92672,0,2104.014,0,3,2970.32709
Santiago Camarena,2026-07-15,MD-3,Sesión 35 Futbol,68.645,7865.7300000000005,114.58562167674268,295.18,0,0,4.30009469007211,18.91,6,1,30.87018,85.7505,36,819.7710400000001,11.94218136790735,1243.38,17,17,34,89,17,84,17,27,3.75666,-2.70669,0,1800.7199999999998,0,3,2459.3131200000003
Sebastián Cáceres,2026-07-15,MD-3,Sesión 35 Futbol | Trabajo Complementario Seleccionados,124.945,9900.96,79.24254672055704,19.610000000000003,0,0,0.1569490575853376,0,0,0,27.99556,77.76544444444444,36,1031.92493,8.259033414702468,603.70001,65,53,118,125,65,114,53,22,4.03883,-2.48396,0,356.42879999999997,0,3,3095.7747899999995
Adrian Fernandez,2026-07-16,MD-2,Sesión 36,57.85166666666667,3619.4500000000003,62.564316787185625,0,0,0,0,0,0,0,19.07908,52.997444444444454,36,426.10351000000003,7.365449165970442,145.99001,1,3,4,26,1,23,3,28,3.24924,-1.4842,0,787.74,0,3,1278.3105300000002
Alan Cervantes,2026-07-16,MD-2,Sesión 36,109.1,5930.99,54.36287809349221,14.16,0,0,0.1297891842346471,0,0,0,23.00776,71.09059448770239,32.364,520.34255,4.76940925756187,368.81998999999996,0,4,4,25,0,24,4,3,2.98685,-1.0611,0,454.6192,0,3,1561.02765
Alejandro Cardenas,2026-07-16,MD-2,Sesión 36,109.1,5329.31,48.847937671860684,81.97,0,0,0.7513290559120074,0,2,0,28.47501,79.09725,36,475.71788,4.360383868010999,434.68001,11,21,32,51,11,57,21,27,4.49735,-1.72201,0,1223.156,0,3,1427.15364
Alexis Gutiérrez,2026-07-16,MD-2,Sesión 36,109.1,6400.55,58.66681943171403,106.2,0,0,0.9734188817598535,0,0,0,24.10305,74.39212962962964,32.4,673.64475,6.174562328139323,599.7799799999999,16,8,24,52,16,44,8,10,4.33268,-1.4748000000000001,0,508.34069999999997,0,3,2020.9342500000002
Brian Rodríguez,2026-07-16,Other,Trabajo Compensatorio Seleccionados | Sesión 36,133.5635,8914.09,66.74046427354779,83.56,0,0,0.6256200234345461,0,0,0,24.43063,68.61765531962702,35.604,906.86059,6.789733647291363,643.9899800000001,36,17,53,82,36,65,17,63,4.18915,-1.08856,0,435.62547,0,3,2720.58177
Cristian Borja,2026-07-16,MD-2,Sesión 36,109.1,6519.44,59.75655362053162,143.95999999999998,0,0,1.3195233730522455,0,1,0,27.51977,80.97860758003766,33.984,749.11592,6.866323739688359,671.48003,15,11,26,54,15,54,11,9,4.23477,-1.7335,0,592.8904,0,3,2247.3477599999997
Dago Espinoza,2026-07-16,MD-2,Sesión 36,109.1,6270.360000000001,57.473510540788276,231.29,0,0,2.1199816681943173,6.62,8,1,30.33459,85.28618421052632,35.568,560.21913,5.134914115490376,701.28002,23,11,34,79,23,42,11,5,4.81771,-1.91828,0,576.884,0,3,1680.6573899999999
Diego Arriaga,2026-07-16,MD-2,Sesión 36,109.1,6003.08,55.02364802933089,144.87,0,0,1.327864344637947,0,3,0,27.91903,77.5528611111111,36,596.4438700000001,5.466946562786435,521.1300100000001,9,9,18,51,9,36,9,13,3.9627,-1.66964,0,1344.6979999999999,0,3,1789.3316100000002
Emilio Lara,2026-07-16,Other,Trabajo Compensatorio Seleccionados,75.71183333333333,5329.58,70.392959268806507,451.59,0,0,5.964589419091247,0,3,0,28.26205,78.50569444444444,36,590.72986,7.802345208036614,1022.05001,38,42,80,102,38,88,42,79,4.68853,-2.40284,0,454.51210000000003,0,3,1772.1895800000002
Erick Sánchez,2026-07-16,MD-2,Sesión 36,109.1,5730.83,52.52823098075161,177.62,0,0,1.6280476626947755,0,4,0,28.13935,87.92447819022622,32.004,562.41122,5.155006599450045,526.91999,8,7,15,29,8,36,7,8,3.8637,-1.80736,0,384.4548,0,3,1687.2336599999999
Henry Martín,2026-07-16,MD-2,Sesión 36,109.1,5205.8499999999995,47.71631530705774,55.580000000000005,0,0,0.5094408799266729,0,1,0,25.65004,76.12191358024693,33.696,477.91379,4.380511365719523,431.48001,12,11,23,53,12,53,11,9,4.15782,-2.21075,0,471.4504,0,3,1433.74137
Isaías Violante,2026-07-16,MD-2,Sesión 36,109.1,6678.85,61.217690192483964,215.32999999999998,0,0,1.9736938588450963,0,3,0,28.96125,82.76534636488341,34.992,626.70978,5.744360953253896,757.0200199999999,17,12,29,59,17,55,12,105,4.52839,-1.22979,0,521.36607,0,3,1880.12934
Israel Reyes,2026-07-16,Other,Trabajo Compensatorio Seleccionados | Sesión 36,133.5635,8876.82,66.461420972047,120.61,0,0,0.903016168339404,0,0,0,22.80464,69.07984975160547,33.012,1002.77152,7.507826015341017,778.7099900000001,34,26,60,84,34,78,26,31,4.11861,-1.26624,0,779.63964,0,3,3008.31456
José Raúl Zúñiga,2026-07-16,MD-2,Sesión 36,109.1,5788.33,53.05527039413382,142.07999999999998,0,0,1.3022914757103574,0,2,0,26.70143,76.46457617411225,34.92,555.78894,5.094307424381302,528.57999,11,6,17,60,11,33,6,110,3.84773,-1.45918,0,521.5592,0,3,1667.3668200000002
Kevin Álvarez,2026-07-16,MD-2,Sesión 36,109.1,5962.120000000001,54.64821264894593,134.27,0,0,1.2307057745187902,0,4,0,28.8415,82.4231252857796,34.992,411.71096,3.7737026581118243,432.59999,4,6,10,30,4,28,6,2,3.57388,-0.89082,0,469.36893,0,3,1235.1328800000001
Marioni Araujo,2026-07-16,MD-2,Sesión 36,109.1,5226.14,47.90229147571036,0,0,0,0,0,0,0,20.63789,57.32747222222222,36,545.7596100000001,5.0023795600366645,363.97999,2,9,11,44,2,44,9,15,3.23536,-1.40991,0,1174.336,0,3,1637.2788300000002
Miguel Vázquez,2026-07-16,MD-2,Sesión 36,109.1,4985.83,45.69963336388634,56.910000000000004,0,0,0.5216315307057746,0,1,0,27.35971,80.50762123352165,33.984,537.35465,4.92534051329056,316.11,4,7,11,22,4,27,7,12,3.53005,-1.47071,0,445.8632,0,3,1612.06395
Raphael Veiga,2026-07-16,MD-2,Sesión 36,109.1,5693.67,52.18762603116407,71.52,0,0,0.6555453712190651,0,3,0,27.00535,84.38117110361205,32.004,487.31969000000004,4.46672493125573,402.99,6,5,11,33,6,32,5,11,3.48666,-2.27829,0,442.7703,0,3,1461.95907
Ricardo Gonzalez,2026-07-16,MD-2,Sesión 36,109.1,6763.51,61.99367552703942,82.62,0,0,0.7572868927589368,0,0,0,24.38704,67.74177777777778,36,729.46846,6.68623703024748,456.76,4,12,16,44,4,47,12,11,3.399,-1.74251,0,1516.9859999999999,0,3,2188.40538
Sebastián Cáceres,2026-07-16,Other,Trabajo Compensatorio Seleccionados | Sesión 36,184.8118333333333,10253.04,55.47826573154137,292.63,0,0,1.5833942812103483,0,4,0,26.2178,74.92512574302698,34.992,1083.70235,5.863814726870845,1297.54,68,65,133,149,68,148,65,98,4.47299,-1.61063,0,980.4992,0,3,3251.10705
Víctor Dávila,2026-07-16,MD-2,Sesión 36,76.85,5308.15,69.07156798959011,0,0,0,0,0,0,0,20.61211,60.652395244821086,33.984,481.63669,6.267230839297333,383.76001,0,0,0,13,0,0,0,2,2.55821,-1.20019,0,394.0748,0,3,1444.91007
Alan Cervantes,2026-07-17,MD-1,Sesion 37,103.66666666666667,3948.34,38.086881028938905,50.62,0,0,0.48829581993569127,0,1,0,25.90446,80.040971449759,32.364,336.53219,3.2462912218649516,367.23001,7,3,10,40,7,20,3,15,4.34631,-1.73523,0,307.3168,0,3,1009.59657
Alejandro Cardenas,2026-07-17,MD-1,Sesion 37,103.66666666666667,3423.8900000000003,33.02787781350482,4.83,0,0,0.04659163987138264,0,0,0,22.12002,61.444500000000005,36,304.44151,2.936734823151125,304.29,18,13,31,47,18,50,13,24,4.65709,-4.03384,0,795.028,0,3,913.32453
Alexis Gutiérrez,2026-07-17,MD-1,Sesion 37,103.66666666666667,3322.5600000000004,32.05041800643087,22.430000000000003,0,0,0.21636655948553057,0,1,0,25.29335,78.0658950617284,32.4,315.14008,3.039936463022508,305.34,7,8,15,39,7,29,8,5,3.74738,-2.6201,0,262.0261,0,3,945.42024
Brian Rodríguez,2026-07-17,Other,Trabajo Seleccionados,76.1375,3666.1000000000004,48.15104252175341,111.52,0,0,1.464718437038253,0,0,0,24.14433,67.81353218739467,35.604,382.53,5.024199638811361,496.91,28,11,39,76,28,63,11,66,4.03486,-3.93838,0,306.02633,0,3,1147.59
Cristian Borja,2026-07-17,MD-1,Sesion 37,103.66666666666667,4452.08,42.94610932475884,136.9,0,0,1.3205787781350482,0,3,0,28.21802,83.03325094161957,33.984,471.70333,4.550192893890675,534.3100000000001,18,13,31,60,18,54,13,5,4.64362,-2.78079,0,408.7984,0,3,1415.10999
Dago Espinoza,2026-07-17,MD-1,Sesion 37,103.66666666666667,3883.99,37.466141479099676,72.52,0,0,0.6995498392282957,0,0,0,25.31427,71.17147435897436,35.568,330.04853,3.183747877813505,417.17,24,11,35,54,24,34,11,7,4.54087,-3.79242,0,357.3152,0,3,990.1455900000001
Diego Arriaga,2026-07-17,MD-1,Sesion 37,103.66666666666667,4156.71,40.0968810289389,66.19,0,0,0.6384887459807074,0,0,0,24.97998,69.38883333333334,36,408.70985,3.9425387459807073,408.6,12,8,20,58,12,42,8,15,4.29704,-3.18858,0,940.0820000000001,0,3,1226.12955
Emilio Lara,2026-07-17,MD-1,Sesión 37 pelon,72.65,3114.1,42.86441844459738,75.72,0,0,1.0422573984858912,0,2,0,29.73996,82.611,36,295.72885,4.07059669649002,381.20001,13,14,27,52,13,42,14,16,3.80665,-5.27505,0,254.4416,0,3,887.1865500000001
Erick Sánchez,2026-07-17,MD-1,Sesion 37,103.66666666666667,4217.2,40.680385852090026,102.27,0,0,0.9865273311897105,0,0,0,24.49583,76.53990126234221,32.004,421.0255,4.06133922829582,470.13001,15,8,23,52,15,39,8,23,3.7869,-3.09491,0,288.8394,0,3,1263.0765000000001
Franco Rossano,2026-07-17,MD-1,Sesion 37,103.66666666666667,3410.5600000000004,32.89929260450161,87.98,0,0,0.8486816720257234,0,1,0,25.75351,76.10375295508273,33.84,302.59515999999996,2.9189243729903533,318.11,16,7,23,41,16,24,7,8,4.56387,-1.88538,0,266.4893,0,3,907.7854799999999
Henry Martín,2026-07-17,MD-1,Sesion 37,103.66666666666667,3839.34,37.03543408360129,97.44,0,0,0.9399356913183279,0,1,0,26.86821,79.73709045584046,33.696,379.6714,3.662425080385852,422.5,15,11,26,54,15,53,11,18,3.92224,-3.4981,0,352.64,0,3,1139.0142
Icaro Conceicao,2026-07-17,MD-1,Sesion 37,103.66666666666667,4042.47,38.99488745980707,41.01,0,0,0.3955948553054662,0,0,0,24.38247,67.72908333333334,36,448.38513,4.32525848874598,418.43,16,12,28,59,16,43,12,40,4.36928,-3.99207,0,934.6080000000001,0,3,1345.15539
Isaías Violante,2026-07-17,MD-1,Sesion 37,103.66666666666667,4960.33,47.8488424437299,330.46,0,0,3.1877170418006426,28.81,11,3,30.62385,87.5167181069959,34.992,446.86695000000003,4.310613665594856,685.90999,27,14,41,61,27,45,14,21,4.68901,-2.47704,0,397.75602,0,3,1340.60085
Israel Reyes,2026-07-17,Other,Trabajo Seleccionados,76.1375,3920.3,51.48973895912001,35.25,0,0,0.4629781645050074,0,0,0,22.60483,68.47458499939417,33.012,464.24896,6.0975072730257756,505.81,16,6,22,72,16,56,6,68,4.12946,-3.33435,0,355.70574000000005,0,3,1392.7468800000001
José Raúl Zúñiga,2026-07-17,MD-1,Sesion 37,103.66666666666667,3500.03,33.76234726688103,0.5199999999999999,0,0,0.005016077170418005,0,0,0,20.89425,59.83462199312714,34.92,313.4097,3.0232446945337617,231.64,12,4,16,42,12,33,4,6,3.86699,-2.58413,0,308.888,0,3,940.2291
Kevin Álvarez,2026-07-17,MD-1,Sesion 37,103.66666666666667,4139.06,39.92662379421222,115.67,0,0,1.1157877813504822,4.069999999999999,2,0,30.13604,86.12265660722453,34.992,326.86823,3.153069742765273,561.29,21,17,38,61,21,53,17,8,4.75606,-3.74333,0,348.33949,0,3,980.6046899999999
Marioni Araujo,2026-07-17,MD-1,Sesion 37,103.66666666666667,3565.61,34.394951768488745,23.91,0,0,0.23064308681672024,0,0,0,22.5146,62.54055555555556,36,334.22188,3.224005273311897,259.96999999999997,5,7,12,31,5,24,7,11,3.4515,-2.85479,0,779.972,0,3,1002.6656399999999
Miguel Vázquez,2026-07-17,MD-1,Sesion 37,103.66666666666667,3247.68,31.328102893890673,16.52,0,0,0.15935691318327974,0,0,0,24.3178,71.55661487758944,33.984,317.46913,3.0624031832797427,283.43,12,10,22,46,12,34,10,15,3.50442,-2.97066,0,296.948,0,3,952.4073900000001
Pato Salas,2026-07-17,MD-1,Sesion 37,103.66666666666667,3029.0600000000004,29.21922829581994,0,0,0,0,0,0,0,20.49896,58.58184727937815,34.992,241.99347,2.334342154340836,175.09,9,6,15,29,9,31,6,9,4.22973,-2.40235,0,271.8952,0,3,725.98041
Ramón Juárez,2026-07-17,MD-1,Sesion 37,103.66666666666667,3871.85,37.34903536977492,50.12,0,0,0.48347266881028933,0,0,0,23.33112,70.67466375863322,33.012,356.57761,3.4396554019292602,367.07,11,6,17,50,11,39,6,12,3.93683,-2.98918,0,328.16325,0,3,1069.73283
Raphael Veiga,2026-07-17,MD-1,Sesion 37,103.66666666666667,3979.75,38.389871382636656,54.43,0,0,0.525048231511254,0,1,0,25.6503,80.14716910386203,32.004,311.8764,3.0084540192926044,329.44,9,6,15,40,9,25,6,6,4.08307,-2.62219,0,310.68309999999997,0,3,935.6292
Ricardo Gonzalez,2026-07-17,MD-1,Sesion 37,103.66666666666667,4156.75,40.097266881028936,49.39,0,0,0.47643086816720254,0,0,0,24.84488,69.01355555555556,36,392.52042,3.7863706109324755,368.22,19,15,34,50,19,41,15,11,4.08662,-3.37051,0,947.638,0,3,1177.56126
Sebastián Cáceres,2026-07-17,Other,Trabajo Seleccionados,76.1375,4046.36,53.14542768018388,127.21,0,0,1.6707929732392053,0,0,0,24.85011,71.01654663923183,34.992,477.18832,6.2674545394844845,580.70001,30,9,39,88,30,61,9,48,4.13149,-3.9791,0,382.3952,0,3,1431.56496
Alan Cervantes,2026-07-18,MD,Partido vs Querétaro J1,123.96333333333334,11934.76,96.27653338352738,636.22,0,0,5.132324074323052,0,9,0,29.0962,89.90297861821777,32.364,1202.78533,9.702750786522895,1984.55002,31,33,64,118,31,112,33,42,4.16505,-3.83553,0,972.0284,0,3,3608.35599
Alejandro Cardenas,2026-07-18,MD,Partido vs Querétaro J1,43.16583333333333,2449.04,56.735612656615,24.639999999999997,0,0,0.570821830537269,0,0,0,24.27484,67.43011111111112,36,249.93645,5.79014536960173,190.96,6,4,10,29,6,19,4,15,3.99352,-2.45715,0,553.668,0,3,749.80935
Alexis Gutiérrez,2026-07-18,MD,Partido vs Querétaro J1,62.62833333333333,4254.17,67.92724272826463,246.04,25.02,2,3.9285733294302365,8.9,5,1,30.51658,94.18697530864199,32.4,453.95698,7.248428240679139,708.38999,14,14,28,45,14,35,14,10,3.68013,-2.1465,0,345.0811,0,3,1361.87094
Brian Rodríguez,2026-07-18,Other,Trabajo Seleccionados,104.46666666666667,8746.550000000001,83.72574984045949,392.16999999999996,0,0,3.754020421186981,7.99,4,1,30.51072,85.69464105156725,35.604,671.30754,6.426045373324825,1234.90002,23,18,41,128,23,79,18,26,4.38643,-2.63833,0,718.02726,0,3,2013.92262
Cristian Borja,2026-07-18,MD,Partido vs Querétaro J1,134.78116666666668,11062.660000000002,82.07867815359961,505.48,19.810000000000002,1,3.7503756088573206,28.65,8,2,31.65871,93.15769185499057,33.984,1169.83893,8.679542987583575,1533.96,27,45,72,102,27,108,45,28,4.96485,-3.61949,0,1039.9472,0,3,3509.5167899999997
Dago Espinoza,2026-07-18,MD,Partido vs Querétaro J1,134.78116666666668,12420.63,92.15404723953766,854.61,0,0,6.340722677624346,19.400000000000002,17,1,31.58524,88.80240665766982,35.568,1119.70534,8.307580114432406,2127.20997,56,49,105,182,56,132,49,23,5.04787,-4.47427,0,1180.4168,0,3,3359.11602
Emilio Lara,2026-07-18,Other,Trabajo Seleccionados,104.46666666666667,10032.9,96.03924696873005,1023.49,0,0,9.79728781110402,0,17,0,29.45269,81.81302777777778,36,881.35869,8.436745596681558,1887.45002,29,28,57,113,29,77,28,21,4.42128,-2.66755,0,820.7493,0,3,2644.07607
Erick Sánchez,2026-07-18,MD,Partido vs Querétaro J1,134.78116666666668,12260.25,90.9641183795461,647.5300000000001,32.739999999999995,3,4.804306239620521,0,13,0,29.65815,92.67013498312711,32.004,1288.3537099999999,9.558855601734662,1853.59998,24,37,61,105,24,116,37,40,4.29089,-3.68214,0,852.8915999999999,0,3,3865.0611299999996
Franco Rossano,2026-07-18,MD,Partido vs Querétaro J1,38.35783333333333,1760.45,45.89544943014682,0,0,0,0,0,0,0,19.34911,57.178221040189115,33.84,211.63485,5.517382803164934,127.08000000000001,12,4,16,19,12,13,4,7,3.87366,-3.03735,0,137.9511,0,3,634.90455
Henry Martín,2026-07-18,MD,Partido vs Querétaro J1,130.32666666666668,10491.18,80.49910481354544,467.37,0,0,3.586142513683564,0,5,0,27.26528,80.91547958214626,33.696,1147.27872,8.80310031203642,1647.3,41,45,86,157,41,139,45,50,4.31216,-3.9919,0,1016.2848,0,3,3441.83616
Icaro Conceicao,2026-07-18,MD,Partido vs Querétaro J1,50.652833333333334,3275.15,64.65877196734635,138.79,0,0,2.7400244145605543,0,3,0,26.99518,74.98661111111112,36,441.20237000000003,8.710319659643917,404.94001,8,5,13,31,8,25,5,297,4.81753,-2.84248,0,741.23,0,3,1323.6071100000001
Isaías Violante,2026-07-18,MD,Partido vs Querétaro J1,134.78116666666668,12539.16,93.03347277747756,823.8299999999999,1.6700000000000002,0,6.1123524923734385,32.160000000000004,17,1,31.33482,89.5485253772291,34.992,1089.53458,8.083730145284887,2021.42998,38,46,84,128,38,127,46,33,4.36318,-3.93302,0,1012.52532,0,3,3268.60374
Israel Reyes,2026-07-18,Other,Trabajo Seleccionados,104.46666666666667,9041.460000000001,86.54875558391832,185.04000000000002,0,0,1.7712827058072753,0,0,0,24.92789,75.51160184175451,33.012,868.56145,8.314244894703254,1032.09997,12,22,34,102,12,90,22,30,3.95576,-2.23206,0,813.53142,0,3,2605.68435
José Raúl Zúñiga,2026-07-18,MD,Partido vs Querétaro J1,38.35783333333333,2012.9700000000003,52.47872012235659,0,0,0,0,0,0,0,20.38388,58.37308132875143,34.92,229.43171,5.981352179259344,119.91,6,3,9,17,6,9,3,3,3.67796,-2.47646,0,177.332,0,3,688.29513
Kevin Álvarez,2026-07-18,MD,Partido vs Querétaro J1,114.0725,10352.320000000002,90.75210940410705,912.92,11.93,1,8.002980560608384,34.51,23,2,31.65133,90.45304641060815,34.992,880.03355,7.71468627408008,1967.19999,37,50,87,129,37,128,50,34,4.6265,-4.14579,0,881.0844400000001,0,3,2640.10065
Marioni Araujo,2026-07-18,MD,Partido vs Querétaro J1,38.35783333333333,1942.78,50.64884617222906,3.9699999999999998,0,0,0.10349906798698223,0,0,0,21.50489,59.73580555555556,36,256.40185,6.684471663762727,138.48,3,3,6,22,3,13,3,2,3.67352,-3.1004,0,444.682,0,3,769.2055500000001
Miguel Vázquez,2026-07-18,MD,Partido vs Querétaro J1,134.78116666666668,11391.640000000001,84.51952362286026,425.98999999999995,0,0,3.160604782814611,0,10,0,29.36677,86.41351812617701,33.984,1096.9189900000001,8.138518289523635,1591.07,22,45,67,108,22,130,45,40,3.90336,-4.04098,74.2,1061.1992,0,3,3290.7569700000004
Pato Salas,2026-07-18,MD,Partido vs Querétaro J1,38.35783333333333,2173.77,56.670823430242415,4.41,0,0,0.11496999743642108,0,0,0,21.77638,62.23245313214449,34.992,241.66652,6.300317275480454,159,7,4,11,23,7,16,4,4,4.14587,-2.88379,0,202.2376,0,3,724.99956
Ramón Juárez,2026-07-18,MD,Partido vs Querétaro J1,134.78116666666668,11377.37,84.41364829655973,491.89,0,0,3.649545497825487,0,4,0,27.12986,82.18181267417908,33.012,1063.97135,7.894065441882953,1629.74998,34,41,75,132,34,116,41,59,4.29236,-3.69383,0,993.0172500000001,0,3,3191.9140500000003
Raphael Veiga,2026-07-18,MD,Partido vs Querétaro J1,125.00450000000001,11505.3,92.03908659288264,507.15,19.689999999999998,2,4.057053946057941,1.66,9,0,29.89055,93.39629421322336,32.004,1042.4873,8.339598174465719,1776.4,18,28,46,138,18,102,28,29,4.26276,-4.42349,0,939.4286999999999,0,3,3127.4619000000002
Ricardo Gonzalez,2026-07-18,MD,Partido vs Querétaro J1,38.35783333333333,1977.68,51.55869943992318,0,0,0,0,0,0,0,19.77327,54.925749999999994,36,234.21619,6.106084980469005,124.19,5,4,9,21,5,20,4,3,4.01925,-3.00238,0,448.192,0,3,702.6485700000001
Sebastián Cáceres,2026-07-18,Other,Trabajo Seleccionados,104.46666666666667,8747.76,83.73733248245054,293.03,0,0,2.8050095724313975,0,4,0,28.00712,80.03863740283495,34.992,852.93809,8.164691352903636,1296.6599999999999,32,42,74,162,32,126,42,55,4.24346,-4.07517,0,837.8552,0,3,2558.81427
Adrian Fernandez,2026-07-20,MD+2,Sesión 38,143.01666666666668,6431.46,44.97000349609602,77.42,0,0,0.5413355086819718,0,0,0,24.59109,68.30858333333335,36,742.12196,5.1890592704812954,1029.8200100000001,36,28,64,143,36,110,28,73,4.69097,-1.85218,0,1575.55,0,3,2226.36588
Alan Cervantes,2026-07-20,MD+2,Sesión 38,62.95,3508.87,55.740587768069894,0,0,0,0,0,0,0,19.97086,61.707020145841064,32.364,372.44172,5.916468943606036,109.33,2,3,5,15,2,10,3,9,3.4579,-0.99185,0,264.18420000000003,0,3,1117.3251599999999
Alejandro Cardenas,2026-07-20,MD+2,Sesión 38,143.01666666666668,7114.21,49.743922619741284,81.11,0,0,0.5671366973546206,0,0,0,23.85878,66.2743888888889,36,661.08372,4.622424332828341,1103.17998,47,48,95,153,47,143,48,83,4.62268,-1.94231,0,1758.0420000000001,0,3,1983.2511599999998
Alexis Gutiérrez,2026-07-20,MD+2,Sesión 38,143.01666666666668,7745.16,54.155646195082156,154.5,0,0,1.0802936720661926,0,1,0,26.29203,81.14824074074075,32.4,942.64873,6.591180957930311,1326.80002,52,46,98,164,52,156,46,48,4.24189,-2.32738,0,667.9029,0,3,2827.94619
Brian Rodríguez,2026-07-20,MD+2,Sesión 38,143.01666666666668,7615.41,53.24840927630812,173.94,0,0,1.2162218855611233,0,1,0,27.50447,77.25106729580946,35.604,666.50575,4.660336207901177,1111.12002,41,31,72,130,41,115,31,60,4.86275,-2.6638,0,652.13145,0,3,1999.51725
Cristian Borja,2026-07-20,MD+2,Sesión 38,62.95,3546.38,56.33645750595711,8.69,0,0,0.13804606830818109,0,0,0,22.18168,65.27095103578155,33.984,516.06264,8.197976806989674,117.55,2,2,4,17,2,14,2,31,3.15888,-0.99246,0,305.62480000000005,0,3,1548.1879199999998
Dago Espinoza,2026-07-20,MD+2,Sesión 38,62.95,3462.9,55.01032565528197,0,0,0,0,0,0,0,20.10302,56.51996176338282,35.568,367.88039000000003,5.8440093725178714,120.46000000000001,6,2,8,21,6,12,2,11,3.59945,-1.17708,0,298.7952,0,3,1103.64117
Diego Arriaga,2026-07-20,MD+2,Sesión 38,143.01666666666668,7499.259999999999,52.43626616944411,78.22,0,0,0.5469292623237384,0,1,0,29.24987,81.2496388888889,36,794.49968,5.555294347978091,878.17001,28,25,53,120,28,102,25,81,4.33785,-2.48322,0,1763.83,0,3,2383.49904
Emilio Lara,2026-07-20,MD+2,Sesión 38,143.01666666666668,8777.98,61.377321990443996,435.59,0,0,3.045728936021442,0,3,0,27.37488,76.04133333333334,36,955.5753,6.681566017946626,1526.99999,51,49,100,168,51,135,49,61,4.7689,-2.13977,0,751.6256999999999,0,3,2866.7259
Erick Sánchez,2026-07-20,MD+2,Sesión 38,62.95,3358,53.343923749007146,24.639999999999997,0,0,0.39142176330420964,0,0,0,23.53554,73.53937007874016,32.004,422.46515,6.711122319301032,129.11,3,1,4,14,3,17,1,4,3.37246,-1.18158,0,218.6904,0,3,1267.39545
Franco Rossano,2026-07-20,MD+2,Sesión 38,143.01666666666668,7557.32,52.84223283999533,193.53000000000003,0,0,1.3531989278638854,0,3,0,26.37084,77.92801418439716,33.84,742.11475,5.189008856776598,1090.01002,56,41,97,148,56,119,41,47,4.71453,-2.27823,0,642.0645000000001,0,3,2226.34425
Henry Martín,2026-07-20,MD+2,Sesión 38,62.95,3392.5299999999997,53.8924543288324,3.21,0,0,0.050992851469420175,0,0,0,21.4121,63.54493114909781,33.696,401.38733,6.376288006354249,114.4,3,4,7,17,3,17,4,9,3.19999,-1.5613,0,294.9504,0,3,1204.16199
Icaro Conceicao,2026-07-20,MD+2,Sesión 38,143.01666666666668,7254.83,50.727164666122825,89.74,0,0,0.6274793147651788,0,2,0,26.36911,73.24752777777778,36,860.0733700000001,6.013798182030066,862.98002,21,23,44,116,21,100,23,261,5.07603,-2.52244,0,1729.082,0,3,2580.22011
Isaías Violante,2026-07-20,MD+2,Sesión 38,62.95,3715.0299999999997,59.0155679110405,21.140000000000004,0,0,0.33582208101667993,0,0,0,24.92619,71.23396776406035,34.992,407.59738,6.474938522637013,120.61,3,6,9,14,3,10,6,11,3.85076,-1.17042,0,273.95277,0,3,1222.79214
Israel Reyes,2026-07-20,MD+2,Sesión 38,143.01666666666668,8266.289999999999,57.799487239249494,114.77,0,0,0.8024938818319542,0,1,0,25.62495,77.62313704107596,33.012,856.46627,5.9885766460785455,1094.47,41,30,71,130,41,106,30,54,4.37431,-3.04528,0,774.96822,0,3,2569.39881
José Raúl Zúñiga,2026-07-20,MD+2,Sesión 38,143.01666666666668,1875.93,13.116862836499243,12.01,0,0,0.08397622654702248,0,0,0,22.3279,63.94014891179839,34.92,245.28918,1.7151090548887074,236.3,18,4,22,35,18,23,4,18,4.15107,0,0,180.4896,0,3,735.86754
Kevin Álvarez,2026-07-20,MD+2,Sesión 38,62.95,3654.2899999999995,58.050675138999196,17.26,0,0,0.2741858617950755,0,0,0,24.8264,70.9487882944673,34.992,390.61905,6.205227164416203,181.97000000000003,8,7,15,24,8,21,7,11,3.62486,-1.15016,0,289.50463,0,3,1171.85715
Marioni Araujo,2026-07-20,MD+2,Sesión 38,143.01666666666668,7438.66,52.01253933108029,39.739999999999995,0,0,0.2778697121547605,0,0,0,22.62774,62.854833333333325,36,951.6211099999999,6.653917562055703,991.62001,19,34,53,138,19,134,34,50,4.24005,-1.37654,0,1781.42,0,3,2854.8633299999997
Miguel Vázquez,2026-07-20,MD+2,Sesión 38,62.95,3135.17,49.804130262112785,0,0,0,0,0,0,0,19.91951,58.61437735404896,33.984,397.50473999999997,6.314610643367751,64.24000000000001,0,2,2,8,0,5,2,12,2.82658,-1.0521,0,266.1912,0,3,1192.51422
Pato Salas,2026-07-20,MD+2,Sesión 38,143.01666666666668,6856.3099999999995,47.94063628947674,73.51,0,0,0.5139960377578371,0,1,0,25.77935,73.67212505715594,34.992,654.66224,4.577524111408926,1023.01998,39,31,70,134,39,129,31,54,4.28597,-2.31242,0,665.5,0,3,1963.9867199999999
Ramón Juárez,2026-07-20,MD+2,Sesión 38,62.95,3356.24,53.31596505162827,0,0,0,0,0,0,0,18.90698,57.27305222343391,33.012,379.28647,6.025202065131056,122.76,1,2,3,15,1,12,2,5,3.15048,-1.04755,0,269.15325,0,3,1137.85941
Raphael Veiga,2026-07-20,MD+2,Sesión 38,62.95,3631.4599999999996,57.688006354249396,0,0,0,0,0,0,0,19.79833,61.86204849393826,32.004,382.30915,6.073219221604448,104.21,3,1,4,14,3,10,1,12,3.11629,-0.70741,0,273.42,0,3,1146.92745
Ricardo Gonzalez,2026-07-20,MD+2,Sesión 38,143.01666666666668,8143.67,56.94210464980771,51.949999999999996,0,0,0.3632443771122246,0,0,0,25.18311,69.95308333333334,36,895.45221,6.261173825894417,1201.34999,33,55,88,158,33,167,55,50,4.46747,-2.00363,0,1999.6280000000002,0,3,2686.35663
Santiago Camarena,2026-07-20,MD+2,Sesión 38,143.01666666666668,8235,57.5807015499359,60.43,0,0,0.4225381657149516,0,0,0,22.8955,63.598611111111104,36,971.71973,6.79445097308006,1116.72998,31,43,74,138,31,121,43,78,4.3327,-2.14859,0,1958.068,0,3,2915.1591900000003
Sebastián Cáceres,2026-07-20,MD+2,Sesión 38,143.01666666666668,7620.17,53.28169211047663,224.30000000000004,0,0,1.568348677310337,0,2,0,26.34974,75.30218335619571,34.992,788.53214,5.5135681622188555,1175.13997,54,57,111,163,54,146,57,74,5.17165,-3.89965,0,763.8776,0,3,2365.59642
Víctor Dávila,2026-07-20,MD+2,Sesión 38,62.95,3567.8999999999996,56.678316123907855,0,0,0,0,0,0,0,17.55061,51.643744114877585,33.984,370.654,5.888069896743447,47.23,0,0,0,4,0,2,0,3,2.63998,-1.2341,0,264.7701,0,3,1111.962
Adrian Fernandez,2026-07-21,MD-3,Sesión 39,67.649,4048.5500000000006,59.84641310292836,153.25,0,0,2.2653697763455485,0,2,0,26.15428,72.65077777777778,36,416.71587,6.159970879096512,784.1500100000001,29,9,38,87,29,48,9,15,4.45625,-2.15401,0,990.9159999999999,0,3,1250.14761
Alan Cervantes,2026-07-21,Other,Vespertina seleccionados | Sesión 39,122.58216666666667,6410.25,52.29349565529515,542.8,2.35,1,4.428050300954597,0,11,0,29.25374,90.38975404770734,32.364,669.56059,5.462137015580026,1057.09999,43,14,57,93,43,46,14,13,3.9577,-1.88524,0,525.5922,0,3,2008.6817700000001
Alejandro Cardenas,2026-07-21,MD-3,Sesión 39,67.649,4040.75,59.73111206374078,150.39999999999998,0,0,2.223240550488551,0,1,0,27.13385,75.37180555555555,36,328.22489,4.851880885157208,778.41,24,25,49,75,24,52,25,18,4.14711,-2.18785,0,1005.1940000000001,0,3,984.6746700000001
Alexis Gutiérrez,2026-07-21,MD-3,Sesión 39,67.649,4336.610000000001,64.10456917323243,368.89,17.41,2,5.453000044346553,13.37,7,1,30.9184,95.42716049382716,32.4,447.59844999999996,6.616482874839243,961.5700400000001,19,10,29,78,19,44,10,3,4.01311,-2.08884,0,370.2671,0,3,1342.7953499999999
Brian Rodríguez,2026-07-21,Other,Vespertina seleccionados | Sesión 39,130.82683333333333,7691.9800000000005,58.79512485333667,682.6,0.91,0,5.217584058316273,74.42,19,5,32.04104,89.99280979665207,35.604,728.7228,5.570132528877231,1483.42,60,25,85,136,60,109,25,29,4.52315,-2.46654,0,659.80513,0,3,2186.1684
Cristian Borja,2026-07-21,MD-3,Sesión 39,67.649,4580.96,67.71659595855076,374.86,0,0,5.541249685878579,10.540000000000001,9,1,30.25477,89.0265124764595,33.984,532.0191,7.864404499696965,931.73002,17,21,38,64,17,54,21,2,4.19742,-2.48395,0,443.41519999999997,0,3,1596.0573
Dago Espinoza,2026-07-21,MD-3,Sesión 39,67.649,4871.42,72.01022927168177,345.72999999999996,0,0,5.110644651066534,3.77,8,0,30.22023,84.96465924426452,35.568,424.1818,6.270333633904419,946.5200100000001,32,15,47,88,32,41,15,3,4.92343,-2.14964,0,475.6616,0,3,1272.5454
Diego Arriaga,2026-07-21,MD-3,Sesión 39,67.649,4662.12,68.91631805348194,339.34000000000003,0,0,5.016186492039794,4.81,8,1,30.12553,83.68202777777778,36,470.49717,6.954975978950169,929.08,19,15,34,67,19,43,15,16,3.93648,-1.77331,0,1124.204,0,3,1411.4915099999998
Emilio Lara,2026-07-21,MD-3,Sesión 39,67.649,4968.35,73.44306641635501,352.63999999999993,0,0,5.2127895460391125,0,9,0,29.74377,82.62158333333333,36,447.25901,6.6114652101287525,954.71001,20,14,34,66,20,42,14,10,3.93406,-3.64772,0,413.57259999999997,0,3,1341.77703
Erick Sánchez,2026-07-21,MD-3,Sesión 39,67.649,4578.88,67.6858490147674,264.34000000000003,24.819999999999997,1,3.907522653697764,0,2,0,29.52028,92.23934508186477,32.004,484.87434,7.1675019586394475,869.39998,26,12,38,60,26,48,12,6,4.19572,-1.90815,0,329.2092,0,3,1454.62302
Franco Rossano,2026-07-21,MD-3,Sesión 39,67.649,4327.5199999999995,63.970199116025356,308.29,0,0,4.557199662966194,0,8,0,28.89395,85.38401300236406,33.84,424.01584,6.267880382562935,834.01,18,12,30,61,18,46,12,10,4.14224,-1.75709,0,364.09590000000003,0,3,1272.04752
Henry Martín,2026-07-21,MD-3,Sesión 39,67.649,4259.679999999999,62.967375718783714,177.21,0,0,2.619550917234549,0,3,0,28.58215,84.8235695631529,33.696,407.41456,6.0224771984803915,861.0999999999999,23,20,43,88,23,55,20,16,4.13139,-2.52597,0,421.9344,0,3,1222.24368
Icaro Conceicao,2026-07-21,MD-3,Sesión 39,67.649,4967.12,73.4248843294062,452.11999999999995,0,0,6.683321261215982,0,7,0,29.32702,81.46394444444445,36,542.60815,8.020933790595574,1108.60001,31,21,52,78,31,61,21,5,4.17289,-3.29319,0,1217.1100000000001,0,3,1627.82445
Isaías Violante,2026-07-21,MD-3,Sesión 39,67.649,5079.889999999999,75.09187127673727,421.29,0,0,6.227586512734852,0,8,0,28.44382,81.28663694558756,34.992,473.3663,6.997387987996866,1005.88998,21,20,41,61,21,51,20,6,3.99536,-2.5091,0,420.53913,0,3,1420.0989
Israel Reyes,2026-07-21,Other,Vespertina seleccionados | Sesión 39,130.82683333333333,8256.06,63.1067785533294,641.25,0,0,4.901517400227528,0,10,0,29.41373,89.1001151096571,33.012,968.46488,7.402647112404311,1437.71001,28,22,50,137,28,105,22,69,4.16096,-2.11507,0,769.81398,0,3,2905.39464
Kevin Álvarez,2026-07-21,MD-3,Sesión 39,67.649,4521.3,66.83469083061095,316.34000000000003,0,0,4.676196248281571,0,10,0,29.31687,83.78163580246914,34.992,369.41492999999997,5.460759656462032,1023.48002,21,17,38,82,21,47,17,10,4.65084,-2.17309,0,397.30393000000004,0,3,1108.24479
Marioni Araujo,2026-07-21,MD-3,Sesión 39,56.212999999999994,3637.79,64.71438990980735,314.84000000000003,0,0,5.600839663423053,0,6,0,27.22285,75.61902777777777,36,361.59006,6.432498888157544,714.69,12,14,26,45,12,41,14,3,3.76633,-4.08926,0,869.9899999999999,0,3,1084.77018
Miguel Vázquez,2026-07-21,MD-3,Sesión 39,67.649,3941.86,58.26930183742554,150.14,0,0,2.219397182515632,0,0,0,23.67992,69.67961393596987,33.984,411.35098,6.080666085234076,718.35998,9,17,26,58,9,47,17,5,3.58687,-2.28797,0,380.9304,0,3,1234.05294
Pato Salas,2026-07-21,MD-3,Sesión 39,67.649,4017.9799999999996,59.39452172242013,198.14000000000001,0,0,2.9289420390545318,0,3,0,27.55548,78.74794238683128,34.992,341.52265,5.048450827063223,824.94,11,18,29,73,11,44,18,5,4.43653,-2.27207,0,395.3304,0,3,1024.56795
Ramón Juárez,2026-07-21,MD-3,Sesión 39,67.649,4063.76,60.071250129344115,99.46,0,0,1.4702360714866443,0,1,0,27.04193,81.91545498606567,33.012,376.6495,5.56770240506142,696.5699999999999,16,6,22,69,16,38,6,7,4.04376,-1.88058,0,361.81275,0,3,1129.9485
Raphael Veiga,2026-07-21,MD-3,Sesión 39,67.649,4241.26,62.69508788008692,118.11000000000001,4.720000000000001,1,1.7459238126210292,0,2,0,28.90342,90.31189851268591,32.004,362.97456999999997,5.365557066623305,699.34,11,17,28,65,11,50,17,11,4.04346,-2.49083,0,355.7729,0,3,1088.92371
Ricardo Gonzalez,2026-07-21,MD-3,Sesión 39,67.649,5059.89,74.79622758651274,258.85999999999996,0,0,3.826516282576238,0,8,0,29.28584,81.34955555555555,36,506.30413000000004,7.484281068456297,855.61001,12,20,32,65,12,51,20,14,4.01974,-2.16456,0,1198.898,0,3,1518.9123900000002
Santiago Camarena,2026-07-21,MD-3,Sesión 39,67.649,4985.58,73.69776345548345,259.84000000000003,0,0,3.841002823397242,0,2,0,26.84098,74.55827777777777,36,516.21361,7.630764830226611,919.75997,15,8,23,63,15,36,8,10,3.84027,-2.4507,0,1162.26,0,3,1548.64083
Sebastián Cáceres,2026-07-21,Other,Vespertina seleccionados | Sesión 39,130.82683333333333,8139.77,62.2178936278363,853.7099999999999,1.73,0,6.525496171147356,27.36,17,1,31.32208,89.51211705532694,34.992,897.0345100000001,6.856655375235204,1821.83001,70,59,129,190,70,153,59,80,4.60516,-2.6402,0,821.3496,0,3,2691.1035300000003
Víctor Dávila,2026-07-21,Other,Vespertina seleccionados | Sesión 39,130.82683333333333,7124.04,54.45396650279441,436.26,0,0,3.334637007443682,0,1,0,25.13394,73.95815677966101,33.984,766.5307300000001,5.859124695367032,1007.45001,21,14,35,71,21,46,14,24,3.73028,-1.38662,0,574.4123,0,3,2299.5921900000003
Adrian Fernandez,2026-07-22,MD-2,Sesión 40,76.76216666666667,4642.17,60.474713020520085,158.87,0,0,2.0696393405605624,0,1,0,25.91282,71.98005555555555,36,455.39061,5.932487705532021,727.19001,24,18,42,62,24,48,18,27,4.36679,-1.75109,0,1106.858,0,3,1366.17183
Alan Cervantes,2026-07-22,Other,Sesión vespertina 22 de Julio | Sesión 40,106.12916666666666,4963.15,46.7651839346708,14.71,0,0,0.13860468768403283,0,0,0,25.04818,77.39519218885181,32.364,524.91961,4.946044772486357,750.00999,14,17,31,64,14,76,17,24,4.21239,-1.28172,0,412.3819,0,3,1574.7588300000002
Alejandro Cardenas,2026-07-22,MD-2,Sesión 40,76.76216666666667,4439.579999999999,57.8355222733421,172.57,0,0,2.2481126770349107,0,5,0,26.55816,73.77266666666667,36,372.90336,4.857905608882848,614.69,10,18,28,49,10,31,18,15,4.5442,-1.99059,0,1028.72,0,3,1118.71008
Alexis Gutiérrez,2026-07-22,MD-2,Sesión 40,76.76216666666667,5058.01,65.89196500880425,144.22000000000003,0,0,1.878790115790548,0,3,0,28.17974,86.97450617283951,32.4,502.83948,6.550616036980022,719.55,18,7,25,64,18,35,7,5,4.29435,-1.88372,0,410.9021,0,3,1508.5184399999998
Brian Rodríguez,2026-07-22,Other,Sesión vespertina 22 de Julio | Sesión 40,91.16066666666666,5010.73,54.965920974689375,121.43,0,0,1.3320437908162148,0,1,0,25.24001,70.89093922031233,35.604,462.50969,5.073566340746375,971.72001,46,50,96,111,46,103,50,48,4.64571,-3.01431,0,446.09371,0,3,1387.52907
Cristian Borja,2026-07-22,MD-2,Sesión 40,76.76216666666667,5113.88,66.61979751309781,160.38,0,0,2.0893104893252534,0,3,0,26.8469,78.99864642184558,33.984,584.1535,7.609914172129065,733.15999,13,16,29,49,13,47,16,14,4.26299,-2.2676,0,476.6376,0,3,1752.4605000000001
Dago Espinoza,2026-07-22,MD-2,Sesión 40,76.76216666666667,5204.19,67.79628853623637,313.59,0,0,4.085215590145318,0,11,0,29.2171,82.14434322986955,35.568,450.31588,5.866377924889213,768.02001,20,20,40,67,20,39,20,8,4.64123,-1.91389,0,494.92719999999997,0,3,1350.9476399999999
Diego Arriaga,2026-07-22,MD-2,Sesión 40,76.76216666666667,5046.5,65.74202135166412,244.34,0,0,3.18307846964542,0,6,0,28.19754,78.3265,36,481.6447,6.274506321473469,763.48998,15,19,34,53,15,51,19,21,3.93397,-1.53562,0,1178.79,0,3,1444.9341
Emilio Lara,2026-07-22,MD-2,Sesión 40,76.76216666666667,4930.5599999999995,64.2316418895593,187.91000000000003,0,0,2.447950704882831,0,4,0,28.25237,78.47880555555555,36,466.73165,6.080230278370638,686.98001,13,21,34,53,13,46,21,16,4.39234,-2.26574,0,401.1483,0,3,1400.19495
Erick Sánchez,2026-07-22,MD-2,Sesión 40,76.76216666666667,4735.53,61.69093715871316,294.66999999999996,0,0,3.838740004298992,0,5,0,28.71162,89.71259842519686,32.004,484.80784,6.315713339687736,762.05,23,23,46,59,23,54,23,13,4.0832,-2.16507,0,340.4964,0,3,1454.42352
Franco Rossano,2026-07-22,MD-2,Sesión 40,76.76216666666667,4734.5,61.67751909035049,260.17,0,0,3.389299850403736,0,6,0,29.56963,87.38070330969266,33.84,407.5571,5.309348572321868,700.59,21,11,32,67,21,52,11,10,4.42661,-1.89175,0,391.27200000000005,0,3,1222.6713
Henry Martín,2026-07-22,MD-2,Sesión 40,76.76216666666667,4327.87,56.38024808228011,117.17,0,0,1.5264029806349915,0,0,0,25.17154,74.70186372269706,33.696,402.19368000000003,5.23947795463477,673.64001,17,17,34,65,17,47,17,14,4.18196,-2.1571,0,408.3096,0,3,1206.58104
Icaro Conceicao,2026-07-22,MD-2,Sesión 40,76.76216666666667,5088.87,66.29398596965085,222.3,0,0,2.8959578611859573,0,4,0,26.88172,74.67144444444445,36,572.93773,7.463803523002867,842.5300100000001,25,20,45,59,25,58,20,18,4.45689,-1.79676,0,1219.522,0,3,1718.8131899999998
Isaías Violante,2026-07-22,MD-2,Sesión 40,76.76216666666667,4937.26,64.31892447017086,200.49,0,0,2.61183352041913,0,4,0,28.01388,80.0579561042524,34.992,405.95324,5.288454685793566,672.25999,18,12,30,45,18,45,12,10,4.50822,-1.87198,0,392.69211,0,3,1217.85972
Israel Reyes,2026-07-22,Other,Sesión vespertina 22 de Julio | Sesión 40,91.16066666666666,5019.24,55.059272639515584,48.480000000000004,0,0,0.53180830913917565,0,1,0,25.97433,78.6814794620138,33.012,567.59174,6.226278950717049,981.01,32,55,87,115,32,119,55,48,3.9098,-2.59162,0,488.77764,0,3,1702.77522
Kevin Álvarez,2026-07-22,MD-2,Sesión 40,76.76216666666667,5201.0199999999995,67.75499215108135,364.36,0,0,4.746609115167411,7.38,8,1,30.56247,87.34130658436216,34.992,422.50198,5.504039272818858,935.59001,18,20,38,67,18,52,20,15,4.76255,-2.13705,0,438.68628,0,3,1267.50594
Marioni Araujo,2026-07-22,MD-2,Sesión 40,76.76216666666667,4514.8099999999995,58.81556235385052,125.18,0,0,1.6307512598437164,0,1,0,26.80534,74.45927777777777,36,468.78382,6.106964411721919,585.5899900000001,8,13,21,60,8,49,13,13,4.14445,-1.4456,0,1049.368,0,3,1406.3514599999999
Miguel Vázquez,2026-07-22,MD-2,Sesión 40,76.76216666666667,4141.459999999999,53.951838253653584,124.2,0,0,1.6179845540229236,0,3,0,26.92116,79.21716101694915,33.984,423.69926,5.519636539701632,502.74,7,19,26,40,7,41,19,20,4.4310600000000004,-2.041,0,387.9344,0,3,1271.09778
Pato Salas,2026-07-22,MD-2,Sesión 40,76.76216666666667,4012.9400000000005,52.27757597601249,188.5,0,0,2.455636782876981,0,3,0,26.53735,75.83833447645176,34.992,324.56546000000003,4.228195660622746,598.1,20,17,37,56,20,47,17,5,4.13131,-1.81766,0,380.69919999999996,0,3,973.6963800000001
Ramón Juárez,2026-07-22,MD-2,Sesión 40,76.76216666666667,4075.24,53.089173703191456,175.98,0,0,2.2925356023909345,0,3,0,27.36774,82.90239912758996,33.012,385.22441,5.018415017814765,583.5200199999999,14,12,26,52,14,37,12,8,4.18914,-2.20172,0,354.53475,0,3,1155.6732299999999
Raphael Veiga,2026-07-22,MD-2,Sesión 40,76.76216666666667,4490.31,58.49639470833071,151.15,0,0,1.9690689640947254,0,6,0,28.68002,89.61386076740408,32.004,388.41665,5.0600011290284055,543.07999,8,14,22,32,8,39,14,6,4.20332,-2.09064,0,362.8471,0,3,1165.24995
Ricardo Gonzalez,2026-07-22,MD-2,Sesión 40,76.76216666666667,5338.45,69.54532723368499,74.85,0,0,0.9750897251901435,0,1,0,25.44296,70.67488888888889,36,511.33966,6.661350014004294,542.70001,9,15,24,37,9,46,15,13,4.42596,-1.76968,0,1209.306,0,3,1534.0189799999998
Santiago Camarena,2026-07-22,MD-2,Sesión 40,76.76216666666667,5422.27,70.6372713988879,159.67000000000002,0,0,2.0800611412305976,0,4,0,25.7063,71.40638888888888,36,527.02124,6.865637890193303,723.26001,15,17,32,49,15,41,17,7,4.67919,-2.07731,0,1248.912,0,3,1581.06372
Sebastián Cáceres,2026-07-22,Other,Sesión vespertina 22 de Julio | Sesión 40,91.16066666666666,5294.52,58.0789960582415,128.82,0,0,1.41310945510125,0,2,0,26.43033,75.53249314128945,34.992,614.43372,6.740118764671899,1143.04,57,66,123,140,57,137,66,54,4.46656,-3.48318,0,548.2144,0,3,1843.30116
Adrian Fernandez,2026-07-23,MD-1,Sesión 41,80.20599999999999,2963.76,36.95184898885371,149.59,0,0,1.8650724384709376,1.49,2,0,29.90848,83.07911111111112,36,341.85928,4.262265665910282,422.15001,19,10,29,39,19,33,10,17,4.73487,-0.20299,0,683.3599999999999,0,3,1025.57784
Alan Cervantes,2026-07-23,Other,Sesión AM Seleccionados,77.31700000000001,7539.96,97.52007967199968,106.56,0,0,1.3782221245004331,0,1,0,25.70888,79.43665801507849,32.364,776.52268,10.043362779207676,862.27,16,10,26,111,16,60,10,20,3.70159,-2.23486,0,618.366,0,3,2329.56804
Alejandro Cardenas,2026-07-23,MD-1,Sesión 41,80.20599999999999,2549.14,31.782410293494255,40.61,0,0,0.5063212228511583,0,1,0,25.88164,71.89344444444444,36,243.61819000000003,3.037406054409895,228.8,12,4,16,26,12,22,4,14,4.83809,0,0,566.2560000000001,0,3,730.8545700000001
Alexis Gutiérrez,2026-07-23,MD-1,Sesión 41,80.20599999999999,3265.5,40.71391167743062,96.52999999999999,0,0,1.2035259207540583,0,1,0,25.21399,77.82095679012345,32.4,360.49361,4.494596538912301,410.13000999999997,14,8,22,37,14,28,8,6,4.36484,-0.56024,0,261.1322,0,3,1081.48083
Brian Rodríguez,2026-07-23,Other,Sesión AM Seleccionados,77.31700000000001,7163.47,92.65064604162086,73.86999999999999,0,0,0.9554173079659064,0,1,0,25.6321,71.99219188855184,35.604,637.66094,8.247357502231074,922.31,26,18,44,123,26,83,18,26,5.02576,-2.24373,0,608.38551,0,3,1912.98282
Cristian Borja,2026-07-23,MD-1,Sesión 41,80.20599999999999,3590.06,44.76049173378551,203.87999999999997,0,0,2.5419544672468395,0,3,0,28.32644,83.3522834274953,33.984,441.0741,5.4992656409744916,538.38999,18,6,24,44,18,39,6,13,4.48081,0,0,329.116,0,3,1323.2223
Dago Espinoza,2026-07-23,MD-1,Sesión 41,80.20599999999999,3000.4300000000003,37.40904670473532,94.19000000000001,0,0,1.174351046056405,0,1,0,29.0503,81.67538236617185,35.568,274.19491,3.4186333940104237,383.55001,25,7,32,45,25,31,7,7,4.77666,0,0,280.46000000000004,0,3,822.58473
Diego Arriaga,2026-07-23,MD-1,Sesión 41,80.20599999999999,3115.0299999999997,38.83786749121013,74,0,0,0.9226242425753686,0,1,0,25.61625,71.15625,36,295.12059999999997,3.679532703289031,318.46999,11,2,13,31,11,20,2,10,4.15333,0,0,693.3480000000001,0,3,885.3617999999999
Emilio Lara,2026-07-23,MD-1,Sesión 41,80.20599999999999,3628.85,45.24412138742738,198.04,0,0,2.4691419594544053,0,4,0,28.77386,79.92738888888888,36,359.9031,4.487234122135502,453.30998999999997,15,7,22,34,15,23,7,10,4.2892,0,0,288.10110000000003,0,3,1079.7093
Erick Sánchez,2026-07-23,MD-1,Sesión 41,80.20599999999999,3543.7400000000002,44.18297882951401,194.01,0,0,2.4188963419195573,0,5,0,27.75937,86.73718910136233,32.004,401.59325,5.007022541954468,535.77,20,11,31,48,20,42,11,11,4.94633,0,0,246.87060000000002,0,3,1204.7797500000001
Franco Rossano,2026-07-23,MD-1,Sesión 41,80.20599999999999,2728.05,34.01304141834776,78.09,0,0,0.9736179338204126,0,2,0,27.73173,81.94955673758864,33.84,267.11839,3.330404084482458,305.02,13,6,19,25,13,25,6,3,4.44957,0,0,215.4495,0,3,801.3551699999999
Henry Martín,2026-07-23,MD-1,Sesión 41,80.20599999999999,3126.47,38.98050021195422,105.06,0,0,1.3098770665536246,0,0,0,23.51797,69.79454534662868,33.696,333.59158,4.159184849013791,356.6,17,8,25,34,17,19,8,12,4.51538,0,0,280.7152,0,3,1000.7747400000001
Isaías Violante,2026-07-23,MD-1,Sesión 41,80.20599999999999,3617.89,45.10747325636486,275.09,0,0,3.429793282298083,16.72,7,1,30.543,87.28566529492457,34.992,322.61415,4.022319402538464,530.09001,20,11,31,39,20,34,11,6,4.65197,-0.23782,0,287.95632,0,3,967.84245
Israel Reyes,2026-07-23,Other,Sesión AM Seleccionados,77.31700000000001,7709.120000000001,99.70795555957939,84.55,0,0,1.0935499308043508,0,0,0,23.13447,70.07897128316975,33.012,867.42583,11.219082866639937,1064.57001,20,25,45,131,20,118,25,33,4.09001,-2.1134,0,729.47004,0,3,2602.27749
José Raúl Zúñiga,2026-07-23,MD-1,Sesión 41,64.45333333333333,2962.2599999999998,45.959764170459245,0,0,0,0,0,0,0,17.19064,49.22863688430698,34.92,347.36789,5.389448024410426,203.36,0,0,0,23,0,8,0,9,2.93702,-0.2193,0,262.1424,0,3,1042.10367
Kevin Álvarez,2026-07-23,MD-1,Sesión 41,80.20599999999999,3425.19,42.704909857117926,161.5,0,0,2.0135650699448924,0,3,0,26.67096,76.22016460905351,34.992,292.27294,3.6440283769294073,491.53999,15,9,24,43,15,37,9,13,4.62978,0,0,282.722,0,3,876.81882
Miguel Vázquez,2026-07-23,MD-1,Sesión 41,80.20599999999999,2558.19,31.89524474478219,75.89,0,0,0.9461885644465503,0,1,0,29.50418,86.8178554613936,33.984,256.27215,3.195174301174476,313.21,11,3,14,27,11,29,3,6,4.3263,0,0,233.2816,0,3,768.81645
Pato Salas,2026-07-23,MD-1,Sesión 41,80.20599999999999,2623.37,32.70790215195871,42.910000000000004,0,0,0.5349973817420144,0,0,0,23.81939,68.07095907636031,34.992,232.98958,2.9048896591277464,248.06,10,7,17,28,10,29,7,8,4.42053,-0.67915,0,238.8696,0,3,698.96874
Ramón Juárez,2026-07-23,MD-1,Sesión 41,80.20599999999999,2716.23,33.8656708974391,13.88,0,0,0.1730543849587313,0,0,0,21.52502,65.20362292499698,33.012,258.10877,3.2180730868014864,254.87,11,7,18,30,11,29,7,12,4.19352,0,0,226.42125000000001,0,3,774.3263099999999
Raphael Veiga,2026-07-23,MD-1,Sesión 41,80.20599999999999,3315.27,41.33443882003841,93.25999999999999,0,0,1.162755903548363,0,2,0,26.59908,83.11173603299589,32.004,312.32831999999996,3.894076752362666,394.33,12,8,20,34,12,28,8,10,4.23796,-0.49102,0,262.01,0,3,936.9849599999999
Ricardo Gonzalez,2026-07-23,MD-1,Sesión 41,80.20599999999999,3139.46,39.14245817021171,47.73,0,0,0.5950926364611127,0,1,0,26.54431,73.73419444444444,36,291.51144,3.6345340747574997,285.19,8,5,13,24,8,16,5,7,4.41111,-0.5471,0,695.0740000000001,0,3,874.53432
Santiago Camarena,2026-07-23,MD-1,Sesión 41,80.20599999999999,3304.75,41.20327656285067,97.27,0,0,1.2127521631798122,0,0,0,24.81287,68.9246388888889,36,350.20731,4.366348028825774,442.39999,12,5,17,38,12,28,5,5,4.33057,0,0,744.6,0,3,1050.62193
Sebastián Cáceres,2026-07-23,MD-1,Sesión 41 | Sesión AM Seleccionados,157.523,10492.65,66.61027278556148,236.68,0,0,1.5025107444627135,0,6,0,27.49122,78.56430041152264,34.992,1036.24269,6.578358017559341,1565.33,49,56,105,198,49,165,56,71,4.20472,0,0,1017.2736,0,3,3108.72807
Víctor Dávila,2026-07-23,MD-1,Sesión 41,54.47666666666667,2041.3600000000001,37.47218992840972,0,0,0,0,0,0,0,20.76617,61.10572622410545,33.984,257.85999,4.733402496481673,190.44,8,2,10,16,8,12,2,6,4.08681,0,0,159.3697,0,3,773.57997
Adrian Fernandez,2026-07-24,MD,Partido vs Atlante J2,35.848499999999994,1791.6699999999998,49.978939146686756,0,0,0,0,0,0,0,16.9268,47.01888888888889,36,282.46650999999997,7.879451302007058,102.58000000000001,2,1,3,21,2,14,1,22,3.44243,-2.51814,0,371.88599999999997,0,3,847.3995299999999
Alan Cervantes,2026-07-24,Other,Trabajo Seleccionados,87.08333333333333,4994.379999999999,57.351732057416264,35.08,0,0,0.4028325358851675,0,0,0,24.00329,74.16663576813744,32.364,484.86057,5.567776880382775,411.48999,4,4,8,36,4,22,4,10,3.17198,-3.56587,0,387.0601,0,3,1454.58171
Alejandro Cardenas,2026-07-24,MD,Partido vs Atlante J2,58.16966666666667,4544.870000000001,78.1312711665301,120.04999999999998,0,0,2.0637904062254666,0,1,0,25.35495,70.43041666666666,36,418.40874,7.192902486404712,535.87,13,11,24,46,13,46,11,22,4.22152,-2.67092,0,1024.366,0,3,1255.22622
Alexis Gutiérrez,2026-07-24,MD,Partido vs Atlante J2,61.83683333333333,5010.27,81.02403907056475,190.94,0,0,3.0878036553187016,0,2,0,26.81726,82.769320987654325,32.4,554.04684,8.959819093797925,834.08,16,15,31,46,16,54,15,9,4.14843,-2.50076,0,400.2299,0,3,1662.14052
Brian Rodríguez,2026-07-24,Other,Trabajo Seleccionados,65.426,3867.47,59.11212667746767,99.14,0,0,1.5152997279369058,0,0,0,24.34918,68.38888888888889,35.604,362.73352,5.544179989606579,453.84,13,10,23,59,13,35,10,10,3.62272,-4.45041,0,319.98635,0,3,1088.20056
Cristian Borja,2026-07-24,MD,Partido vs Atlante J2,111.33616666666667,10421.52,93.60408492598242,457.09,0,0,4.105494321252303,2.79,9,0,30.12249,88.63727048022598,33.984,1146.02652,10.293389419730335,1611.6699899999999,26,34,60,109,26,124,34,27,4.35346,-4.50694,0,963.6856,0,3,3438.0795599999997
Dago Espinoza,2026-07-24,MD,Partido vs Atlante J2,124.06916666666667,12983.1,104.64404935419087,678.3000000000001,0,0,5.467111758897927,9.600000000000001,18,2,30.41558,85.51388888888889,35.568,1168.75786,9.42021205913368,1968.71002,58,43,101,170,58,118,43,29,4.66124,-4.43348,0,1216.6792,0,3,3506.27358
Diego Arriaga,2026-07-24,MD,Partido vs Atlante J2,35.848499999999994,2252.86,62.843912576537384,0.36000000000000004,0,0,0.010042261182476257,0,0,0,20.8862,58.01722222222222,36,252.12381,7.033036528725052,111.03999999999999,9,9,18,15,9,16,9,17,4.26224,-3.56867,0,486.298,0,3,756.3714299999999
Emilio Lara,2026-07-24,MD,Partido vs Atlante J2,35.848499999999994,2020.42,56.359959273051885,12.45,0,0,0.3472948658939705,0,0,0,22.05491,61.263638888888885,36,245.83282,6.85754829351298,179.09,10,6,16,28,10,22,6,15,4.42572,-2.59389,0,158.8832,0,3,737.49846
Erick Sánchez,2026-07-24,MD,Partido vs Atlante J2,124.06916666666667,12964.61,104.4950195791326,526.2,6.96,1,4.2411826736430625,0,12,0,29.62714,92.5732408448944,32.004,1367.69791,11.023672897510126,1785.51,18,40,58,113,18,109,40,36,4.20831,-3.66839,0,889.1952,0,3,4103.0937300000005
Franco Rossano,2026-07-24,MD,Partido vs Atlante J2,49.638333333333335,3498.09,70.47154416949266,139.06000000000003,0,0,2.8014639223718234,0,3,0,28.85395,85.2658096926714,33.84,337.23323,6.793806466776348,444.45000000000005,11,10,21,40,11,36,10,11,4.09142,-3.24544,0,270.0439,0,3,1011.6996899999999
Henry Martín,2026-07-24,MD,Partido vs Atlante J2,104.10583333333334,9744.99,93.60657023701842,540.23,0,0,5.1892385152929315,0,11,0,27.6149,81.95305080721748,33.696,1078.48381,10.359494520800146,1540.25998,38,43,81,132,38,123,43,50,4.17203,-3.62004,0,917.4295999999999,0,3,3235.45143
Icaro Conceicao,2026-07-24,MD,Partido vs Atlante J2,124.06916666666667,12912.419999999998,104.07436712049056,444.93,0,0,3.586144825131143,0,8,0,29.84331,82.89808333333333,36,1317.9632100000001,10.622810206672353,1755.37006,21,32,53,113,21,110,32,1121,4.46712,-4.00686,0,2944.776,0,3,3953.8896300000006
Isaías Violante,2026-07-24,MD,Partido vs Atlante J2,124.06916666666667,12172.96,98.1143045209997,571.11,50.03,3,4.603158184614764,89.39,13,5,33.06524,94.49371284865113,34.992,990.50061,7.983455008295104,1556.35001,31,43,74,112,31,109,43,18,4.2825,-4.29323,0,958.70256,0,3,2971.50183
Israel Reyes,2026-07-24,Other,Trabajo Seleccionados,77.68116666666667,3943.5699999999997,50.76610160763977,19.619999999999997,0,0,0.2525708719616723,0,0,0,23.8133,72.13528413910095,33.012,475.86758,6.125906708404225,469.07999,4,11,15,49,4,45,11,19,4.38788,-4.59682,0,347.2599,0,3,1427.6027399999998
Kevin Álvarez,2026-07-24,MD,Partido vs Atlante J2,101.429,10306.68,101.6147255715821,704.37,13.22,1,6.944463614942472,18.93,15,1,32.57084,93.08081847279378,34.992,893.56303,8.80973912786284,1935.21997,34,44,78,134,34,128,44,42,4.54577,-3.81186,0,858.39639,0,3,2680.68909
Miguel Vázquez,2026-07-24,MD,Partido vs Atlante J2,124.06916666666667,11785.18,94.98878985512113,242.7,0,0,1.9561669230200893,0,5,0,28.40544,83.58474576271185,33.984,1151.1526900000001,9.278314031823648,1277.85,16,30,46,103,16,111,30,28,4.20526,-4.1982,0,1077.3319999999999,0,3,3453.4580700000006
Pato Salas,2026-07-24,MD,Partido vs Atlante J2,60.72083333333333,4737.18,78.01572771563852,102.53,0,0,1.688547313525012,0,0,0,24.80818,70.89671925011432,34.992,443.83258,7.309395402456598,486.31998999999996,7,13,20,45,7,47,13,12,4.09967,-2.22592,0,425.2848,0,3,1331.49774
Ramón Juárez,2026-07-24,MD,Partido vs Atlante J2,124.06916666666667,11760.9,94.79309256261628,440.83,0,0,3.553098741965167,0,7,0,28.99734,87.8387858960378,33.012,1066.74312,8.597971185427484,1509.04001,37,31,68,139,37,103,31,40,4.23452,-4.18301,0,1009.43625,0,3,3200.2293600000003
Raphael Veiga,2026-07-24,MD,Partido vs Atlante J2,99.67516666666667,10576.980000000001,106.11449525207718,501.88,0,0,5.035155864633618,0,8,0,27.32674,85.38538932633422,32.004,970.0047900000001,9.731659574183473,1622.24999,24,25,49,112,24,96,25,25,4.22655,-3.84498,0,849.3303,0,3,2910.0143700000003
Ricardo Gonzalez,2026-07-24,MD,Partido vs Atlante J2,35.848499999999994,2056.4,57.36362748790048,0,0,0,0,0,0,0,18.1685,50.46805555555556,36,234.57263,6.543443379778792,99.98,6,6,12,15,6,15,6,7,3.76097,-3.18913,0,443.1700000000001,0,3,703.71789
Santiago Camarena,2026-07-24,MD,Partido vs Atlante J2,35.848499999999994,2110.38,58.8694087618729,0,0,0,0,0,0,0,20.82447,57.84575000000001,36,288.41560000000004,8.045402178612775,128.91,9,4,13,18,9,19,4,8,3.66353,-2.70126,0,451.44399999999996,0,3,865.2468000000001
Sebastián Cáceres,2026-07-24,Other,Trabajo Seleccionados,64.64783333333334,3682.4300000000003,56.961383083217534,66.26,0,0,1.0249376751476589,0,0,0,22.69943,64.8703417924097,34.992,409.37338,6.332360403932072,389.73001,3,10,13,45,3,32,10,10,3.38188,-4.39091,0,333.88480000000004,0,3,1228.12014
Víctor Dávila,2026-07-24,Other,Trabajo Seleccionados,65.49066666666667,4296.21,65.6003399975569,311.61,0,0,4.758082576652144,0,1,0,26.47499,77.90427848399246,33.984,416.21472,6.3553288000325745,555.57001,3,7,10,22,3,13,7,5,3.61179,-3.5981900000000002,0,328.3931,0,3,1248.64416
Adrian Fernandez,2026-07-25,Game,Amistoso vs Zacatepec,68.739,6739.37,98.0428868618979,327.06,0,0,4.7579976432592845,0,7,0,29.4587,81.82972222222222,36,642.56674,9.34792097644714,1212.17999,24,34,58,105,24,98,34,34,4.47679,-3.97017,0,1642.7620000000002,0,3,1927.70022
Alan Cervantes,2026-07-25,Game,Amistoso vs Zacatepec,113.225,11660.28,102.98326341355708,246.99,0,0,2.1814086994921618,0,1,0,25.80106,79.7214806575207,32.364,1068.72058,9.438909958048134,1357.4599600000001,13,18,31,99,13,75,18,20,3.66642,-2.60398,0,935.9469,0,3,3206.1617399999996
Alejandro Cardenas,2026-07-25,Game,Amistoso vs Zacatepec,89.83133333333333,8585.39,95.57233185154399,386.7,0,0,4.304734057158972,0,7,0,29.59941,82.22058333333334,36,665.0877399999999,7.403738932963257,1284.44,23,50,73,118,23,121,50,35,4.40291,-4.11242,0,2049.462,0,3,1995.2632199999998
Alexis Gutiérrez,2026-07-25,Game,Amistoso vs Zacatepec,113.225,12168.900000000001,107.47538087878121,541.09,15.26,1,4.77889158754692,4.11,8,0,29.96021,92.46978395061728,32.4,1246.21982,11.006578229189667,2076.52996,32,31,63,167,32,113,31,14,4.51413,-3.8598,0,1010.2561,0,3,3738.65946
Diego Arriaga,2026-07-25,Game,Amistoso vs Zacatepec,113.225,10391.96,91.78149701920954,474.30999999999995,0,0,4.189092514903952,20.650000000000002,11,1,31.74266,88.17405555555555,36,950.1679399999999,8.391856392139545,1353.2899599999998,28,43,71,106,28,104,43,29,4.1367,-3.73585,0,2445.86,0,3,2850.50382
Emilio Lara,2026-07-25,Game,Amistoso vs Zacatepec,113.225,10249.72,90.52523735924045,339.77000000000004,0,0,3.0008390373150813,18.16,7,2,31.14383,86.51063888888889,36,845.3459,7.466071097372489,1177.6599999999999,31,32,63,110,31,86,32,22,5.04734,-4.14116,0,837.3344,0,3,2536.0377
Franco Rossano,2026-07-25,Game,Amistoso vs Zacatepec,113.225,10471.69,92.4856701258556,638.42,0,0,5.638507396776331,12.61,20,1,31.01347,91.64736997635934,33.84,890.11186,7.8614427909030695,1644.0500200000001,47,52,99,150,47,141,52,32,4.79902,-4.87801,0,885.8479,0,3,2670.33558
Israel Reyes,2026-07-25,Game,Amistoso vs Zacatepec,113.225,11234.640000000001,99.22402296312653,262.89,0,0,2.32183705012144,0,4,0,27.62977,83.69614079728584,33.012,1058.57025,9.349262530359903,1337.55995,16,41,57,132,16,108,41,35,4.05221,-3.97879,0,1022.68062,0,3,3175.71075
José Raúl Zúñiga,2026-07-25,Game,Amistoso vs Zacatepec,67.94366666666666,5114.72,75.27883393595677,98.04,0,0,1.442960099297948,0,0,0,22.19239,63.552090492554406,34.92,543.1134,7.993583900388067,672.52002,20,7,27,72,20,44,7,3,3.5955,-3.24963,0,467.8632,0,3,1629.3401999999999
Pato Salas,2026-07-25,Game,Amistoso vs Zacatepec,113.225,10117.33,89.35597262088761,330.04999999999995,0,0,2.914992272024729,0,2,0,25.37637,72.52049039780523,34.992,798.79537,7.054938132037978,1423.44002,26,34,60,122,26,119,34,25,4.15405,-3.90237,0,955.2152,0,3,2396.3861100000004
Ricardo Gonzalez,2026-07-25,Game,Amistoso vs Zacatepec,70.4965,8310.17,117.8806040016171,116.63,0,0,1.6544083748838594,0,0,0,24.02553,66.73758333333333,36,787.8429,11.175631414325535,863.37999,13,25,38,78,13,93,25,17,4.6731,-4.44976,0,1937.848,0,3,2363.5287
Adrian Fernandez,2026-07-27,MD+3,Sesión 42,108.76433333333333,7318.870000000001,67.29108500642062,29.18,0,0,0.26828647871698136,0,1,0,25.58876,71.07988888888889,36,849.05777,7.806398880760544,903.3599800000001,26,22,48,121,26,109,22,57,4.34271,-2.12432,0,1732.342,0,3,2547.17331
Alan Cervantes,2026-07-27,MD+3,Sesión 42,108.76433333333333,7032.93,64.66209817556614,65.52,0,0,0.6024033613960459,0,0,0,24.24476,74.91274255345446,32.364,747.36347,6.871402114050869,718.58,20,13,33,84,20,70,13,37,4.12516,-2.17103,0,565.054,0,3,2242.09041
Alejandro Cardenas,2026-07-27,MD+3,Sesión 42,108.76433333333333,8279.439999999999,76.12274857260192,64.83,0,0,0.5960593699527725,0,0,0,23.81626,66.15627777777777,36,781.31036,7.183516287508466,940.9100099999999,21,30,51,127,21,111,30,53,4.37552,-2.42966,0,1954.786,0,3,2343.93108
Alexis Gutiérrez,2026-07-27,MD+3,Sesión 42,108.76433333333333,7680.13,70.61257826554662,65.08,0,0,0.598357917577147,0,0,0,24.93194,76.95043209876545,32.4,930.8576,8.558482100443468,783.96998,28,26,54,109,28,79,26,18,4.12032,-2.39904,0,629.1817,0,3,2792.5728
Cristian Borja,2026-07-27,MD+3,Sesión 42,108.76433333333333,6686.48,61.47677087770807,72.89,0,0,0.6701645453626036,0,2,0,26.10517,76.81606049905838,33.984,889.5292400000001,8.178501285654306,606.26,16,18,34,75,16,87,18,29,4.02232,-2.49496,0,625.0424,0,3,2668.5877200000004
Dago Espinoza,2026-07-27,MD+3,Sesión 42,108.76433333333333,7524.78,69.18426077176035,188.68,0,0,1.7347598630678565,0,5,0,28.63343,80.5033457040036,35.568,757.7228,6.966647767497311,827.38999,29,22,51,91,29,73,22,24,4.5411,-1.83023,0,707.972,0,3,2273.1684
Diego Arriaga,2026-07-27,MD+3,Sesión 42,108.76433333333333,8296.07,76.27564796057531,69.87,0,0,0.6423980900601607,0,0,0,24.36051,67.66808333333334,36,871.19346,8.009918631414097,781.3399900000001,17,17,34,98,17,96,17,49,3.89178,-2.26845,0,1919.2,0,3,2613.58038
Emilio Lara,2026-07-27,MD+3,Sesión 42,108.76433333333333,8034.969999999999,73.87504482167867,192.20999999999998,0,0,1.7672153555240229,0,1,0,28.20667,78.3518611111111,36,890.13109,8.184034809205224,1078.08001,33,38,71,111,33,108,38,35,4.44006,-2.77074,0,665.7637,0,3,2670.39327
Erick Sánchez,2026-07-27,MD+3,Sesión 42,108.76433333333333,6573.589999999999,60.43883871244556,77.36000000000001,0,0,0.7112625768864183,0,0,0,25.15747,78.60726784151981,32.004,814.1654,7.485591784071372,694.93998,24,27,51,90,24,87,27,32,4.01364,-1.88018,0,462.3936,0,3,2442.4962
Franco Rossano,2026-07-27,MD+3,Sesión 42,108.76433333333333,7618.12,70.04244651279679,202.99,0,0,1.8663287290870478,0,2,0,28.01666,82.79154846335697,33.84,814.71937,7.490685089781271,924.36001,38,36,74,123,38,111,36,48,4.55306,-1.83618,0,634.0712,0,3,2444.1581100000003
Henry Martín,2026-07-27,MD+3,Sesión 42,108.76433333333333,6946.82,63.87038643182661,29.86,0,0,0.2745385282552798,0,0,0,22.90865,67.98625949667617,33.696,786.57457,7.231916437067299,688.54,27,23,50,101,27,92,23,28,4.10928,-2.50047,0,649.9015999999999,0,3,2359.72371
Icaro Conceicao,2026-07-27,MD+3,Sesión 42,108.76433333333333,7358.8499999999995,67.65866874251057,110.60999999999999,0,0,1.0169694109282148,0,2,0,27.60416,76.67822222222223,36,931.58942,8.565210592933346,747.41998,18,23,41,87,18,74,23,39,3.99711,-2.4602,0,1706.156,0,3,2794.76826
Isaías Violante,2026-07-27,MD+3,Sesión 42,108.76433333333333,6445.25,59.258856303996716,165.19,0,0,1.5187883282816366,0,5,0,26.96002,77.04623914037495,34.992,631.41275,5.805329106048858,684.11001,22,29,51,79,22,84,29,21,4.55315,-2.47202,0,516.68028,0,3,1894.2382499999999
José Raúl Zúñiga,2026-07-27,MD+3,Sesión 42 | Trabajo Especial,126.92766666666667,7425.219999999999,58.49961789260549,136.17000000000002,0,0,1.0728157507031566,0,3,0,25.30575,72.46778350515464,34.92,799.74924,6.300826770102657,686.6299799999999,32,18,50,90,32,74,18,15,4.42305,-2.28933,0,674.0712,0,3,2399.24772
Kevin Álvarez,2026-07-27,MD+3,Sesión 42,108.76433333333333,7039.9,64.72618168333369,68.12,0,0,0.6263082566895398,0,2,0,26.05668,74.46467764060357,34.992,671.63045,6.1750983012200695,827.5,27,28,55,119,27,97,28,68,4.10382,-2.46489,0,595.01124,0,3,2014.8913499999999
Marioni Araujo,2026-07-27,MD+3,Sesión 42,108.76433333333333,7697.54,70.77264912210805,54.61,0,0,0.5020947430683466,0,0,0,24.53683,68.1578611111111,36,899.72748,8.272265846953506,809.26003,22,28,50,93,22,83,28,33,3.9333,-2.14844,0,1803.4840000000002,0,3,2699.18244
Miguel Vázquez,2026-07-27,MD+3,Sesión 42,108.76433333333333,6973.68,64.1173423885894,63.22,0,0,0.5812567232518013,0,1,0,25.57689,75.26156426553672,33.984,765.5856299999999,7.03894012436675,723.81999,11,23,34,82,11,91,23,38,3.89758,-2.03744,0,649.2144,0,3,2296.7568899999997
Oscar Perea,2026-07-27,Other,Trabajo Especial,55.13333333333333,4199.830000000001,76.17587666263604,25.98,0,0,0.4712212817412334,0,0,0,21.66302,60.17505555555556,36,482.39267,8.749564752116083,478.26001,9,15,24,47,9,55,15,6,3.74841,-3.90109,0,930.1560000000001,0,3,1447.17801
Pato Salas,2026-07-27,MD+3,Sesión 42,108.76433333333333,7577.590000000001,69.669805971933215,35.31,0,0,0.324646866466642,0,0,0,23.32681,66.66326588934614,34.992,763.45298,7.019332134002262,817.3299999999999,19,29,48,109,19,110,29,33,3.7834,-2.22534,0,714.0688,0,3,2290.35894
Ramón Juárez,2026-07-27,MD+3,Sesión 42,108.76433333333333,6818.4000000000005,62.68966848813797,67.19,0,0,0.617757659526867,0,2,0,28.24684,85.5653701684236,33.012,731.8486700000001,6.728756087320293,684.40002,20,19,39,105,20,86,19,42,3.99279,-1.76116,0,587.68425,0,3,2195.54601
Raphael Veiga,2026-07-27,MD+3,Sesión 42,108.76433333333333,6806.5999999999995,62.58117704026749,26.500000000000004,0,0,0.2436460481836877,0,0,0,23.01525,71.91366704161982,32.004,720.70066,6.6262591597122835,564.72999,16,15,31,83,16,67,15,38,4.1734,-2.07198,0,547.4084,0,3,2162.10198
Ricardo Gonzalez,2026-07-27,MD+3,Sesión 42,108.76433333333333,8414.550000000001,77.36497565071885,40.94,0,0,0.3764101589675537,0,0,0,24.88649,69.12913888888889,36,955.80595,8.787861982941713,918.66002,32,46,78,121,32,138,46,39,4.41309,-2.30917,0,2001.422,0,3,2867.4178500000003
Santiago Camarena,2026-07-27,MD+3,Sesión 42,108.76433333333333,8064.22,74.14397489373049,27.380000000000003,0,0,0.25173693582148565,0,0,0,23.50203,65.28341666666667,36,921.32139,8.470804369079325,825.04002,22,25,47,114,22,101,25,46,3.91553,-2.00661,0,1882.8980000000001,0,3,2763.9641699999997
Sebastián Cáceres,2026-07-27,MD+3,Sesión 42,108.76433333333333,7273.61,66.87495594450387,52.05,0,0,0.47855761539475256,0,1,0,25.63495,73.25945930498399,34.992,786.80397,7.2340255843674255,794.1700000000001,21,29,50,122,21,113,29,59,4.44767,-2.36564,0,689.8752000000001,0,3,2360.4119100000003
Víctor Dávila,2026-07-27,MD+3,Sesión 42,84.79616666666668,3300.08,38.917796991609286,1.6,0,0,0.018868777480114077,0,0,0,20.98318,61.744291431261765,33.984,328.50509999999997,3.8740560206141383,180.75,20,24,44,26,20,25,24,0,4.26622,-1.84411,0,262.8129,0,3,985.5152999999999
Adrian Fernandez,2026-07-28,MD-5,Sesion 43,118.65,6118.83,51.57041719342604,73.29,0,0,0.6176991150442478,0,1,0,28.1575,78.21527777777777,36,747.78557,6.302448967551622,896.1800000000001,26,21,47,115,26,58,21,37,4.03402,-3.03258,0,1441.414,0,3,2243.35671
Alan Cervantes,2026-07-28,MD-5,Sesion 43,118.65,6399.42,53.93527180783818,119.71,0,0,1.0089338390223346,0,1,0,25.47772,78.72240761339762,32.364,637.51325,5.373057311420143,785.27,13,7,20,66,13,36,7,12,3.83508,-1.70485,0,505.31809999999996,0,3,1912.53975
Alejandro Cardenas,2026-07-28,MD-5,Sesion 43,118.65,6479.39,54.60927096502318,95.08,0,0,0.8013485040033712,0,1,0,26.57668,73.82411111111111,36,557.13176,4.695590054782975,956.82999,18,24,42,112,18,74,24,30,3.97601,-3.3222,0,1528.378,0,3,1671.39528
Alexis Gutiérrez,2026-07-28,MD-5,Sesion 43,118.65,6796.14,57.27888748419722,223.63,0,0,1.8847871892119679,0,2,0,28.45995,87.83935185185186,32.4,739.22964,6.230338305941846,1111.17002,31,11,42,109,31,66,11,9,4.29189,-3.54219,0,562.7755,0,3,2217.68892
Cristian Borja,2026-07-28,MD-5,Sesion 43,118.65,6207.72,52.319595448798985,234.28,0,0,1.9745469869363674,0,4,0,28.09471,82.67040371939736,33.984,721.42895,6.080311420143278,941.41001000000006,23,17,40,83,23,62,17,15,4.12033,-2.83657,0,576.5088000000001,0,3,2164.28685
Dago Espinoza,2026-07-28,MD-5,Sesion 43,118.65,7213.89,60.79974715549937,270.14000000000004,18.96,1,2.2767804466919515,29.91,7,1,33.46765,94.09483243364822,35.568,648.74715,5.467738305941846,1147.37999,43,23,66,121,43,85,23,20,4.44059,-3.33409,0,691.968,0,3,1946.24145
Diego Arriaga,2026-07-28,MD-5,Sesion 43,118.65,6856.4800000000005,57.787442056468606,214.77,0,0,1.8101137800252844,0,3,0,26.19209,72.75580555555555,36,731.93467,6.168855204382638,897.0900300000001,19,16,35,88,19,68,16,15,4.16732,-2.57342,0,1584.002,0,3,2195.80401
Emilio Lara,2026-07-28,MD-5,Sesion 43,118.65,6250.77,52.68242730720607,265.96,0,0,2.2415507796038767,0,5,0,28.73222,79.81172222222223,36,605.96886,5.107196460176991,983.22001,21,23,44,88,21,52,23,24,4.24301,-3.12866,0,525.6642999999999,0,3,1817.9065799999998
Erick Sánchez,2026-07-28,MD-5,Sesion 43,118.65,5500.2,46.35651074589127,145.32,0,0,1.2247787610619467,0,3,0,27.87504,87.09861267341581,32.004,572.28257,4.823283354403708,708.2600199999999,18,19,37,78,18,52,19,13,3.84655,-2.24325,0,383.01599999999996,0,3,1716.84771
Franco Rossano,2026-07-28,MD-5,Sesion 43,118.65,6761.639999999999,56.98811630847028,267.01,0,0,2.250400337126001,12.51,6,1,31.85856,94.14468085106382,33.84,601.9235600000001,5.073102064896755,1025.31997,37,27,64,119,37,80,27,15,4.47172,-3.06801,0,569.0076,0,3,1805.77068
Henry Martín,2026-07-28,MD-5,Sesion 43,118.65,6242.5,52.612726506531814,191.17999999999998,0,0,1.611293721028234,0,2,0,29.27355,86.87544515669516,33.696,608.77491,5.130846270543615,969.35,24,20,44,99,24,61,20,20,4.43342,-3.01518,0,586.832,0,3,1826.3247299999998
Icaro Conceicao,2026-07-28,MD-5,Sesion 43,118.65,6592.83,55.5653603034134,173.85,0,0,1.4652338811630845,0,2,0,29.56999,82.13886111111111,36,740.09196,6.237606068268015,903.41001000000006,15,16,31,85,15,56,16,11,4.63988,-3.56886,0,1535.658,0,3,2220.27588
Isaías Violante,2026-07-28,MD-5,Sesion 43,118.65,6841.4400000000005,57.66068268015171,427.12,0,0,3.5998314369995783,7.52,10,1,30.96764,88.49919981710106,34.992,640.59874,5.3990622840286555,1018.69,20,22,42,91,20,66,22,16,4.15462,-3.06876,0,551.04297,0,3,1921.7962200000002
José Raúl Zúñiga,2026-07-28,MD-5,Sesion 43,118.65,4698.259999999999,39.59764011799409,68.35,0,0,0.57606405394016,0,2,0,26.90309,77.04206758304696,34.92,473.70672,3.9924713021491782,623.56001,11,4,15,70,11,36,4,9,3.62553,0,0,430.1096,0,3,1421.12016
Kevin Álvarez,2026-07-28,MD-5,Sesion 43,118.65,5926.55,49.94985250737463,70.54,0,0,0.5945217024863043,0,0,0,22.98077,65.6743541380887,34.992,487.14912000000004,4.1057658659924146,741.3000099999999,17,22,39,73,17,63,22,15,3.82778,-2.22425,0,493.36267000000004,0,3,1461.4473600000001
Marioni Araujo,2026-07-28,MD-5,Sesion 43,118.65,6173.45,52.0307627475769,24.45,0,0,0.20606826801517064,0,0,0,22.87676,63.546555555555564,36,713.9470699999999,6.017253013063632,702.06001,13,22,35,80,13,59,22,50,3.50635,-2.5599,0,1428.136,0,3,2141.8412099999996
Miguel Vázquez,2026-07-28,MD-5,Sesion 43,118.65,5224.320000000001,44.03135271807839,110.46000000000001,0,0,0.9309734513274337,0,1,0,25.63547,75.43393950094162,33.984,560.27561,4.722086894226718,744.52999,17,13,30,73,17,57,13,27,3.9345,-2.79654,0,486.48720000000003,0,3,1680.82683
Pato Salas,2026-07-28,MD-5,Sesion 43,118.65,6561.84,55.30417193426043,69.98,0,0,0.5898019384745049,0,0,0,23.7983,68.0106881572931,34.992,597.26566,5.033844584913611,942.09998,20,23,43,121,20,83,23,29,4.19698,-2.56077,0,622.9968,0,3,1791.79698
Ramón Juárez,2026-07-28,MD-5,Sesion 43,118.65,5788.2,48.78381795195954,146.54,0,0,1.2350611040876527,0,2,0,27.04692,81.93057070156307,33.012,556.60513,4.691151538137379,736.9,21,20,41,74,21,61,20,23,3.99931,-3.43734,0,502.59225000000004,0,3,1669.8153900000002
Raphael Veiga,2026-07-28,MD-5,Sesion 43,118.65,5966.52,50.286725663716815,153.51000000000002,0,0,1.2938053097345135,0,2,0,26.55039,82.95959880014999,32.004,542.35117,4.571017024863043,817.7499799999999,24,12,36,93,24,64,12,23,3.88851,-2.5354,0,489.5667,0,3,1627.0535100000002
Ricardo Gonzalez,2026-07-28,MD-5,Sesion 43,118.65,7312.99,61.63497682258744,87.67999999999999,0,0,0.7389801938474504,0,1,0,25.32491,70.34697222222222,36,700.83866,5.9067733670459335,901.71998,19,14,33,95,19,77,14,20,4.20331,-2.98445,0,1695.0320000000002,0,3,2102.51598
Sebastián Cáceres,2026-07-28,MD-5,Sesion 43,118.65,6512.7699999999995,54.8906026127265,196.4,0,0,1.6552886641382216,0,3,0,27.05579,77.31993026977595,34.992,623.6812,5.256478718921197,1103.62998,34,35,69,118,34,91,35,40,4.20918,-2.15802,0,627.4592,0,3,1871.0436
Víctor Dávila,2026-07-28,MD-5,Sesion 43,62.8,3352.1200000000003,53.377707006369434,85.24,0,0,1.3573248407643312,0,0,0,23.33007,68.65015889830508,33.984,301.84653000000003,4.806473407643312,504.49,0,0,0,31,0,2,0,1,2.85793,-2.01638,0,253.79410000000001,0,3,905.5395900000001
Adrian Fernandez,2026-07-29,MD-4,Sesión 44,102.35,4559.509999999999,44.54821690278456,140.66,0,0,1.374303859306302,0,2,0,26.60566,73.90461111111111,36,557.4296899999999,5.446308646800195,725.5899900000001,22,17,39,69,22,45,17,21,4.6109,-3.82998,0,1072.846,0,3,1672.2890699999998
Alan Cervantes,2026-07-29,MD-4,Sesión 44,102.35,4983.07,48.686565705911086,168.39,0,0,1.6452369320957498,0,0,0,23.85623,73.71224199728094,32.364,467.00157,4.562790131900343,736.99,10,9,19,51,10,29,9,17,4.2974,-3.25355,0,398.0004,0,3,1401.0047100000002
Alejandro Cardenas,2026-07-29,MD-4,Sesión 44,102.35,5308.19,51.86311675622863,155.4,0,0,1.5183194919394236,0,1,0,25.92184,72.0051111111111,36,429.30495,4.194479237909135,804.3,20,21,41,62,20,70,21,36,4.34664,-3.60613,0,1251.452,0,3,1287.9148500000001
Alexis Gutiérrez,2026-07-29,MD-4,Sesión 44,102.35,5212.34,50.9266243282853,167.32,0,0,1.6347826086956523,0,1,0,26.08037,80.49496913580246,32.4,536.84333,5.245171763556424,839.09998,24,13,37,57,24,34,13,18,3.81865,-3.81928,0,422.933,0,3,1610.52999
Cristian Borja,2026-07-29,MD-4,Sesión 44,102.35,5043.57,49.277674645823154,400.81,0,0,3.916072300928188,6.550000000000001,10,1,30.34337,89.2872233992467,33.984,600.54423,5.867554763067904,920.85002,12,13,25,62,12,43,13,15,3.99439,-3.0553,0,469.2568,0,3,1801.63269
Dago Espinoza,2026-07-29,MD-4,Sesión 44,102.35,5551.160000000001,54.237029799706896,298.33,0,0,2.914802149487054,6.42,6,1,30.45017,85.61113922627081,35.568,492.44706,4.8114026380068395,957.23,32,23,55,79,32,61,23,20,4.83191,-4.11573,0,533.4296,0,3,1477.3411800000001
Diego Arriaga,2026-07-29,MD-4,Sesión 44,102.35,5554.58,54.270444553004396,318.66,0,0,3.113434294088911,0,4,0,28.19107,78.30852777777778,36,587.38417,5.738975769418662,885.51,21,14,35,59,21,41,14,17,4.2665,-3.26034,0,1279.0439999999999,0,3,1762.1525100000001
Emilio Lara,2026-07-29,MD-4,Sesión 44,102.35,5615.93,54.86985832926234,601.41,0,0,5.876013678553981,19.950000000000003,12,2,31.29342,86.92616666666667,36,560.62922,5.4775693209575,1181.14002,30,27,57,75,30,58,27,44,4.6744,-4.01649,0,480.7726,0,3,1681.88766
Erick Sánchez,2026-07-29,MD-4,Sesión 44,102.35,4909.969999999999,47.97234978016609,287.03000000000003,0,0,2.804396678065462,0,7,0,28.45723,88.91772903387077,32.004,516.07068,5.042214753297509,777.18001,30,20,50,64,30,46,20,22,4.43845,-4.31056,0,343.2228,0,3,1548.2120400000001
Franco Rossano,2026-07-29,MD-4,Sesión 44,102.35,5219.15,50.99316072300928,282.36,0,0,2.758768930141671,0,4,0,26.47617,78.23927304964539,33.84,514.7429999999999,5.02924279433317,971.5799999999999,36,22,58,89,36,68,22,35,4.63984,-4.25272,0,443.30510000000004,0,3,1544.2289999999998
Henry Martín,2026-07-29,MD-4,Sesión 44,102.35,4830.29,47.19384465070836,184.98000000000002,0,0,1.8073277967757697,0,2,0,26.42095,78.40975189933525,33.696,449.78265,4.3945544699560335,664.16,18,13,31,61,18,41,13,20,4.23993,-2.94713,0,450.444,0,3,1349.3479499999999
Icaro Conceicao,2026-07-29,MD-4,Sesión 44,102.35,5062.83,49.465852467024916,313.3,0,0,3.061064973131412,0,2,0,27.4141,76.15027777777779,36,579.30382,5.660027552515877,962.6300100000001,20,19,39,71,20,51,19,0,4.35074,-3.66475,0,1204.82,0,3,1737.9114599999998
Isaías Violante,2026-07-29,MD-4,Sesión 44,102.35,5390.31,52.66546165119688,315.35999999999996,0,0,3.081191988275525,0,4,0,26.88754,76.83910608139004,34.992,474.38925,4.634970688812897,855.61001,22,17,39,73,22,52,17,39,3.81192,-3.70233,0,433.96239,0,3,1423.16775
José Raúl Zúñiga,2026-07-29,MD-4,Sesión 44,112.05,4321.120000000001,38.56421240517627,133.61,0,0,1.192414100847836,0,2,0,26.45431,75.75690148911798,34.92,448.9175,4.0064033913431505,498.96997999999996,10,5,15,41,10,22,5,37,3.83008,-2.78981,0,389.4232,0,3,1346.7525
Kevin Álvarez,2026-07-29,MD-4,Sesión 44,102.35,5470.75,53.4513922813874,214.66999999999996,0,0,2.097410845139228,0,2,0,25.77065,73.64726223136716,34.992,450.98856,4.406336687835858,936.83998,18,20,38,65,18,69,20,43,4.10688,-3.62196,0,444.1547,0,3,1352.96568
Marioni Araujo,2026-07-29,MD-4,Sesión 44,112.05,5477,48.87996430165105,130.20999999999998,0,0,1.1620705042391788,0,0,0,24.80714,68.90872222222222,36,595.72014,5.316556358768407,724.37999,19,13,32,60,19,61,13,33,3.98557,-3.40348,0,1294.448,0,3,1787.1604200000002
Miguel Vázquez,2026-07-29,MD-4,Sesión 44,102.35,4732.54,46.23878847093307,234.98,0,0,2.295847581827064,0,2,0,28.90279,85.04822857815442,33.984,462.01016000000004,4.514022081094285,810.34,17,19,36,59,17,53,19,24,4.27764,-2.83341,0,444.22479999999996,0,3,1386.0304800000001
Oscar Perea,2026-07-29,MD-4,Sesión 44,105.44266666666665,5856.15,55.53871298146228,676.8100000000001,0,0,6.418748893553528,0,7,0,29.7722,82.70055555555555,36,519.62451,4.928028913026985,1046.22,20,19,39,55,20,43,19,28,4.28832,-2.43772,0,1239.1119999999999,0,3,1558.8735299999998
Pato Salas,2026-07-29,MD-4,Sesión 44,102.35,5071.49,49.550464093795796,191.92000000000002,0,0,1.8751343429408893,0,1,0,25.26504,72.20233196159123,34.992,452.81771000000003,4.42420820713239,886.66002,21,22,43,64,21,63,22,17,4.15261,-3.62536,0,479.28,0,3,1358.45313
Ramón Juárez,2026-07-29,MD-4,Sesión 44,102.35,4981.02,48.66653639472399,158.94,0,0,1.5529066927210553,0,2,0,27.02512,81.86453410880891,33.012,496.81937000000005,4.854121836834392,813.14,22,16,38,80,22,63,16,22,3.8962,-3.82392,0,439.05224999999996,0,3,1490.45811
Raphael Veiga,2026-07-29,MD-4,Sesión 44,102.35,4964.16,48.50180752320469,216.04999999999998,0,0,2.110893991206644,0,1,0,25.37021,79.27199725034372,32.004,452.18957,4.418071030776747,703.51,15,9,24,56,15,36,9,82,4.0095,-3.19107,0,398.73539999999997,0,3,1356.56871
Ricardo Gonzalez,2026-07-29,MD-4,Sesión 44,102.35,5695.74,55.64963361016121,145.17,0,0,1.4183683439179287,0,3,0,27.6648,76.84666666666666,36,566.63406,5.536238983878847,812.11,15,12,27,51,15,39,12,16,4.07232,-3.78702,0,1302.798,0,3,1699.90218
Santiago Camarena,2026-07-29,MD-4,Sesión 44,102.35,4403.3099999999995,43.02208109428432,132.92,0,0,1.2986809965803614,0,2,0,26.19666,72.7685,36,493.08194000000003,4.8176056668295075,668.15999,14,8,22,52,14,40,8,16,4.1918,-2.37487,0,1008.054,0,3,1479.24582
Sebastián Cáceres,2026-07-29,MD-4,Sesión 44,102.35,5533.929999999999,54.06868588177821,214.60000000000002,0,0,2.0967269174401566,0,3,0,28.32998,80.96130544124371,34.992,556.35676,5.435825696140694,995.29999,34,26,60,93,34,78,26,43,4.01664,-4.68456,0,536.904,0,3,1669.07028
Víctor Dávila,2026-07-29,MD-4,Sesión 44,50.61666666666667,1017.6400000000001,20.104840302930526,5.53,0,0,0.10925255186038854,0,0,0,21.42611,63.04764006591337,33.984,119.55554,2.361979716825815,140.50999,11,0,11,19,11,1,0,2,4.14133,0,0,80.63300000000001,0,3,358.66661999999997
Alan Cervantes,2026-07-30,MD-3,Sesión 45,60.152499999999996,6817.15,113.33111674493995,97.93,0,0,1.6280287602344043,0,1,0,26.38973,81.54038437770363,32.364,679.40405,11.294693487386228,900.2800100000001,8,5,13,58,8,43,5,10,3.61761,-2.73828,0,545.6794,0,3,2038.2121499999998
Alejandro Cardenas,2026-07-30,MD-3,Sesión 45,57.776333333333334,6385.5,110.52103225657565,339.74000000000007,0,0,5.880262391175165,10.71,6,1,30.70119,85.28108333333333,36,522.53585,9.044115814433821,1175.26001,23,32,55,95,23,85,32,24,3.77655,-3.73887,0,1541.694,0,3,1567.60755
Alexis Gutiérrez,2026-07-30,MD-3,Sesión 45,57.776333333333334,7312.88,126.57224122910765,149.23,0,0,2.582891495364307,0,4,0,28.41665,87.70570987654321,32.4,790.33627,13.679238961743275,1096.50998,17,7,24,87,17,50,7,8,4.40211,-2.55282,0,598.1094,0,3,2371.0088100000003
Cristian Borja,2026-07-30,MD-3,Sesión 45,60.152499999999996,5742.49,95.46552512364407,315.34999999999997,0,0,5.242508623914218,0,7,0,29.47658,86.73664077212806,33.984,681.19969,11.324544948256516,903.48999,18,26,44,71,18,61,26,14,4.07379,-3.46121,0,543.848,0,3,2043.5990700000002
Dago Espinoza,2026-07-30,MD-3,Sesión 45,60.152499999999996,6284.0199999999995,104.46814346868376,254.52999999999997,12.4,1,4.231411828269814,21.080000000000002,7,1,33.26341,93.52060841205578,35.568,572.64649,9.519911724367233,882.21002,26,17,43,75,26,58,17,17,4.19317,-3.44908,0,594.0232000000001,0,3,1717.9394699999998
Diego Arriaga,2026-07-30,MD-3,Sesión 45,67.98066666666666,6903.85,101.55607966971003,441.67,0,0,6.496994243461376,40.160000000000004,13,3,32.18144,89.3928888888889,36,685.39263,10.082169881633014,1070.09,12,19,31,66,12,70,19,21,4.2151,-3.06845,0,1623.068,0,3,2056.17789
Emilio Lara,2026-07-30,MD-3,Sesión 45,67.98066666666666,7255.26,106.72534348000903,376.52000000000004,0,0,5.538633533063322,0,8,0,29.45743,81.82619444444444,36,644.98884,9.487827519588903,1121.69,17,25,42,84,17,66,25,25,4.36079,-3.98068,0,597.9869,0,3,1934.96652
Erick Sánchez,2026-07-30,MD-3,Sesión 45,60.152499999999996,6415.6,106.65558372469974,182.54,0,0,3.034620339969245,0,2,0,26.12295,81.6240157480315,32.004,668.63797,11.115713727608995,879.71,16,23,39,55,16,57,23,12,3.91235,-4.63424,0,451.92420000000004,0,3,2005.91391
Esteban Lozano,2026-07-30,MD-3,Sesión 45,67.98066666666666,7418.43,109.1255847250689,356.90000000000003,0,0,5.25002206509694,0,9,0,29.35965,94.83091085271317,30.96,660.77341,9.720019564385954,1039.98001,19,22,41,81,19,67,22,25,4.2324,-4.13212,0,614.1947,0,3,1982.32023
Franco Rossano,2026-07-30,MD-3,Sesión 45,60.152499999999996,5657.17,94.04713021071444,275.4,0,0,4.578363326545031,3.95,6,0,30.23601,89.34991134751772,33.84,496.30659000000003,8.250805702173643,916.76999,21,25,46,82,21,60,25,25,4.03869,-2.65289,0,477.0808,0,3,1488.91977
Henry Martín,2026-07-30,MD-3,Sesión 45,60.152499999999996,5787.26,96.20980009143427,135.62,0,0,2.254602884335647,0,2,0,26.25926,77.92990265906934,33.696,550.02054,9.14376858817173,834.86,19,27,46,87,19,73,27,11,4.2641,-3.99587,0,550.932,0,3,1650.06162
Icaro Conceicao,2026-07-30,MD-3,Sesión 45,67.98066666666666,7456.55,109.6863323886203,265.17,0,0,3.900667836934031,0,6,0,27.91021,77.52836111111111,36,868.12394,12.770159260966352,1051.32,15,22,37,78,15,62,22,12,4.00977,-3.89351,0,1739.256,0,3,2604.37182
Isaías Violante,2026-07-30,MD-3,Sesión 45,60.152499999999996,5913.24,98.3041436349279,153.01000000000002,0,0,2.543701425543411,4.0600000000000005,1,0,30.10568,86.03589391860997,34.992,508.08271,8.446576784007316,690.98,13,11,24,56,13,40,11,7,3.80151,-3.40731,0,468.09186,0,3,1524.24813
Israel Reyes,2026-07-30,MD-3,Sesión 45,57.776333333333334,6113.27,105.80924138488078,153.19,0,0,2.6514316704071446,0,1,0,26.59392,80.55834242093785,33.012,606.68593,10.500595918744121,850.83,12,16,28,73,12,71,16,25,3.69719,-2.27614,0,560.93778,0,3,1820.0577899999998
José Raúl Zúñiga,2026-07-30,MD-3,Sesión 45,67.98066666666666,6612.19,97.26574222082749,417,15.99,1,6.134096949132597,22.62,10,1,32.63664,93.46116838487973,34.92,590.7601099999999,8.690119396691216,1006.57998,25,16,41,74,25,64,16,12,4.49446,-3.50322,0,623.4295999999999,0,3,1772.2803299999998
Kevin Álvarez,2026-07-30,MD-3,Sesión 45,57.776333333333334,6251.820000000001,108.20728210512956,406.46000000000004,0,0,7.035060491896913,0,6,0,28.5751,81.66180841335162,34.992,501.94178999999997,8.687671249473544,1242.8999999999999,30,29,59,89,30,81,29,18,4.65509,-2.71422,0,538.5421,0,3,1505.82537
Marioni Araujo,2026-07-30,MD-3,Sesión 45,67.98066666666666,7126.26,104.827745143227,226.39999999999998,0,0,3.330358631375587,0,3,0,26.08044,72.44566666666667,36,702.5074,10.333929254395857,999.76999,8,17,25,62,8,67,17,11,4.08071,-3.63194,0,1656.998,0,3,2107.5222
Miguel Vázquez,2026-07-30,MD-3,Sesión 45,57.776333333333334,5860.7300000000005,101.4382474946489,224.95000000000002,0,0,3.8934627211834143,0,8,0,29.51249,86.84230814500941,33.984,591.61207,10.23969566546856,781.41998,11,22,33,56,11,64,22,18,3.8607,-2.70995,0,553.9656,0,3,1774.83621
Oscar Perea,2026-07-30,MD-3,Sesión 45 | Trabajo AM,121.44583333333334,6750.969999999999,55.588321268055026,246.28,5.26,1,2.0278999553984973,30.610000000000003,9,2,32.75746,90.99294444444445,36,737.3349499999999,6.071307098500703,1208.94001,75,47,122,159,75,144,47,39,4.81876,-3.1359,0,1696.406,0,3,2212.00485
Pato Salas,2026-07-30,MD-3,Sesión 45,67.98066666666666,7007.799999999999,103.0851908876053,247.92,0,0,3.6469192221317823,0,2,0,28.09529,80.29060928212162,34.992,561.96806,8.266586480469938,1011.32,16,25,41,72,16,77,25,23,4.02705,-4.13965,0,656.4136,0,3,1685.90418
Ramón Juárez,2026-07-30,MD-3,Sesión 45,60.152499999999996,5768.549999999999,95.89875732513195,169.74,0,0,2.8218278542038986,0,4,0,29.22979,88.5429237852902,33.012,522.07118,8.679126885831845,765.32998,19,11,30,63,19,57,11,15,3.90996,-2.91416,0,505.62749999999994,0,3,1566.2135400000002
Raphael Veiga,2026-07-30,MD-3,Sesión 45,60.152499999999996,6483.6900000000005,107.78754000249367,296.60999999999996,0,0,4.93096712522339,0,7,0,27.85486,87.0355580552431,32.004,618.00867,10.274031337018412,956.88999,13,16,29,67,13,54,16,21,3.91076,-3.21788,0,528.7954,0,3,1854.02601
Ricardo Gonzalez,2026-07-30,MD-3,Sesión 45,67.98066666666666,8283.300000000001,121.84787831834544,180.73,0,0,2.658549979896245,0,3,0,27.84872,77.35755555555556,36,833.4776300000001,12.260509801806398,1120.34,14,36,50,94,14,90,36,15,3.46145,-4.61165,0,1934.15,0,3,2500.43289
Santiago Camarena,2026-07-30,MD-3,Sesión 45,57.776333333333334,7476.2699999999995,129.40021577462514,142.84,0,0,2.472292576545183,0,1,0,26.9843,74.9563888888889,36,809.23098,14.00627096446642,1173.4599799999999,17,19,36,84,17,85,19,13,4.11233,-3.24123,0,1749.516,0,3,2427.69294
Sebastián Cáceres,2026-07-30,MD-3,Sesión 45,60.152499999999996,6086.57,101.1856531316238,242.94000000000003,1.65,0,4.038734882174474,8.25,7,1,31.40241,89.74168381344307,34.992,576.50676,9.584086446947342,1036.98,23,29,52,101,23,73,29,18,4.43612,-4.52816,0,589.896,0,3,1729.52028
Víctor Dávila,2026-07-30,Other,Trabajo AM,80.08333333333333,2512.84,31.377814776274718,0,0,0,0,0,0,0,19.69679,57.95901012241055,33.984,308.40915,3.8511028095733613,452.09,21,29,50,84,21,83,29,14,4.16473,-3.87068,0,219.6859,0,3,925.2274500000001
Alan Cervantes,2026-07-31,MD-2,Sesión 46,106.20333333333333,5547.83,52.23781425567308,0,0,0,0,0,0,0,20.80539,64.28559510567298,32.364,501.66514,4.723628950754842,313.7,2,3,5,35,2,20,3,5,3.37897,-1.10352,0,424.40090000000004,0,3,1504.99542
Alejandro Cardenas,2026-07-31,MD-2,Sesión 46,106.20333333333333,5158.98,48.576441417406855,73.67,0,0,0.6936693763535356,0,1,0,27.14452,75.40144444444444,36,470.28488000000004,4.428155550673237,421.56001000000003,11,11,22,56,11,47,11,19,4.49003,-2.13589,0,1184.578,0,3,1410.85464
Alexis Gutiérrez,2026-07-31,MD-2,Sesión 46,106.20333333333333,5830.42,54.89865352625467,155.75,0,0,1.466526474373058,0,2,0,26.05527,80.4175,32.4,634.27548,5.972274693198582,511.78000000000003,14,9,23,53,14,39,9,5,4.44013,-1.91419,0,468.17539999999997,0,3,1902.82644
Brian Rodríguez,2026-07-31,MD-2,Sesión 46,25.067833333333333,1991.35,79.4384569867094,0,0,0,0,0,0,0,12.28051,34.49193910796539,35.604,188.58838,7.523122461055669,0.25,0,0,0,0,0,0,0,0,1.07855,-1.10272,0,148.06766,0,3,565.76514
Cristian Borja,2026-07-31,MD-2,Sesión 46,106.20333333333333,6341.36,59.70961363422366,229.74,0,0,2.1632089388280344,0,5,0,28.60379,84.16840277777777,33.984,718.41704,6.764543234675623,651.3499999999999,11,6,17,45,11,39,6,8,3.79379,-1.65696,0,569.2576,0,3,2155.25112
Dago Espinoza,2026-07-31,MD-2,Sesión 46,106.20333333333333,6188.679999999999,58.27199397382379,276.54,0,0,2.6038730736637272,15.32,11,1,31.66281,89.02049595141702,35.568,565.62574,5.325875584570477,601.5,15,13,28,70,15,45,13,9,4.44173,-1.4733,0,567.596,0,3,1696.8772199999999
Diego Arriaga,2026-07-31,MD-2,Sesión 46,106.20333333333333,5288.37,49.79476475942375,110.18,0,0,1.037443896927278,0,1,0,26.17875,72.71875,36,509.30436000000003,4.7955590847744896,485.20999,6,5,11,47,6,34,5,15,3.75617,-1.62929,0,1199.0059999999999,0,3,1527.91308
Emilio Lara,2026-07-31,MD-2,Sesión 46,106.20333333333333,6226.76,58.63055145789524,274.71000000000004,0,0,2.5866419760836137,9.12,8,1,31.00147,86.11519444444444,36,607.46726,5.719851166002322,656.0899900000001,6,9,15,44,6,38,9,9,3.65162,-1.81239,0,492.89939999999996,0,3,1822.4017800000001
Erick Sánchez,2026-07-31,MD-2,Sesión 46,106.20333333333333,5144.9,48.44386554094347,91.57,0,0,0.862213992027871,0,2,0,28.00621,87.50846769153856,32.004,503.11441,4.737275132607263,358.92999999999995,7,6,13,41,7,28,6,6,3.80853,-1.5815,0,343.2624,0,3,1509.34323
Esteban Lozano,2026-07-31,Other,Trabajo Perea | Sesión 46,128.52616666666665,8439.45,65.66328257410619,102.89,0,0,0.800537374360863,0,2,0,26.91989,86.95054909560723,30.96,888.69928,6.914539685174356,684.0500000000001,32,32,64,107,32,96,32,21,4.45802,-1.32089,0,681.3891,0,3,2666.0978400000004
Franco Rossano,2026-07-31,MD-2,Sesión 46,106.20333333333333,5949.99,56.024512727158594,273.82,0.8,0,2.5782618248014813,18.53,9,1,32.41332,95.78404255319147,33.84,532.64246,5.015308307962713,609.4100099999999,13,9,22,52,13,46,9,11,3.99091,-1.9156,0,476.01890000000003,0,3,1597.92738
Henry Martín,2026-07-31,MD-2,Sesión 46,106.20333333333333,4987.8099999999995,46.96472176014563,80.77999999999999,0,0,0.7606164276074197,0,0,0,24.90079,73.89835588793923,33.696,476.45094,4.48621455698189,402.33999,4,7,11,44,4,44,7,20,3.39352,-1.60924,0,451.8328,0,3,1429.35282
Icaro Conceicao,2026-07-31,MD-2,Sesión 46,106.20333333333333,5488.1,51.675402529738555,1.02,0,0,0.009604218323342018,0,0,0,20.91152,58.08755555555556,36,619.64878,5.834551144031888,303.37,4,4,8,47,4,38,4,13,3.55902,-2.10817,0,1231.984,0,3,1858.94634
Israel Reyes,2026-07-31,MD-2,Sesión 46,106.20333333333333,5392.55,50.775713254449016,28.52,0,0,0.26854147704089637,0,0,0,23.40932,70.91154731612747,33.012,575.05852,5.4146937007626885,309.82,4,7,11,35,4,30,7,19,3.68629,-1.55633,0,467.68176,0,3,1725.1755600000001
José Raúl Zúñiga,2026-07-31,MD-2,Sesión 46,31.3265,1401.65,44.74326847876399,0,0,0,0,0,0,0,12.57387,36.00764604810996,34.92,171.92906,5.488294574880692,8.02,0,0,0,0,0,1,0,1,1.95321,-2.09576,0,118.00560000000002,0,3,515.78718
Kevin Álvarez,2026-07-31,MD-2,Sesión 46,106.20333333333333,5266.29,49.58686168042434,84.24,0,0,0.7931954427042466,0,2,0,27.81132,79.47908093278464,34.992,423.41380000000004,3.9868221336430123,286.64,2,2,4,32,2,20,2,6,3.15477,-1.43398,0,414.80116999999996,0,3,1270.2414
Miguel Vázquez,2026-07-31,MD-2,Sesión 46,106.20333333333333,5133.19,48.33360534823137,33.14,0,0,0.3120429365054455,0,0,0,25.04747,73.70371351224105,33.984,550.76804,5.1859769624305585,225.76,0,4,4,23,0,18,4,17,2.78244,-1.36973,0,450.228,0,3,1652.3041200000002
Oscar Perea,2026-07-31,Other,Trabajo Perea | Sesión 46,128.52616666666665,7459.29,58.03713121971272,96.87,0,0,0.7536986631775372,0,2,0,27.64553,76.79313888888889,36,873.99594,6.800140101172654,584.34,37,19,56,85,37,80,19,18,4.9953,-1.15924,0,1705.09,0,3,2621.9878200000003
Pato Salas,2026-07-31,MD-2,Sesión 46,106.20333333333333,4971.740000000001,46.813408242051416,82.95,0,0,0.781048931295314,0,3,0,27.8199,79.50360082304528,34.992,408.50307,3.8464241863092807,341.49,4,8,12,38,4,38,8,8,3.92957,-1.88457,0,444.3016,0,3,1225.50921
Ramón Juárez,2026-07-31,MD-2,Sesión 46,106.20333333333333,4844.13,45.611845202598786,53.47,0,0,0.5034681899500957,0,0,0,23.92274,72.46679995153278,33.012,487.77103,4.592803396001381,320.58999,10,1,11,39,10,38,1,14,3.87215,-2.16678,0,406.17600000000004,0,3,1463.31309
Raphael Veiga,2026-07-31,MD-2,Sesión 46,106.20333333333333,5132.04,48.32277706286683,23.509999999999998,0,0,0.22136781645271647,0,0,0,24.71963,77.23918885139358,32.004,468.52798,4.4116127554062965,333.69999,5,7,12,46,5,30,7,13,4.52872,-1.86358,0,402.4447,0,3,1405.58394
Ricardo Gonzalez,2026-07-31,MD-2,Sesión 46,106.20333333333333,6197.969999999999,58.35946768776874,7.46,0,0,0.07024261636483475,0,0,0,22.08384,61.344,36,636.07863,5.989252973855184,268.65999,3,5,8,31,3,32,5,10,4.19502,-1.74144,0,1373.436,0,3,1908.23589
Santiago Naveda Lara,2026-07-31,Other,Trabajo Perea,51.9,2203.52,42.457032755298656,65.92,0,0,1.2701348747591523,0,0,0,23.28872,72.28032278088145,32.22,243.74294,4.696395761078998,517.58002,39,26,65,66,39,63,26,29,4.42809,-5.50043,0,226.09663999999998,0,3,731.22882
Sebastián Cáceres,2026-07-31,MD-2,Sesión 46,106.20333333333333,5313.86,50.03477605850412,83.29,0,0,0.7842503374030948,0,0,0,24.70346,70.59745084590764,34.992,511.14736000000005,4.812912589058724,487.14,13,10,23,68,13,47,10,41,4.59265,-2.19842,0,487.5464,0,3,1533.4420800000003
Alan Cervantes,2026-08-01,MD-1,Sesión 47,94.86966666666667,3467.9200000000005,36.554571359303466,0,0,0,0,0,0,0,20.28696,62.68372265480164,32.364,306.57404,3.2315285883440086,242.37,14,3,17,41,14,14,3,7,3.90922,0,0,262.6883,0,3,919.7221200000001
Alejandro Cardenas,2026-08-01,MD-1,Sesión 47,94.86966666666667,3319.19,34.9868415967169,56.32,0,0,0.5936565604039226,0,1,0,26.35544,73.20955555555557,36,272.89099,2.876483069755348,325.97001,23,22,45,45,23,41,22,523,4.79777,-0.30413,0,765.7760000000001,0,3,818.67297
Alexis Gutiérrez,2026-08-01,MD-1,Sesión 47,94.86966666666667,3397.7700000000004,35.815135853047515,165.36,5.58,0,1.743022884026858,0,1,0,29.28733,90.3929938271605,32.4,329.64203,3.474683126675544,467.40001,30,15,45,51,30,47,15,7,4.45258,0,0,277.66270000000003,0,3,988.9260899999999
Brian Rodríguez,2026-08-01,MD-1,Sesión 47 | Trabajo Brian,145.90466666666669,6684.57,45.81464152391744,45.790000000000006,0,0,0.31383506125003996,0,0,0,23.42922,65.80502190765083,35.604,624.22518,4.2783085302275,625.56999,37,16,53,104,37,67,16,15,4.76288,-1.10426,0,541.03633,0,3,1872.6755400000002
Cristian Borja,2026-08-01,MD-1,Sesión 47,94.86966666666667,3440.1,36.261326943280075,41.99999999999999,0,0,0.4427126338239478,0,2,0,26.58012,78.21362994350282,33.984,392.22585,4.13436521684135,352.65999,17,12,29,49,17,44,12,14,4.41907,0,0,312.6808,0,3,1176.6775499999999
Dago Espinoza,2026-08-01,MD-1,Sesión 47,94.86966666666667,3259.31,34.355659870207894,107.03,0,0,1.1281793618613607,0,1,0,25.90845,72.84202091767881,35.568,285.72107,3.011722081873728,398.94998999999996,32,19,51,49,32,43,19,15,4.93329,-0.41526,0,309.57280000000003,0,3,857.1632099999999
Diego Arriaga,2026-08-01,MD-1,Sesión 47,94.86966666666667,3161.02,33.3196068992899,66.23,0,0,0.6981156604323827,0,0,0,23.97393,66.59425,36,274.36192,2.8919878148617926,262.64999,17,11,28,32,17,30,11,14,5.0244,-0.49345,0,710.408,0,3,823.0857599999999
Emilio Lara,2026-08-01,MD-1,Sesión 47,94.86983333333335,3564.41,37.571584926012655,236.78000000000003,0,0,2.4958407923839507,45.06,5,2,30.82795,85.63319444444446,36,358.70023000000003,3.7809724903771658,451.40999,25,15,40,45,25,36,15,13,4.74228,-0.42465,0,285.71340000000004,0,3,1076.1006900000002
Erick Sánchez,2026-08-01,MD-1,Sesión 47,94.86983333333335,3844.5099999999998,40.52405137565681,145.9,0,0,1.5378966619174692,0,2,0,27.64427,86.37754655668041,32.004,404.78742,4.266766429089682,500.06,22,17,39,49,22,47,17,12,4.53469,-0.18555,0,266.229,0,3,1214.3622599999999
Esteban Lozano,2026-08-01,Other,Compensatorio,81.51666666666667,5478.51,67.20723778368432,104.91,0,0,1.2869760785115518,0,0,0,24.95212,80.59470284237726,30.96,481.49686,5.906729012471888,751.54999,17,14,31,58,17,48,14,31,4.29399,-4.93109,0,411.5027,0,3,1444.4905800000001
Henry Martín,2026-08-01,MD-1,Sesión 47,94.86966666666667,3076.21,32.4256436022754,139.23,0,0,1.4675923811263871,0,1,0,26.9573,80.00148385565052,33.696,312.16157000000004,3.2904254960313977,361.51999,22,11,33,35,22,29,11,11,5.07985,-0.29724,0,279.9192,0,3,936.4847100000002
Icaro Conceicao,2026-08-01,MD-1,Sesión 47,94.86966666666667,3123.3399999999997,32.92243042208784,10.7,0,0,0.11278631385514863,0,0,0,22.05299,61.25830555555556,36,356.13264,3.7539147391684726,295.29,14,15,29,37,14,35,15,19,4.34822,-0.67734,0,704.056,0,3,1068.3979199999999
Isaías Violante,2026-08-01,MD-1,Sesión 47,94.86983333333335,3966.84,41.8135023602515,139.78,0,0,1.4733872200330627,0.8,2,0,29.89208,85.4254686785551,34.992,363.98195,3.8366458252447644,467.24999,33,18,51,58,33,40,18,15,4.65776,-0.8311,0,314.90358,0,3,1091.94585
Israel Reyes,2026-08-01,MD-1,Sesión 47,94.86966666666667,3312.4599999999996,34.9159021675351,128.76000000000002,0,0,1.3572304459802749,0,0,0,24.47603,74.14282685084213,33.012,319.98344,3.3728740833915998,329.38,17,8,25,35,17,27,8,14,4.37002,0,0,285.83646,0,3,959.9503199999999
Kevin Álvarez,2026-08-01,MD-1,Sesión 47,94.86983333333335,2940.15,30.991411038633633,122.22000000000001,0,0,1.2882915011621185,0,2,0,28.30323,80.88485939643347,34.992,239.09471,2.520239591440201,303.29999,16,15,31,32,16,34,15,17,4.55001,0,0,238.05945,0,3,717.28413
Miguel Vázquez,2026-08-01,MD-1,Sesión 47,94.86966666666667,2768.2000000000003,29.178978879796492,85.52,0,0,0.9014472486815244,0,0,0,24.60752,72.40913370998116,33.984,257.75164,2.7169025575438583,284.07001,14,11,25,30,14,26,11,11,4.39028,0,0,248.0712,0,3,773.2549200000001
Oscar Perea,2026-08-01,MD-1,Sesión 47 | Compensatorio,176.38633333333334,7976.429999999999,45.221360687430426,121.88,0,0,0.6909832394422092,0,1,0,25.5386,70.94055555555555,36,812.4266700000001,4.605950215341703,895.60999,35,32,67,110,35,83,32,28,4.77023,-0.9101,0,1865.384,0,3,2437.2800100000004
Pato Salas,2026-08-01,MD-1,Sesión 47,94.86983333333335,3053.75,32.188841201716734,6.47,0,0,0.06819870735165198,0,0,0,21.24522,60.71450617283951,34.992,248.13656,2.6155475484830966,246.08,18,13,31,34,18,33,13,8,4.41758,-0.44839,0,275.6808,0,3,744.40968
Ramón Juárez,2026-08-01,MD-1,Sesión 47,94.86966666666667,3130.0699999999997,32.993369851269634,15.98,0,0,0.16844161639301639,0,0,0,23.63277,71.5884223918575,33.012,275.23203,2.9011594503336156,286.75001000000003,17,10,27,42,17,35,10,8,4.57627,-0.61265,0,264.00225,0,3,825.69609
Raphael Veiga,2026-08-01,MD-1,Sesión 47,94.86983333333335,3291.2299999999996,34.69206052503517,125.55,0,0,1.3233922268933396,0,3,0,28.21584,88.16347956505437,32.004,287.43043,3.029734741812905,316.01,14,6,20,31,14,24,6,9,4.00977,-0.30001,0,253.85430000000002,0,3,862.29129
Santiago Naveda Lara,2026-08-01,Other,Compensatorio,81.51666666666667,5462.570000000001,67.011694949908,247.20000000000002,0,0,3.0325086894295645,0,1,0,25.4776,79.07386716325264,32.22,584.78235,7.173776528317317,1080.53003,20,25,45,83,20,59,25,35,4.03275,-4.68282,0,493.34054000000003,0,3,1754.3470499999999
Sebastián Cáceres,2026-08-01,MD-1,Sesión 47,94.86966666666667,3557.83,37.502292618996584,86.7,0,0,0.9138853655365782,0,2,0,27.92407,79.80129743941472,34.992,342.14862,3.6065123028435497,397.44999,25,20,45,60,25,48,20,22,5.00199,-0.23202,0,331.7832,0,3,1026.44586
Alan Cervantes,2026-08-02,MD,Partido vs Santos J3,121.66166666666666,14893.22,122.41505815307478,562.41,24.620000000000005,2,4.622737920736468,20.389999999999997,11,1,31.89561,98.55274378939563,32.364,1534.3558699999999,12.611662424483198,2190.46997,22,20,42,106,22,95,20,54,4.26112,-3.4913,0,1180.9357,0,3,4603.06761
Alejandro Cardenas,2026-08-02,MD,Partido vs Santos J3,50.30366666666667,2490.6900000000005,49.51309049704793,96.08,0,0,1.9099999337357778,0,2,0,27.05993,75.16647222222223,36,247.91613,4.928390839633956,423.52001,17,13,30,36,17,30,13,25,4.79461,-1.47314,0,585.048,0,3,743.74839
Alexis Gutiérrez,2026-08-02,MD,Partido vs Santos J3,98.05066666666667,11319.21,115.44245832086811,955,10.1,1,9.73986238407354,0,17,0,29.59953,91.35657407407408,32.4,1205.5726,12.295404416764121,2523.99002,33,37,70,158,33,135,37,19,5.18423,-2.94727,0,931.217,0,3,3616.7178
Brian Rodríguez,2026-08-02,MD,Partido vs Santos J3,24.6735,2574.81,104.35527995622834,163.31,0,0,6.618842077532575,18.54,4,1,31.20062,87.632344680373,35.604,198.58865,8.048661519443938,380.51001,7,6,13,30,7,27,6,7,4.27654,-4.30761,0,211.30594,0,3,595.76595
Cristian Borja,2026-08-02,MD,Partido vs Santos J3,121.66166666666666,11960.039999999999,98.30573859199693,698.6099999999999,0,0,5.742235982300642,4.87,22,1,30.36012,89.33651129943502,33.984,1337.45573,10.993238598846528,1839.88,27,50,77,119,27,126,50,18,4.33724,-4.30055,0,1113.9144000000001,0,3,4012.36719
Dago Espinoza,2026-08-02,MD,Partido vs Santos J3,71.6415,7403.01,103.33410104478551,473.64000000000004,1.5399999999999998,0,6.611251858210675,18.12,14,2,32.06335,90.14662055780477,35.568,686.93419,9.588495355345714,1211.5099500000001,37,35,72,116,37,93,35,16,4.77068,-3.38774,0,708.6888,0,3,2060.80257
Diego Arriaga,2026-08-02,MD,Partido vs Santos J3,70.64,3890.84,55.07984144960363,154.79,0,0,2.191251415628539,0,4,0,28.77054,79.91816666666666,36,393.68292,5.5730877689694225,559.14,17,19,36,44,17,42,19,17,4.18872,-2.35263,0,883.576,0,3,1181.0487600000001
Emilio Lara,2026-08-02,MD,Partido vs Santos J3,74.93566666666668,3397.04,45.33275209401842,489.33000000000004,0,0,6.530001289995418,90.03,15,5,31.52281,87.56336111111112,36,392.94395000000003,5.243750639437383,727.19999,39,29,68,53,39,42,29,16,4.49873,-2.71442,0,299.4054,0,3,1178.83185
Erick Sánchez,2026-08-02,MD,Partido vs Santos J3,121.66166666666666,13617.710000000001,111.93098346507392,690.87,10.13,2,5.678616929462855,2.8800000000000003,13,0,30.50045,95.30199350081242,32.004,1402.13494,11.524870391933915,2289.38994,37,57,94,147,37,144,57,30,4.31198,-3.93373,0,946.8822,0,3,4206.40482
Esteban Lozano,2026-08-02,Other,Futbol Complementario,68.36433333333333,7312.34,106.96132973821632,232.91,0,0,3.4068934580897445,0,4,0,29.50576,95.30284237726097,30.96,647.75113,9.474986420794469,978.1299799999999,27,21,48,90,27,67,21,15,4.41093,-2.41075,0,600.8877,0,3,1943.2533899999999
Henry Martín,2026-08-02,MD,Partido vs Santos J3,105.5075,10962.8,103.90540956804018,542.2099999999999,8.43,1,5.139065943179395,9.96,9,1,31.03054,92.08968423551757,33.696,1261.95117,11.960772172594366,1619.2300300000002,29,42,71,135,29,135,42,39,4.33893,-4.0865,0,1017.36,0,3,3785.85351
Icaro Conceicao,2026-08-02,MD,Partido vs Santos J3,54.452333333333335,1923.6100000000001,35.32649350808352,408.77,0,0,7.506932668939806,0,10,0,29.38515,81.62541666666667,36,198.57931,3.646846660994019,525.57999,17,12,29,28,17,17,12,136,3.95906,-1.09773,0,478.56,0,3,595.73793
Isaías Violante,2026-08-02,MD,Partido vs Santos J3,105.38583333333332,11363.819999999998,107.83062239548326,707.66,0,0,6.714944292006358,28.97,19,3,31.1439,89.00291495198903,34.992,985.22488,9.34874118121506,1772.11,24,37,61,114,24,102,37,22,4.70989,-3.48292,0,899.8855799999999,0,3,2955.67464
Israel Reyes,2026-08-02,MD,Partido vs Santos J3,102.70583333333335,8558.89,83.33402030069696,322.55,0,0,3.140522690207469,0,6,0,29.21286,88.49163940385314,33.012,884.00162,8.607121828523209,1273.4099899999999,17,32,49,81,17,93,32,37,3.89414,-2.30615,0,765.70026,0,3,2652.00486
Kevin Álvarez,2026-08-02,MD,Partido vs Santos J3,102.70583333333335,7703.779999999999,75.00820303942487,536.1800000000001,0,0,5.220540865092051,21.88,15,2,30.4357,86.9790237768633,34.992,672.5879,6.548682564281482,1329.68995,44,40,84,102,44,95,40,34,4.62891,-2.004,0,649.5300100000001,0,3,2017.7637
Miguel Vázquez,2026-08-02,MD,Partido vs Santos J3,42.733333333333334,2189.8900000000003,51.24547581903277,409.4700000000001,0,0,9.581981279251172,0,10,0,29.02122,85.39671610169492,33.984,216.56808,5.067895787831513,594.52,22,15,37,36,22,30,15,3,4.05114,-2.06619,0,202.3352,0,3,649.70424
Oscar Perea,2026-08-02,Other,Futbol Complementario,68.36433333333333,5832.49,85.31480840399233,246.21,0,0,3.6014393470279336,0,5,0,28.78942,79.97061111111111,36,513.90803,7.517195077355152,834.81,35,23,58,88,35,74,23,30,4.45499,-2.13012,0,1387.776,0,3,1541.7240900000002
Pato Salas,2026-08-02,MD,Partido vs Santos J3,74.93566666666668,3365.7599999999998,44.915327369699334,418.94,0,0,5.590662212475589,0,9,0,29.19003,83.41915294924554,34.992,316.79805,4.227600341626372,688.12999,31,23,54,52,31,38,23,3,4.13718,-2.274,0,323.968,0,3,950.39415
Ramón Juárez,2026-08-02,MD,Partido vs Santos J3,121.66166666666666,11730.26,96.41705823526995,503.7200000000001,0,0,4.140334534295931,0,8,0,29.05598,88.01641827214347,33.012,1037.06381,8.524162445031989,1628.22001,21,38,59,129,21,121,38,43,6.62846,-3.42779,0,1008.6495,0,3,3111.1914300000003
Raphael Veiga,2026-08-02,MD,Partido vs Santos J3,71.6415,7815.13,109.08663274777888,350.45000000000005,0,0,4.891717789270187,0,8,0,28.37255,88.65313710786153,32.004,704.3431,9.831495711284662,1104.76999,16,23,39,84,16,79,23,21,3.92201,-3.90781,0,607.7365,0,3,2113.0293
Santiago Naveda Lara,2026-08-02,Other,Futbol Complementario,68.36433333333333,7695.389999999999,112.56439761474061,254.64999999999998,0,0,3.724895535196228,0,3,0,28.89912,89.69310986964618,32.22,735.842,10.763536541959013,1159.11001,13,18,31,83,13,94,18,19,4.0529,-1.73636,0,696.63209,0,3,2207.526
Sebastián Cáceres,2026-08-02,MD,Partido vs Santos J3,101.17833333333333,10684.05,105.59622448811504,741.14,19.400000000000002,1,7.325086069151828,24.580000000000002,14,1,33.23449,94.97739483310473,34.992,965.11481,9.53874983115621,1869.5700000000002,40,60,100,144,40,137,60,48,4.52069,-5.04864,0,1024.5855999999999,0,3,2895.34443
Alejandro Cardenas,2026-08-03,MD+1,Sesión 48,72.56666666666666,5894.92,81.23454294901241,226.02,0,0,3.114653192466698,0,3,0,28.66225,79.61736111111111,36,499.57181,6.884315250344511,1087.50999,29,38,67,111,29,112,38,28,4.19117,-3.02728,0,1446.886,0,3,1498.7154300000002
Brian Rodríguez,2026-08-03,MD+1,Sesión 48,72.56666666666666,6022.78,82.99650895728067,201.88,0,0,2.7819935691318327,3.28,4,0,30.14997,84.68141220087631,35.604,493.12993,6.795543362425357,967.62996,21,24,45,90,21,71,24,14,4.15292,-2.44576,0,512.8088600000001,0,3,1479.38979
Dago Espinoza,2026-08-03,MD+1,Sesión 48,72.56666666666666,6319.639999999999,87.08736793752871,394.38,0,0,5.434726688102894,21.68,9,1,31.62448,88.9127305443095,35.568,548.48961,7.558423656407901,1133.19003,30,21,51,92,30,66,21,4,4.64556,-2.67443,0,612.2776000000001,0,3,1645.4688299999998
Diego Arriaga,2026-08-03,MD+1,Sesión 48,72.56666666666666,6124.53,84.39866789159393,419.60999999999996,0,0,5.782406982085439,3.33,9,0,29.97624,83.26733333333334,36,572.36513,7.887438631143777,1143.81001,15,17,32,88,15,72,17,13,4.06989,-2.2351,0,1452.798,0,3,1717.09539
Emilio Lara,2026-08-03,MD+1,Sesión 48,72.56666666666666,5782.129999999999,79.68024804777215,257.22999999999996,0,0,3.5447404685346804,0,9,0,29.85604,82.93344444444445,36,538.60717,7.422239366100138,894.56999,18,24,42,82,18,72,24,16,3.78266,-3.33537,0,485.275,0,3,1615.82151
Esteban Lozano,2026-08-03,MD+1,Sesión 48,72.56666666666666,6158.64,84.86871841984383,321.16,0,0,4.425723472668811,20.71,10,1,31.36859,101.31973514211887,30.96,550.88941,7.591493936610014,765.25,14,15,29,63,14,54,15,10,4.20574,-2.66163,0,500.3369,0,3,1652.66823
Icaro Conceicao,2026-08-03,MD+1,Sesión 48,72.56666666666666,6333.8099999999995,87.28263665594855,200.02,0,0,2.7563619660082685,0,3,0,28.56964,79.36011111111111,36,699.9879999999999,9.646136885622417,854.29999,15,16,31,77,15,55,16,15,4.56755,-2.36572,0,1485.374,0,3,2099.964
Israel Reyes,2026-08-03,MD+1,Sesión 48,39.61666666666667,2614.8700000000003,66.00429112326462,69.07000000000001,0,0,1.743458140513252,0,1,0,25.45526,77.10911183811947,33.012,240.00802,6.058258813630626,318.17,15,11,26,38,15,26,11,2,4.39625,-1.72605,0,242.94972,0,3,720.02406
Kevin Álvarez,2026-08-03,MD+1,Sesión 48,72.56666666666666,6189.950000000001,85.3001837390905,273.77,0,0,3.772668810289389,0,3,0,27.30635,78.035979652492,34.992,489.79407,6.749573771244832,1112.19,29,25,54,104,29,75,25,6,4.55579,-2.60035,0,537.65602,0,3,1469.38221
Miguel Vázquez,2026-08-03,MD+1,Sesión 48,72.56666666666666,6066.4,83.5976113918236,172.48999999999998,0,0,2.376986678915939,0,4,0,29.40873,86.53698799435028,33.984,572.65943,7.89149421221865,904.98999,11,16,27,69,11,61,16,7,4.05792,-2.53831,0,570.712,0,3,1717.97829
Pato Salas,2026-08-03,MD+1,Sesión 48,72.56666666666666,6022.040000000001,82.9863114377584,311.46,0,0,4.292053284336243,0,7,0,28.47937,81.38823159579333,34.992,473.6526,6.527137344970143,1192.73997,15,19,34,90,15,93,19,12,4.51414,-2.60353,0,586.4256,0,3,1420.9578000000001
Santiago Naveda Lara,2026-08-03,MD+1,Sesión 48,72.56666666666666,6571.469999999999,90.55769407441433,55.08,0,0,0.759026182820395,0,1,0,25.47779,79.07445685909373,32.22,638.1908099999999,8.794544924207624,971.25999,20,24,44,100,20,69,24,13,3.65665,-2.27776,0,601.72343,0,3,1914.5724299999997
Víctor Dávila,2026-08-03,Other,RTP,51.51483333333333,2294.88,44.54794573731191,1.6900000000000002,0,0,0.03280608497876017,0,0,0,20.91537,61.54475635593219,33.984,313.27186,6.081197195629739,406.37001000000004,21,24,45,51,21,36,24,13,3.70483,-2.23701,0,201.1989,0,3,939.81558
Adrian Fernandez,2026-08-04,MD-2,Sesión 49,91.43333333333334,3308.85,36.18866204885162,40.21,0,0,0.43977397010572367,0,0,0,25.00356,69.45433333333332,36,297.43755,3.2530537732409766,333.76999,11,9,20,39,11,32,9,19,4.11145,-2.88389,0,747.97,0,3,892.31265
Alan Cervantes,2026-08-04,MD-2,Sesión 49,91.43333333333334,4054.5299999999997,44.34411228581844,2.81,0,0,0.030732774334670067,0,0,0,21.15754,78.15897225994352,27.06988,413.98609999999996,4.527737149106817,200.04999999999998,2,2,4,22,2,11,2,9,3.41081,-2.51202,0,304.5833,0,3,1241.9582999999998
Alejandro Cardenas,2026-08-04,MD-2,Sesión 49,91.43333333333334,3741.6200000000003,40.92183740430186,28.52,0,0,0.31192125410134885,0,1,0,25.42098,70.61383333333333,36,315.12982,3.4465528982865474,340.14001,10,9,19,36,10,29,9,25,4.23188,-2.11111,0,858.5260000000001,0,3,945.38946
Brian Rodríguez,2026-08-04,MD-2,Sesión 49,91.43333333333334,3550.88,38.83572730586948,8.85,0,0,0.0967918337586584,0,0,0,22.66763,63.66596449837096,35.604,289.7772,3.1692730586948596,221.69,13,5,18,33,13,19,5,12,4.11346,-2.34301,0,278.98527,0,3,869.3316
Cristian Borja,2026-08-04,MD-2,Sesión 49,91.43333333333334,3695.69,40.419504192489974,40.620000000000005,0,0,0.44425811155668976,0,0,0,23.81357,70.0728872410546,33.984,415.12773000000004,4.540223076923077,265.71999999999997,8,3,11,29,8,16,3,22,4.05656,-1.58249,0,326.2888,0,3,1245.38319
Dago Espinoza,2026-08-04,MD-2,Sesión 49,91.43333333333334,3833.7900000000004,41.92989427633977,58.81,0,0,0.6432008749544295,0,0,0,24.65587,69.32037224471436,35.568,338.949,3.7070616113744075,336.99001,11,6,17,39,11,18,6,22,4.48599,-2.26593,0,342.7736,0,3,1016.847
Diego Arriaga,2026-08-04,MD-2,Sesión 49,91.43333333333334,3660.42,40.03375865840321,24.76,0,0,0.2707983959168793,0,0,0,22.41989,62.277472222222215,36,365.62818,3.9988499453153477,278.26,5,4,9,35,5,27,4,47,3.26333,-3.46863,0,877.13,0,3,1096.88454
Emilio Lara,2026-08-04,MD-2,Sesión 49,91.43333333333334,3910.23,42.765913233685744,83.15,0,0,0.9094057601166606,0,1,0,26.25454,72.92927777777778,36,382.18976,4.179982792562887,426.64001,13,17,30,45,13,35,17,18,4.0769,-2.69313,0,314.4855,0,3,1146.56928
Erick Sánchez,2026-08-04,MD-2,Sesión 49,91.43333333333334,2949.4100000000003,32.25749179730222,4.460000000000001,0,0,0.04877870944221656,0,0,0,22.11572,69.10298712660918,32.004,293.60213,3.211106051768137,121.97,4,5,9,24,4,16,5,11,3.68988,-2.32256,0,194.718,0,3,880.80639
Esteban Lozano,2026-08-04,MD-2,Sesión 49,91.43333333333334,4201.44,45.95085672621217,62.66,0,0,0.6853080568720379,0,0,0,24.67845,79.7107558139535,30.96,409.4466,4.478088953700328,409.61999999999995,13,17,30,44,13,37,17,12,4.01199,-3.00467,0,336.8225,0,3,1228.3398
Henry Martín,2026-08-04,MD-2,Sesión 49,91.43333333333334,1815.0499999999997,19.851075464819537,13.77,0,0,0.15060153117025155,0,0,0,22.51363,66.81395417853751,33.696,185.15454,2.025022311337951,106.62,3,6,9,14,3,11,6,31,3.59614,-1.24607,0,160.63280000000003,0,3,555.46362
Icaro Conceicao,2026-08-04,MD-2,Sesión 49,91.43333333333334,3517.48,38.47043383157127,65.58,0,0,0.7172438935472111,0,1,0,25.94194,72.06094444444444,36,383.14673,4.190449106817353,360.85999,6,9,15,37,6,30,9,16,4.34835,-2.22324,0,801.512,0,3,1149.44019
Isaías Violante,2026-08-04,MD-2,Sesión 49,91.43333333333334,3917.66,42.84717462632154,12.99,0,0,0.14207072548304775,0,0,0,22.12801,63.23733996342021,34.992,344.32051,3.7658094422165513,276.48,7,8,15,39,7,31,8,11,3.96522,-3.11919,0,302.69403,0,3,1032.96153
Israel Reyes,2026-08-04,MD-2,Sesión 49,91.43333333333334,3999.08,43.7376594969012,14.52,0,0,0.15880422894640903,0,0,0,22.08458,66.89864291772687,33.012,424.68385,4.644737695953336,296.24999,2,9,11,32,2,31,9,19,3.35445,-2.42126,0,342.97146,0,3,1274.0515500000001
José Raúl Zúñiga,2026-08-04,MD-2,Sesión 49,25.733333333333334,1103.04,42.86424870466321,0,0,0,0,0,0,0,13.48071,38.60455326460481,34.92,127.19788,4.942922797927461,33.4,0,0,0,5,0,7,0,9,2.46965,-2.56272,0,97.39760000000001,0,3,381.59364
Miguel Vázquez,2026-08-04,MD-2,Sesión 49,91.43333333333334,3814.4700000000003,41.71859278162596,466.71,0,0,5.104374772147284,0,5,0,26.56352,78.1647834274953,33.984,378.93447000000003,4.144379912504557,731.79001,12,7,19,47,12,24,7,12,3.67793,-2.03147,0,344.4352,0,3,1136.80341
Oscar Perea,2026-08-04,MD-2,Sesión 49,101.8,5473.04,53.762671905697445,266.39000000000004,0,0,2.6167976424361497,0,0,0,24.21205,67.25569444444444,36,526.43964,5.171312770137526,822.3899799999999,28,25,53,72,28,69,25,15,4.44372,-3.7997,0,1289.376,0,3,1579.3189200000002
Pato Salas,2026-08-04,MD-2,Sesión 49,91.43333333333334,3010.92,32.93022238425082,19.67,0,0,0.2151294203426905,0,0,0,24.66376,70.48399634202104,34.992,263.7265,2.8843583667517314,275.1,8,7,15,44,8,41,7,12,4.26705,-2.14311,0,277.3952,0,3,791.1795
Ramón Juárez,2026-08-04,MD-2,Sesión 49,91.43333333333334,2968.6899999999996,32.468355814801306,27.310000000000002,0,0,0.29868756835581484,0,0,0,22.77811,68.99948503574458,33.012,296.23870999999997,3.2399421436383515,256.91,12,7,19,37,12,23,7,20,4.20693,-3.0202,0,247.64325,0,3,888.7161299999999
Raphael Veiga,2026-08-04,MD-2,Sesión 49,91.43333333333334,3162.42,34.587167335034636,20.17,0,0,0.2205978855267955,0,1,0,26.2801,82.11504811898513,32.004,267.93289000000004,2.9303633612832667,198.36,4,7,11,20,4,24,7,19,3.71826,-2.17651,0,247.4017,0,3,803.7986700000001
Ricardo Gonzalez,2026-08-04,MD-2,Sesión 49,91.43333333333334,3869.2599999999998,42.317827196500176,35.16,0,0,0.38454247174626316,0,0,0,25.22691,70.07475,36,361.16542,3.950041049945315,231.47,8,8,16,22,8,22,8,8,3.87326,-2.10844,0,853.262,0,3,1083.49626
Sebastián Cáceres,2026-08-04,MD-2,Sesión 49,91.43333333333334,4291.419999999999,46.9349617207437,112.74,0,0,1.233029529711994,4.720000000000001,3,1,30.97756,88.52754915409237,34.992,412.82985,4.5150913233685745,555.5299799999999,16,14,30,55,16,42,14,27,3.87668,-1.9964,0,398.2952,0,3,1238.48955
Víctor Dávila,2026-08-04,MD-2,Sesión 49,60.56666666666667,2570.5400000000004,42.44149697303248,0,0,0,0,0,0,0,19.14265,56.32841925612052,33.984,271.42182,4.48137292239956,494.99001,55,50,105,121,55,96,50,10,3.75403,-1.48004,0,233.1938,0,3,814.2654600000001
Alan Cervantes,2026-08-05,MD-1,Sesión 50,80.85650000000001,3063.59,37.88922350089356,71.02,7.45,1,0.8783462059327325,0,0,0,24.906,92.00631846169985,27.06988,240.22233,2.9709711649650923,232.54000000000002,5,4,9,23,5,14,4,8,4.30678,-2.88829,0,236.0624,0,3,720.6669899999999
Alejandro Cardenas,2026-08-05,MD-1,Sesión 50,80.85650000000001,2707.94,33.49069029700766,28.299999999999997,0,0,0.3500027827076363,0,1,0,27.01324,75.03677777777777,36,204.56474,2.5299727294651633,217.04000000000002,8,7,15,33,8,22,7,9,3.96521,-3.56313,0,623.8399999999999,0,3,613.69422
Alejandro Zendejas Saavedra,2026-08-05,MD-1,Sesión 50,23.5625,1962.26,83.27893899204244,0,0,0,0,0,0,0,15.0013,44.1422434086629,33.984,165.49986,7.023866737400531,2.21,0,0,0,0,0,0,0,2,1.3191,-1.13931,0,129.99675,0,3,496.49958000000004
Alexis Gutiérrez,2026-08-05,MD-1,Sesión 50,80.85650000000001,2804.7500000000005,34.68799663601566,24.87,0,0,0.30758195073989103,0,0,0,21.64272,66.79851851851852,32.4,243.79182,3.0151171519914906,272.95,10,5,15,34,10,21,5,1,4.37947,-3.1953,0,223.72840000000002,0,3,731.37546
Brian Rodríguez,2026-08-05,MD-1,Sesión 50,80.85650000000001,4233.5,52.358190126953296,224.67,0,0,2.778626331834793,0,2,0,28.39401,79.7494944388271,35.604,343.41338,4.2471957109199625,561.45998,29,10,39,56,29,33,10,8,4.69485,-2.90233,0,349.11268,0,3,1030.24014
Cristian Borja,2026-08-05,MD-1,Sesión 50,80.85650000000001,3274.8299999999995,40.5017531058109,98.97,0,0,1.2240203323171295,0,4,0,27.42694,80.70544962335215,33.984,329.00919,4.069050601992418,340.55998999999997,20,11,31,41,20,32,11,7,3.98936,-1.7467,0,303.1176,0,3,987.02757
Dago Espinoza,2026-08-05,MD-1,Sesión 50,80.85650000000001,2584.6400000000003,31.965766512277924,43.25000000000001,0,0,0.5348982456574302,0,0,0,25.07186,70.48993477282951,35.568,198.90284,2.4599486745035954,217.29999999999998,8,3,11,29,8,13,3,4,4.54332,-3.45729,0,231.13279999999997,0,3,596.70852
Diego Arriaga,2026-08-05,MD-1,Sesión 50,80.85650000000001,2656.6299999999997,32.85610928002077,11.11,0,0,0.13740391928911094,0,0,0,24.32678,67.57438888888889,36,210.22316,2.5999537452152883,190.14999999999998,3,5,8,23,3,16,5,8,3.76735,-3.38148,0,591.856,0,3,630.66948
Edwin Cerrillo,2026-08-05,MD-1,Sesión 50,47.61216666666667,5529.219999999999,116.13040084292179,0,0,0,0,0,0,0,20.74483,57.62452777777778,36,475.87068999999997,9.994728728301238,262.68,0,1,1,11,0,7,1,2,2.92497,-1.83732,0,1170.8999999999999,0,3,1427.61207
Emilio Lara,2026-08-05,MD-1,Sesión 50,80.85650000000001,2626.3500000000004,32.4816186701131,171.69,0,0,2.1233914403913103,0,2,0,27.85887,77.38575,36,215.80404,2.6689757780759735,284.24001000000004,10,8,18,21,10,20,8,6,3.86371,-3.50193,0,205.3758,0,3,647.41212
Erick Sánchez,2026-08-05,MD-1,Sesión 50,80.85650000000001,3477.15,43.003963812433135,150.54999999999998,0,0,1.8619405984676551,0,2,0,26.37784,82.4204474440695,32.004,334.18218,4.1330280187740005,499.33001,13,9,22,42,13,28,9,10,4.16592,-1.39544,0,239.0436,0,3,1002.54654
Esteban Lozano,2026-08-05,MD-1,Sesión 50,47.452666666666666,1578.4199999999998,33.263041065482795,3.2399999999999998,0,0,0.06827856530718329,0,0,0,21.60102,69.77073643410851,30.96,144.62613,3.047797735287093,108.12,3,2,5,9,3,5,2,1,4.22019,-1.51202,0,118.0641,0,3,433.87838999999997
Henry Martín,2026-08-05,MD-1,Sesión 50,80.85650000000001,2857.42,35.3393975747157,137.51,0,0,1.7006672314532532,0,2,0,26.92009,79.89105531813865,33.696,248.08715999999998,3.0682401538528126,348.10001,12,6,18,37,12,32,6,5,4.13955,-2.80483,0,264.464,0,3,744.2614799999999
Icaro Conceicao,2026-08-05,MD-1,Sesión 50,80.85650000000001,2819.93,34.875736644549285,123.82,0,0,1.531354931267121,0,1,0,26.59391,73.87197222222223,36,305.65651,3.7802342421450343,389.79999,15,12,27,43,15,39,12,11,3.87335,-3.06454,0,671.3460000000001,0,3,916.9695300000001
Isaías Violante,2026-08-05,MD-1,Sesión 50,80.85650000000001,4046.8799999999997,50.05015057540209,272.92,0,0,3.375362524967071,17.55,7,1,30.70412,87.74611339734797,34.992,314.49547,3.88955087098749,564.48997,27,12,39,46,27,37,12,9,4.28481,-0.81295,0,325.1211,0,3,943.48641
Israel Reyes,2026-08-05,MD-1,Sesión 50,80.85650000000001,2999.0099999999998,37.09052457130842,21.35,0,0,0.26404803571759844,0,0,0,23.2581,70.45347146492185,33.012,292.17148,3.6134569267776855,164.23001,8,4,12,27,8,19,4,13,3.39454,-3,0,254.09982000000002,0,3,876.5144399999999
José Raúl Zúñiga,2026-08-05,MD-1,Sesión 50,36.92616666666667,3958.54,107.20148765329012,12.959999999999999,0,0,0.35097063058264916,0,0,0,22.3389,63.97164948453607,34.92,334.79876,9.066707709528474,337.93999999999994,2,3,5,15,2,10,3,3,3.52299,-1.68927,0,338.5008,0,3,1004.39628
Kevin Álvarez,2026-08-05,MD-1,Sesión 50,80.85650000000001,3165.21,39.14601794537235,37.84,0,0,0.4679895864896452,0,0,0,26.68449,76.25883058984911,34.992,229.65318,2.840256256454335,290.02,12,6,18,35,12,22,6,9,4.1798,-4.41437,0,257.97282,0,3,688.95954
Miguel Vázquez,2026-08-05,MD-1,Sesión 50,80.85650000000001,2400.5,29.68839858267424,85.71000000000001,0,0,1.0600260956138343,0,2,0,28.65239,84.31141125235403,33.984,198.78214000000003,2.458455906451553,199.75,3,2,5,12,3,10,2,6,3.62084,-1.92672,0,208.8736,0,3,596.3464200000001
Oscar Perea,2026-08-05,MD-1,Sesión 50,47.61216666666667,5628.79,118.22167303175308,9.41,0,0,0.19763855877174252,0,0,0,21.64967,60.137972222222224,36,600.57095,12.613812645927338,332.47,4,8,12,12,4,16,8,8,4.02767,-1.5805,0,1201.21,0,3,1801.7128500000001
Pato Salas,2026-08-05,MD-1,Sesión 50,80.85650000000001,2484.72,30.72999696994057,60.56,0,0,0.7489812198153518,0,1,0,28.86746,82.49731367169639,34.992,179.1053,2.2151008267733574,265.33001,4,8,12,26,4,21,8,6,4.64166,-3.6975,0,226.9856,0,3,537.3159
Ramón Juárez,2026-08-05,MD-1,Sesión 50,80.85650000000001,2435.92,30.12645860258606,17.97,0,0,0.22224558322460156,0,0,0,22.11139,66.97985581000849,33.012,189.74567000000002,2.346696555007946,166.32,6,5,11,19,6,14,5,4,3.53689,-3.72074,0,200.58524999999997,0,3,569.23701
Raphael Veiga,2026-08-05,MD-1,Sesión 50,80.85650000000001,2346.6299999999997,29.02215653658023,4.96,0,0,0.061343243895048624,0,0,0,22.0967,69.04355705536808,32.004,166.95738,2.064860338995628,139.13,1,3,4,17,1,12,3,3,3.10433,-3.89817,0,181.8313,0,3,500.87214
Ricardo Gonzalez,2026-08-05,MD-1,Sesión 50,80.85650000000001,2977.9999999999995,36.83068151601911,48.81,0,0,0.6036620432494604,0,0,0,24.48729,68.02025,36,253.76954999999998,3.1385176207231322,264.66,7,7,14,26,7,19,7,6,4.39427,-3.33527,0,662.0120000000001,0,3,761.30865
Sebastián Cáceres,2026-08-05,MD-1,Sesión 50,80.85650000000001,3401.2700000000004,42.065511121554856,26.39,0,0,0.32638068677224463,0,0,0,24.36472,69.62940100594422,34.992,296.77397,3.6703786337523883,354.10999,21,17,38,54,21,44,17,17,4.25657,-3.94672,0,318.90319999999997,0,3,890.3219100000001
Víctor Dávila,2026-08-05,MD-1,Sesión 50,47.452666666666666,1841.34,38.803720198373114,247.90999999999997,0,0,5.224363927562904,5.6499999999999995,9,1,30.32559,89.23490466101694,33.984,197.98526999999999,4.172268576405962,258.96,0,0,0,6,0,3,0,6,2.27621,-1.69265,0,143.4545,0,3,593.9558099999999
Alan Cervantes,2026-08-06,MD,Partido vs San Diego,100.03183333333332,12538.57,125.34579825422242,547.62,103.63,13,5.474457297760214,0,8,0,28.50634,105.30648824449906,27.06988,1301.3301999999999,13.009160750494425,2172.29993,14,39,53,132,14,110,39,40,4.03213,-4.46254,0,1012.0663,0,3,3903.9905999999996
Alejandro Cardenas,2026-08-06,MD,Partido vs San Diego,72.59783333333334,5145.97,70.8832449085946,133.74999999999997,0,0,1.8423414840204133,0,3,0,29.64211,82.33919444444444,36,460.0919,6.337543131452499,793.97998,19,28,47,63,19,74,28,30,4.34755,0,0,1199.362,0,3,1380.2757000000001
Alejandro Zendejas Saavedra,2026-08-06,Other,Compensatorio,32.339666666666666,3064.63,94.76380915078491,0,0,0,0,0,0,0,17.19792,50.60593220338983,33.984,278.17654,8.601713272657932,41.25,0,0,0,2,0,0,0,1,2.01933,-1.70708,0,212.75735,0,3,834.52962
Alexis Gutiérrez,2026-08-06,MD,Partido vs San Diego,62.895,5376.96,85.49105652277605,261.83,0,0,4.162970029414103,0,3,0,28.56815,88.1733024691358,32.4,586.51103,9.325240957150806,1083.58997,9,13,22,67,9,49,13,8,3.78188,-0.55554,0,424.6613,0,3,1759.53309
Brian Rodríguez,2026-08-06,MD,Partido vs San Diego,80.54666666666667,8494.66,105.46258897533521,604.96,33.120000000000005,2,7.510677040225128,66.33999999999999,16,3,33.73538,94.75165711717784,35.604,672.40432,8.348009269988411,1353.22003,26,29,55,88,26,86,29,18,5.17617,-4.79593,0,708.8157199999999,0,3,2017.2129599999998
Cristian Borja,2026-08-06,MD,Partido vs San Diego,124.3465,11176.24,89.87981165533408,551.5799999999999,15.89,2,4.435830521968852,18.37,12,1,33.44482,98.41342984934086,33.984,1267.28162,10.191534301327339,1629.96001,26,38,64,123,26,130,38,28,4.22482,-3.33821,0,1036.4032,0,3,3801.84486
Dago Espinoza,2026-08-06,MD,Partido vs San Diego,45.72316666666667,3764.96,82.34250325327423,115.25,0,0,2.520604070146789,0,1,0,28.99977,81.53331646423753,35.568,319.62571,6.990454364855161,605.08998,6,5,11,47,6,38,5,2,3.66522,-2.49959,0,335.62,0,3,958.8771300000001
Diego Arriaga,2026-08-06,MD,Partido vs San Diego,40.974666666666664,2693.1000000000004,65.72597702645538,0,0,0,0,0,0,0,27.66747,76.85408333333334,36,311.95239,7.613299030295142,12.88,0,0,0,3,0,2,0,3,4.3581,-2.73966,0,145.698,0,3,935.85717
Edwin Cerrillo,2026-08-06,Other,Compensatorio,92.98616666666666,5057.97,54.39486518604022,42.980000000000004,0,0,0.4622192906830228,0,0,0,23.81081,66.14113888888889,36,485.33963,5.219482073498388,737.9499900000001,23,15,38,100,23,77,15,16,4.34,0,0,1220.192,0,3,1456.01889
Emilio Lara,2026-08-06,MD,Partido vs San Diego,34.18066666666667,2560.15,74.90052856390552,384.24,0,0,11.241442530865402,0,2,0,25.84076,71.77988888888889,36,247.41532999999998,7.23845829026155,616.52001,12,12,24,24,12,24,12,14,3.66692,-2.85234,0,197.02550000000002,0,3,742.2459899999999
Erick Sánchez,2026-08-06,MD,Partido vs San Diego,114.10966666666667,11540.32,101.13358786430597,459.2,19.259999999999998,2,4.024198943121967,14.540000000000001,12,1,31.88937,99.64182602174728,32.004,1237.01928,10.840617768287233,1789.56996,33,43,76,133,33,141,43,36,4.52895,-3.6459,0,806.43,0,3,3711.05784
Henry Martín,2026-08-06,MD,Partido vs San Diego,87.91499999999999,8277.6,94.1545811295001,298.64,0,0,3.396917477108571,0,2,0,27.50443,81.62520773979108,33.696,937.9292,10.668591252914748,1259.97002,33,31,64,128,33,109,31,34,4.76975,-3.45546,0,763.7128,0,3,2813.7876
Icaro Conceicao,2026-08-06,MD,Partido vs San Diego,87.235,9076.58,104.0474580157047,181.54999999999998,0,0,2.081160084828337,0,1,0,26.12113,72.55869444444446,36,978.02585,11.211392789591335,1269.35999,26,27,53,97,26,98,27,0,3.75782,-3.68744,0,2078.59,0,3,2934.07755
Isaías Violante,2026-08-06,MD,Partido vs San Diego,114.19133333333333,11636.199999999999,101.90090316252838,610.0400000000001,12.1,1,5.342261817884603,31.130000000000003,13,2,32.45752,92.75697302240513,34.992,964.71222,8.448208737382288,1757.88997,39,39,78,120,39,112,39,18,5.03595,-3.12812,0,927.1398899999999,0,3,2894.13666
Israel Reyes,2026-08-06,MD,Partido vs San Diego,100.03183333333332,11207.539999999999,112.03973401800427,493.36,0,0,4.932029970459404,0,9,0,29.57795,89.59757058039501,33.012,1108.77777,11.08424921400021,1651.88,23,33,56,101,23,101,33,32,4.18282,-4.82473,0,1009.7357400000001,0,3,3326.33331
José Raúl Zúñiga,2026-08-06,Other,Compensatorio,32.339666666666666,2380.52,73.60991146064173,0,0,0,0,0,0,0,17.46807,50.02310996563574,34.92,193.19838,5.974037456580669,33.51,0,0,0,1,0,0,0,1,2.25376,-1.73932,0,204.084,0,3,579.5951399999999
Kevin Álvarez,2026-08-06,MD,Partido vs San Diego,124.3465,12656.179999999998,101.78155396412443,988.76,12.17,1,7.951651232644264,23.93,25,1,32.91493,94.06415752171925,34.992,1094.53332,8.80228490548588,2518.12007,52,83,135,178,52,175,83,39,4.81525,-4.57127,0,1084.81326,0,3,3283.59996
Miguel Vázquez,2026-08-06,MD,Partido vs San Diego,34.18066666666667,2511.38,73.47369858204443,122.98,0,0,3.59794035614675,0,0,0,22.70767,66.81870880414313,33.984,234.16039999999998,6.850668018958085,514.15999,9,8,17,24,9,25,8,2,3.4254,-2.98543,0,220.56959999999998,0,3,702.4812
Oscar Perea,2026-08-06,Other,Compensatorio,92.98616666666666,5784.709999999999,62.21043631938083,62.99,0,0,0.6774125900447558,0,2,0,25.65787,71.27186111111111,36,614.36805,6.607090839676871,949.75,58,39,97,156,58,126,39,35,4.47594,-3.91377,0,1460.038,0,3,1843.1041500000001
Pato Salas,2026-08-06,MD,Partido vs San Diego,34.18066666666667,2486.1499999999996,72.73556201361392,209.82,0,0,6.138557859218661,0,0,0,24.09284,68.85242341106539,34.992,216.0008,6.31938522751653,551.6800000000001,1,8,9,18,1,24,8,1,3.07214,-1.96708,0,214.3216,0,3,648.0024
Ramón Juárez,2026-08-06,MD,Partido vs San Diego,34.18066666666667,2309.43,67.56538784107974,2.89,0,0,0.08455072068030661,0,0,0,21.35538,64.68974918211559,33.012,211.9862,6.201932866532737,341.40001,3,1,4,17,3,21,1,7,3.34768,-2.8058,0,184.23825,0,3,635.9585999999999
Raphael Veiga,2026-08-06,MD,Partido vs San Diego,45.152,3171.9900000000002,70.2513731396173,153.16,0,0,3.392097802976612,0,1,0,25.69283,80.28005874265718,32.004,292.30967,6.473903038625088,511.43999,8,14,22,30,8,26,14,11,4.36864,-2.81558,0,248.6771,0,3,876.92901
Ricardo Gonzalez,2026-08-06,MD,Partido vs San Diego,34.18066666666667,2417.8,70.73589358506759,3.48,0,0,0.10181194047317196,0,0,0,20.99752,58.32644444444445,36,227.58301,6.658237892765891,352.77999,3,1,4,22,3,21,1,0,3.34237,-2.40826,0,520.906,0,3,682.74903
Sebastián Cáceres,2026-08-06,MD,Partido vs San Diego,100.03183333333332,10352.5,103.49205502914906,524.6500000000001,19.849999999999998,2,5.244830395657384,57.69,15,4,32.41606,92.63848879743942,34.992,936.41797,9.361199718089741,1601.72003,34,43,77,120,34,128,43,38,4.82694,-5.48967,0,979.4072,0,3,2809.25391
Víctor Dávila,2026-08-06,Other,Compensatorio,64.0505,2620.52,40.91334181622314,4.4799999999999995,0,0,0.06994480917401112,0,0,0,21.71205,63.88903601694915,33.984,279.51062,4.3639100397342725,361.35001,15,13,28,55,15,39,13,6,3.85395,-4.05474,0,220.4384,0,3,838.53186
Alejandro Cardenas,2026-08-07,Other,Sesión 51,75.6,3672.8199999999997,48.58227513227513,69.15,0,0,0.9146825396825399,0,1,0,26.0783,72.43972222222222,36,353.24145,4.672505952380953,527.3499899999999,9,12,21,69,9,59,12,9,3.80314,-3.58515,0,883.8299999999999,0,3,1059.72435
Alexis Gutiérrez,2026-08-07,Other,Sesión 51,75.6,4022.83,53.21203703703704,60.54,0,0,0.8007936507936508,0,0,0,24.80817,76.56842592592594,32.4,465.35159,6.155444312169313,527.65,9,5,14,52,9,34,5,5,3.54675,-3.44386,0,325.4783,0,3,1396.05477
Dago Espinoza,2026-08-07,Other,Sesión 51,75.6,4833.69,63.93769841269841,174.20000000000002,0,0,2.3042328042328046,0,4,0,26.81753,75.3979138551507,35.568,464.86557999999997,6.149015608465609,856.0799900000001,26,27,53,89,26,78,27,4,4.03077,-4.44571,0,471.0376,0,3,1394.59674
Diego Arriaga,2026-08-07,Other,Sesión 51,75.6,4094.43,54.159126984126985,78.10000000000001,0,0,1.0330687830687832,0,0,0,24.186,67.18333333333332,36,404.1416,5.34578835978836,437.85999,8,4,12,46,8,29,4,8,3.85605,-2.77818,0,931.0140000000001,0,3,1212.4248
Edwin Cerrillo,2026-08-07,Other,Sesión 51,81.4,5090.61,62.53820638820638,316.87,0,0,3.8927518427518426,0,4,0,27.12428,75.34522222222222,36,462.3268,5.679690417690417,1045.88001,19,20,39,88,19,62,20,3,4.11674,-3.52999,0,1217.262,0,3,1386.9804
Emilio Lara,2026-08-07,Other,Sesión 51,75.6,4635.99,61.32261904761905,192.76,0,0,2.54973544973545,0,2,0,29.43785,81.77180555555556,36,504.09205,6.667884259259259,927.22,41,43,84,108,41,91,43,26,4.35032,-4.58155,0,416.60429999999997,0,3,1512.27615
Miguel Vázquez,2026-08-07,Other,Sesión 51,75.6,4335.240000000001,57.344444444444456,93.36,0,0,1.234920634920635,0,2,0,28.83413,84.84619232580036,33.984,504.88149999999996,6.678326719576719,786.38999,13,23,36,73,13,81,23,10,3.86714,-4.61169,0,421.6512,0,3,1514.6444999999999
Oscar Perea,2026-08-07,Other,Sesión 51,81.4,4543.75,55.820024570024565,351.4,0,0,4.316953316953317,10.229999999999999,9,1,31.227,86.74166666666667,36,480.95349999999996,5.908519656019656,832.28001,30,30,60,75,30,62,30,10,4.28861,-4.49523,0,1116.19,0,3,1442.8604999999998
Pato Salas,2026-08-07,Other,Sesión 51,75.6,4322.3099999999995,57.1734126984127,221.64999999999998,0,0,2.931878306878307,0,6,0,28.88872,82.5580704160951,34.992,390.822,5.169603174603175,766.0500000000001,6,20,26,71,6,66,20,7,3.29775,-3.64228,0,415.8632,0,3,1172.466
Raphael Veiga,2026-08-07,Other,Sesión 51,75.6,3724.1,49.26058201058201,91.34,0,0,1.2082010582010583,0,2,0,27.64826,86.39001374828148,32.004,362.84763,4.799571825396826,402.02001,6,8,14,37,6,28,8,6,3.69859,-3.9773,0,301.0707,0,3,1088.54289
Ricardo Gonzalez,2026-08-07,Other,Sesión 51,75.6,4990.14,66.00714285714287,235.32999999999998,0,0,3.1128306878306877,0,4,0,29.29307,81.36963888888889,36,508.8313,6.730572751322752,909.72996,13,20,33,86,13,61,20,10,3.74139,-3.42692,0,1182.6239999999998,0,3,1526.4939
Santiago Naveda Lara,2026-08-07,Other,Sesión 51,81.4,4650.68,57.133660933660934,289.03000000000003,0,0,3.5507371007371007,0,5,0,27.8146,86.32712600869026,32.22,452.92157000000003,5.564147051597051,859.88,21,14,35,81,21,58,14,6,3.80725,-3.47994,0,428.75756,0,3,1358.7647100000002
Alan Cervantes,2026-08-08,MD-1,Sesión 52,90.16783333333333,3001.92,33.29258216621966,28.240000000000002,0,0,0.31319372947115287,0,0,0,23.78677,87.8717231107046,27.06988,314.77083,3.4909437031313826,205.97,6,0,6,26,6,8,0,3,4.08489,-0.25885,0,221.8419,0,3,944.31249
Alejandro Cardenas,2026-08-08,MD-1,Sesión 52,90.16783333333333,3275.93,36.33147075730998,63.59000000000001,0,0,0.7052404127857866,0,1,0,27.81369,77.26025000000001,36,314.80113,3.4912797431456526,395.90999,22,15,37,54,22,48,15,18,4.26039,-0.50663,0,693.954,0,3,944.40339
Alejandro Zendejas Saavedra,2026-08-08,MD-1,Sesión 52,46.136833333333335,4515.6900000000005,97.87602819150283,0,0,0,0,0,0,0,16.46588,48.45185969868172,33.984,475.9657,10.316392903717565,172.10001,0,0,0,21,0,6,0,1,2.30368,-2.31607,0,317.04789999999997,0,3,1427.8971000000001
Alexis Gutiérrez,2026-08-08,MD-1,Sesión 52,90.16783333333333,2866.1,31.786280029648413,10.62,0,0,0.11778036143709784,0,0,0,22.14361,68.34447530864198,32.4,317.23413,3.518262758152852,272.90999999999997,12,10,22,42,12,35,10,7,3.73862,-0.86049,0,221.0824,0,3,951.7023899999999
Brian Rodríguez,2026-08-08,MD-1,Sesión 52,90.16783333333333,3319.76,36.81756428290207,94.63999999999999,0,0,1.0495982491908606,7.13,3,1,30.9858,87.02898550724638,35.604,328.74557,3.645929572075777,345.38999,23,11,34,40,23,26,11,12,4.41441,-0.37849,0,259.33886,0,3,986.2367099999999
Cristian Borja,2026-08-08,MD-1,Sesión 52,90.16783333333333,2882.7400000000002,31.9708247767589,79.32000000000001,0,0,0.8796928690386632,0,1,0,26.58729,78.23472810734464,33.984,374.48177,4.15316367440717,258.9,9,10,19,27,9,25,10,6,3.74999,-2.04155,0,252.90320000000003,0,3,1123.44531
Dago Espinoza,2026-08-08,MD-1,Sesión 52,90.16783333333333,3231.5,35.83872297400958,127.08,0,0,1.409371782620188,0,4,0,29.06064,81.70445344129556,35.568,322.42125,3.575790146892739,447.48999,37,19,56,56,37,42,19,3,4.99888,-0.51744,0,312.024,0,3,967.26375
Diego Arriaga,2026-08-08,MD-1,Sesión 52,90.16783333333333,2612.4900000000002,28.97363620064066,12.6,0,0,0.13973941187452288,0,0,0,23.74297,65.95269444444445,36,297.11415,3.2951235381427595,212.52,9,6,15,32,9,22,6,6,3.75102,0,0,569.64,0,3,891.34245
Edwin Cerrillo,2026-08-08,MD-1,Sesión 52,90.16783333333333,4901.05,54.35474956885955,0,0,0,0,0,0,0,20.05499,55.70830555555556,36,436.6494,4.842629392965341,288.70999,7,2,9,21,7,12,2,8,3.63978,-0.25671,0,1028.078,0,3,1309.9482
Emilio Lara,2026-08-08,MD-1,Sesión 52,90.16783333333333,2975.45,32.99901849698802,43.550000000000004,0,0,0.4829882053282121,0,1,0,28.20954,78.35983333333334,36,319.75166,3.5461832471668573,327.38999,14,11,25,37,14,30,11,9,4.048,-0.41802,0,227.6918,0,3,959.25498
Erick Sánchez,2026-08-08,MD-1,Sesión 52,90.16783333333333,2882.16,31.964392327640862,6.22,0,0,0.06898247157615335,0,0,0,22.48423,70.25443694538184,32.004,345.77841,3.8348310835164794,172.05,9,5,14,28,9,21,5,12,3.91047,-0.71271,0,186.3678,0,3,1037.3352300000001
Henry Martín,2026-08-08,MD-1,Sesión 52,90.16783333333333,2473.7999999999997,27.435504531364657,0,0,0,0,0,0,0,19.953,59.21474358974359,33.696,282.2135,3.1298689296071958,168.63,7,5,12,24,7,17,5,13,3.62725,0,0,209.212,0,3,846.6405
Icaro Conceicao,2026-08-08,MD-1,Sesión 52,90.16783333333333,3053.31,33.862519338936465,14.18,0,0,0.1572622905064075,0,0,0,22.8115,63.36527777777777,36,374.90905,4.157902393129849,294.25999,15,9,24,46,15,34,9,9,4.30271,-0.51778,0,686.168,0,3,1124.72715
Isaías Violante,2026-08-08,MD-1,Sesión 52,90.16783333333333,3813.6400000000003,42.294905611202815,224.20999999999998,0,0,2.4865852013005374,0,6,0,29.28129,83.67995541838134,34.992,405.30995,4.495061431737482,483.42001000000005,22,12,34,46,22,34,12,5,4.61871,-0.74795,0,300.07617,0,3,1215.92985
Israel Reyes,2026-08-08,MD-1,Sesión 52,90.16783333333333,3210.04,35.600722356642336,6.61,0,0,0.07330773908655526,0,0,0,21.43366,64.92687507573004,33.012,338.47885,3.7538758278543534,313.75,12,13,25,42,12,36,13,8,4.05422,-1.42434,0,282.55266,0,3,1015.4365500000001
José Raúl Zúñiga,2026-08-08,MD-1,Sesión 52,90.16783333333333,5044.960000000001,55.950773280197865,0,0,0,0,0,0,0,20.6211,59.05240549828178,34.92,468.05275,5.190906032639134,237.56,5,2,7,13,5,8,2,1,3.5832,-1.03895,0,414.8456,0,3,1404.15825
Kevin Álvarez,2026-08-08,MD-1,Sesión 52,90.16783333333333,3210.7000000000003,35.60804204012148,79.94000000000001,0,0,0.8865689353372509,0,3,0,26.55959,75.90189186099681,34.992,318.45011,3.5317484986331045,422.34001,23,15,38,55,23,42,15,20,4.39249,-0.93055,0,267.10626,0,3,955.35033
Miguel Vázquez,2026-08-08,MD-1,Sesión 52,90.16783333333333,2569.3599999999997,28.49530597570826,49.82,0,0,0.552525198380058,0,2,0,29.59537,87.08618761770244,33.984,298.14007,3.3065014315896093,207.04999999999998,10,4,14,27,10,20,4,16,3.88571,-0.66655,0,225.2992,0,3,894.42021
Oscar Perea,2026-08-08,MD-1,Sesión 52,90.16783333333333,3136.44,34.7844667444229,103.31,12.579999999999998,1,1.145752273075949,28.490000000000002,2,1,33.01559,91.70997222222223,36,352.28338,3.906973994791195,422.80001,21,15,36,49,21,42,15,10,4.38379,-1.93375,0,712.03,0,3,1056.85014
Pato Salas,2026-08-08,MD-1,Sesión 52,90.16783333333333,2913.5499999999997,32.31252091008064,48.46,0,0,0.5374422142412205,0,1,0,28.70569,82.035008001829,34.992,271.80828,3.0144705706210826,369.76,19,14,33,44,19,36,14,5,4.45051,-0.81436,0,270.8296,0,3,815.4248400000001
Ramón Juárez,2026-08-08,MD-1,Sesión 52,90.16783333333333,3004.55,33.32174999584109,42.230000000000004,0,0,0.4683488383699287,0,0,0,23.93309,72.49815218708349,33.012,310.68737,3.4456563778287523,321.08,12,10,22,45,12,37,10,10,4.71287,-0.83805,0,253.10399999999998,0,3,932.06211
Raphael Veiga,2026-08-08,MD-1,Sesión 52,90.16783333333333,2551.64,28.29878356472282,51.48,0,0,0.5709353113730505,0,2,0,28.76366,89.87520309961255,32.004,239.09555,2.651672344350443,221.22,8,5,13,22,8,19,5,5,4.25054,0,0,192.11289999999997,0,3,717.28665
Ricardo Gonzalez,2026-08-08,MD-1,Sesión 52,90.16783333333333,4563.41,50.61017694780289,0,0,0,0,0,0,0,20.70081,57.50225,36,425.37373,4.717577369608896,283.06998999999996,6,3,9,23,6,13,3,2,3.76975,-0.84335,0,935.2700000000001,0,3,1276.12119
Sebastián Cáceres,2026-08-08,MD-1,Sesión 52,90.16783333333333,2540.45,28.174681658462827,15.48,0,0,0.17167984887441382,0,1,0,25.66941,73.357938957476,34.992,252.99626,2.805837188797927,168.09,3,8,11,26,3,19,8,11,3.62957,-0.10127,0,218.4008,0,3,758.98878
Víctor Dávila,2026-08-08,Other,RTP Davila,48.792,2438.6899999999996,49.98134940154122,383.52000000000004,0,0,7.860304968027546,0,7,0,25.8026,75.9257297551789,33.984,253.19897,5.189354197409411,477.67001,4,0,4,37,4,23,0,5,3.2719,-2.96155,0,194.0302,0,3,759.59691
Alan Cervantes,2026-08-09,MD,Partido vs Portland,119.27366666666667,13154.67,110.28980970932393,540.02,141.62,13,4.527571048093879,0,6,0,29.87568,110.36502562996216,27.06988,1381.24663,11.58048267150335,2299.69999,28,28,56,163,28,124,28,33,4.69112,-2.70596,0,1069.1877,0,3,4143.739890000001
Alejandro Cardenas,2026-08-09,MD,Partido vs Portland,100.83666666666666,10105.51,100.21662093815081,292.66999999999996,0,0,2.9024164490430064,0,4,0,26.37985,73.27736111111112,36,903.79972,8.963006710521967,1745.37004,50,55,105,177,50,156,55,67,4.48787,-4.18869,0,2439.0879999999997,0,3,2711.39916
Alexis Gutiérrez,2026-08-09,MD,Partido vs Portland,32.75183333333334,1555.48,47.4929138826834,235.98,0,0,7.20509284467536,0,9,0,28.75294,88.74364197530863,32.4,185.24901,5.656141691813689,439.44001,35,21,56,43,35,38,21,6,4.35921,-2.38913,0,150.535,0,3,555.74703
Brian Rodríguez,2026-08-09,MD,Partido vs Portland,84.81983333333332,7727.16,91.10086280920933,474.41999999999996,4.31,0,5.5932672979393585,36.08,10,2,32.21791,90.48957982249186,35.604,637.126,7.511521479842569,1170.94,29,37,66,93,29,94,37,29,4.84392,-5.03554,0,649.24459,0,3,1911.378
Cristian Borja,2026-08-09,MD,Partido vs Portland,41.79533333333334,2718.1000000000004,65.03357631633516,98.11,0,0,2.3473912558020826,0,3,0,27.95125,82.2482638888889,33.984,323.25457,7.734226388911042,347.02999,7,11,18,24,7,25,11,6,3.98478,-1.94197,0,244.1576,0,3,969.76371
Dago Espinoza,2026-08-09,MD,Partido vs Portland,98.8015,9627.1,97.43880406673988,583.51,4.32,1,5.905881995718688,20.979999999999997,16,2,32.32674,90.88714574898786,35.568,899.88633,9.108022955117079,1444.89003,41,40,81,118,41,101,40,25,5.04666,-3.74864,0,907.3455999999999,0,3,2699.65899
Diego Arriaga,2026-08-09,MD,Partido vs Portland,32.75183333333334,1837.4,56.10067629801894,237.56,0,0,7.253334418938379,0,8,0,28.25024,78.47288888888889,36,213.79133000000002,6.527614128471179,483.67001,33,28,61,48,33,41,28,9,4.71011,-3.41428,0,491.24,0,3,641.37399
Emilio Lara,2026-08-09,MD,Partido vs Portland,32.75183333333334,1803.22,55.05707059655693,253.83,0,0,7.750100503279714,7.34,11,1,30.90018,85.83383333333333,36,207.02874,6.321134389423492,472.06998999999996,35,30,65,46,35,34,30,14,4.51113,-3.58641,0,175.4144,0,3,621.08622
Erick Sánchez,2026-08-09,MD,Partido vs Portland,41.434,3077.3799999999997,74.27185403291982,101.58,0,0,2.451609789062123,0,0,0,23.37853,73.04877515310586,32.004,342.01052,8.254344741033934,436.77,4,13,17,31,4,28,13,9,4.51633,-2.42829,0,208.7106,0,3,1026.03156
Henry Martín,2026-08-09,MD,Partido vs Portland,42.04266666666667,2980.59,70.89440885449702,135.91,0,0,3.2326684003551946,0,3,0,28.81423,85.51231600189934,33.696,360.75496999999996,8.580687159076492,431.51000999999997,13,11,24,35,13,29,11,18,4.40091,-2.62383,0,269.8736,0,3,1082.2649099999999
Icaro Conceicao,2026-08-09,MD,Partido vs Portland,47.004666666666665,3473.66,73.90032195384855,433.23,0,0,9.216744436722596,14.23,15,1,30.71707,85.32519444444443,36,434.48328,9.243407321258882,813.24,28,22,50,57,28,52,22,19,4.61561,-2.36284,0,859.3620000000001,0,3,1303.44984
Isaías Violante,2026-08-09,MD,Partido vs Portland,119.27366666666667,11985.77,100.4896582369397,680.28,33.19,2,5.703522152137521,54.480000000000004,20,3,32.55618,93.0389231824417,34.992,1077.60116,9.034694665768638,1974.58003,32,46,78,146,32,118,46,84,4.59894,-3.61476,0,974.97345,0,3,3232.8034799999996
Israel Reyes,2026-08-09,MD,Partido vs Portland,78.163,9195.86,117.64978314547805,241.95,0,0,3.0954543709939486,0,2,0,29.08158,88.09396583060705,33.012,917.54278,11.738837813287617,1562.4199800000001,16,22,38,91,16,112,22,26,4.19073,-4.38826,0,838.5936000000002,0,3,2752.62834
Kevin Álvarez,2026-08-09,MD,Partido vs Portland,119.27366666666667,11956.210000000001,100.24182482302604,780.65,0,0,6.545032292682654,9.700000000000001,20,1,30.68212,87.68324188385918,34.992,1074.90495,9.01208942460057,2244.65995,53,67,120,182,53,171,67,40,4.61815,-3.76215,0,1029.85855,0,3,3224.7148500000003
Miguel Vázquez,2026-08-09,MD,Partido vs Portland,119.27366666666667,10502.78,88.0561509805182,310.74,0,0,2.6052691150044294,0.82,6,0,29.90901,88.00909251412429,33.984,1067.31409,8.948447044751425,1379.3700099999999,29,38,67,129,29,124,38,49,4.4358,-4.35953,0,982.0064,0,3,3201.9422700000005
Oscar Perea,2026-08-09,MD,Partido vs Portland,34.26366666666667,2222.01,64.85032736329056,198.23,5.18,1,5.785428685390743,47.93,8,3,32.8217,91.1713888888889,36,250.03852,7.2974828535572165,320.79,7,10,17,16,7,20,10,9,4.47744,-3.62038,0,509.93600000000004,0,3,750.11556
Pato Salas,2026-08-09,MD,Partido vs Portland,32.75183333333334,1903.83,58.1289597020014,233.34,0,0,7.124486669957406,0,9,0,27.73031,79.24757087334248,34.992,206.71823999999998,6.31165400410155,461.52999,31,27,58,41,31,35,27,13,4.26678,-2.79538,0,202.42719999999997,0,3,620.15472
Ramón Juárez,2026-08-09,MD,Partido vs Portland,119.27366666666667,10696.43,89.67972813222254,275.13,0,0,2.30671201522549,0,4,0,28.55228,86.4906094753423,33.012,1012.5292499999999,8.489126546513479,1388.47004,37,31,68,147,37,125,31,38,4.48031,-3.57277,0,929.112,0,3,3037.5877499999997
Raphael Veiga,2026-08-09,MD,Partido vs Portland,105.49633333333333,11215.14,106.30833931037098,572.61,0,0,5.427771581318782,0,11,0,27.42298,85.68610173728284,32.004,1087.86953,10.311917918158294,1869.07,32,36,68,139,32,114,36,27,4.209,-2.83799,0,918.9347999999999,0,3,3263.60859
Sebastián Cáceres,2026-08-09,MD,Partido vs Portland,20.125,857.89,42.62807453416149,0,0,0,0,0,0,0,15.60138,44.58556241426612,34.992,85.08825,4.227987577639752,32.5,0,1,1,7,0,5,1,6,2.66766,-3.11264,0,66.748,0,3,255.26475
Alejandro Zendejas Saavedra,2026-08-10,MD+1,Sesión 53 Compensatorio,63.3615,3550.09,56.02913441127499,0,0,0,0,0,0,0,16.6509,48.996292372881356,33.984,440.55714,6.953073080656234,301.23999000000003,2,0,2,88,2,48,0,2,3.39159,-1.21573,0,262.89705,0,3,1321.6714200000001
Alexis Gutiérrez,2026-08-10,MD+1,Sesión 53 Compensatorio,98.0515,8212.340000000002,83.75537345170652,166.66,0,0,1.6997190252061416,0,5,0,27.68112,85.43555555555557,32.4,926.30581,9.447135535917349,1196.47005,29,16,45,115,29,78,16,6,3.45638,-2.02205,0,672.0881999999999,0,3,2778.91743
Cristian Borja,2026-08-10,MD+1,Sesión 53 Compensatorio,98.0515,7575.240000000001,77.25776760171951,343.56,0,0,3.503872964717521,0,6,0,29.31996,86.27577683615819,33.984,962.54854,9.816765067337062,1082.08001,23,25,48,97,23,89,25,36,4.20623,-1.63055,0,704.0568000000001,0,3,2887.6456200000002
Diego Arriaga,2026-08-10,MD+1,Sesión 53 Compensatorio,98.0515,7832.01,79.87649347536754,230.99999999999997,0,0,2.355904805127917,0,3,0,27.63505,76.76402777777778,36,827.15192,8.435892566661398,1155.22997,24,23,47,110,24,96,23,27,4.35196,-1.9515,0,1832.0659999999998,0,3,2481.45576
Edwin Cerrillo,2026-08-10,MD+1,Sesión 53 Compensatorio,98.0515,8376.789999999999,85.43255330107137,166.30999999999997,0,0,1.696149472471099,0,2,0,26.63085,73.97458333333333,36,782.1589399999999,7.977021667185101,1114.68999,17,18,35,97,17,99,18,23,4.02592,-2.38174,0,1947.102,0,3,2346.47682
Emilio Lara,2026-08-10,MD+1,Sesión 53 Compensatorio,98.0515,8339.48,85.05203897951586,439.18,0,0,4.479074771931077,0,7,0,27.61939,76.72052777777778,36,885.0539,9.026418769728153,1600.6599899999999,39,48,87,135,39,115,48,23,4.43483,-1.99826,0,703.0898,0,3,2655.1617
Erick Sánchez,2026-08-10,MD+1,Sesión 53 Compensatorio,98.0515,7093.009999999999,72.33963784337821,163.86,0,0,1.6711626033258034,0,3,0,27.60385,86.25124984376954,32.004,795.68842,8.115005073864245,969.54002,19,21,40,90,19,76,21,16,4.62628,-1.26563,0,497.60279999999995,0,3,2387.06526
Henry Martín,2026-08-10,MD+1,Sesión 53 Compensatorio,34.47683333333334,1643.97,47.68332358443592,0,0,0,0,0,0,0,13.08492,38.83226495726496,33.696,213.71492,6.198797840095522,0.11,0,0,0,0,0,0,0,0,1.22074,-1.37352,0,131.3632,0,3,641.14476
Icaro Conceicao,2026-08-10,MD+1,Sesión 53 Compensatorio,98.0515,7866.91,80.23242887666174,157.79999999999998,0,0,1.6093583473990707,0,3,0,29.53101,82.03058333333333,36,956.63143,9.756418106811216,1026.71001,17,20,37,112,17,85,20,23,4.64253,-1.63513,0,1830.69,0,3,2869.89429
José Raúl Zúñiga,2026-08-10,MD+1,Sesión 53 Compensatorio,98.0515,7415.64,75.63005155454022,309.85,0,0,3.160074042722447,0,8,0,26.67672,76.39381443298969,34.92,708.65593,7.2273848946726975,1130.50006,31,19,50,102,31,70,19,42,4.04185,-1.92712,0,689.8336,0,3,2125.96779
Oscar Perea,2026-08-10,MD+1,Sesión 53 Compensatorio,98.0515,6790.63,69.25574825474368,130.46,0,0,1.3305252851817668,0,3,0,27.70424,76.95622222222221,36,741.3834800000001,7.561164082140508,894.93997,46,20,66,134,46,110,20,32,4.59283,-1.34889,0,1625.606,0,3,2224.1504400000003
Pato Salas,2026-08-10,MD+1,Sesión 53 Compensatorio,98.0515,8258.93,84.23053191435113,209.92,0,0,2.1409157432573696,0,1,0,28.08524,80.26188843164152,34.992,785.91841,8.015363456958843,1336.16,27,34,61,123,27,90,34,16,4.33164,-1.85647,0,787.9551999999999,0,3,2357.7552299999998
Ricardo Gonzalez,2026-08-10,MD+1,Sesión 53 Compensatorio,98.0515,8558.57,87.28647700443133,236.85,0,0,2.415567329413624,0,3,0,28.53159,79.25441666666667,36,902.1374500000001,9.200649148661673,1273.86998,33,30,63,128,33,121,30,18,4.14102,-2.17549,0,2033.738,0,3,2706.41235
Sebastián Cáceres,2026-08-10,MD+1,Sesión 53 Compensatorio,98.0515,7873.98,80.3045338419096,285.5,0,0,2.911735159584504,0,8,0,27.16588,77.63454503886604,34.992,784.3936699999999,7.9998130574239035,1308.0900199999999,41,44,85,132,41,124,44,27,4.36178,-1.51,0,756.3888,0,3,2353.18101
Víctor Dávila,2026-08-10,Other,RTP Davila,16.387333333333334,1220.23,74.46177942313169,73.17,0,0,4.465033969325902,0,0,0,23.41525,68.90080626177024,33.984,137.69229,8.402360969854767,116.24,0,0,0,10,0,3,0,3,2.74749,-2.27148,0,97.5996,0,3,413.07687000000004
Alan Cervantes,2026-08-11,MD-2,Sesión 54,43.40366666666667,1444.1699999999998,33.27299536905483,20.740000000000002,2.68,1,0.4778398138406125,0,0,0,24.59913,90.87269688672428,27.06988,143.25807,3.300598336546067,102.88,3,1,4,11,3,5,1,5,3.66121,-1.24878,0,108.52029999999999,0,3,429.77421000000004
Alejandro Cardenas,2026-08-11,MD-2,Sesión 54,79.23949999999999,3828.0900000000006,48.310375507165,176.13,0,0,2.2227550653398875,0,2,0,27.20315,75.56430555555555,36,399.66812,5.043799115340203,562.55999,21,8,29,44,21,32,8,0,0,0,0,0,0,3,1199.00436
Alejandro Zendejas Saavedra,2026-08-11,MD-2,Sesión 54,87.56649999999999,7356.99,84.01603352880383,0,0,0,0,0,0,0,20.5791,60.555261299435024,33.984,920.84668,10.515969920003656,426.08001,15,20,35,50,15,43,20,0,3.54769,-1.03478,0,522.3361,0,3,2762.54004
Alexis Gutiérrez,2026-08-11,MD-2,Sesión 54,79.23949999999999,3803.39,47.998662283330916,212.28000000000003,0,0,2.6789669293723466,0,4,0,27.20315,83.96033950617284,32.4,445.61201,5.623609563412187,583.09998,21,12,33,47,21,35,12,4,4.23365,-1.46105,0,309.7752,0,3,1336.83603
Brian Rodríguez,2026-08-11,MD-2,Sesión 54,79.23949999999999,2979.97,37.607127758251885,140.48,0,0,1.7728531855955678,0,2,0,29.12639,81.80651050443771,35.604,226.20454,2.854694186611476,319.5,13,4,17,25,13,20,4,3,4.61104,-1.17877,0,236.94262,0,3,678.6136200000001
Cristian Borja,2026-08-11,MD-2,Sesión 54,79.23949999999999,3813.4700000000003,48.125871566579804,278.71000000000004,0,0,3.5173114418945106,15.89,4,1,30.51462,89.79113700564972,33.984,437.74593,5.524339880993697,495.34999999999997,14,6,20,33,14,23,6,4,3.97061,-1.62603,0,346.0472,0,3,1313.23779
Dago Espinoza,2026-08-11,MD-2,Sesión 54,79.23949999999999,3839.0799999999995,48.449068961818284,255.35000000000002,0,0,3.2225089759526506,0,7,0,27.59339,77.5792566351777,35.568,357.38853,4.5102320181222755,514.18,17,19,36,51,17,42,19,6,5.48162,-1.486,0,364.1696,0,3,1072.16559
Diego Arriaga,2026-08-11,MD-2,Sesión 54,79.23949999999999,3795.2200000000003,47.89555714006273,165.96999999999997,0,0,2.0945361846049,0,1,0,31.26082,86.8356111111111,36,342.37201,4.320724007597222,489.57999,22,13,35,51,22,43,13,0,0,0,0,0,0,3,1027.11603
Edwin Cerrillo,2026-08-11,MD-2,Sesión 54,79.23949999999999,4365.33,55.090327425084716,271.22999999999996,0,0,3.422914076943948,0,10,0,27.93421,77.59502777777779,36,383.63281,4.841434007029323,674.77,23,15,38,59,23,44,15,14,4.63886,-1.13845,0,1031.99,0,3,1150.89843
Emilio Lara,2026-08-11,MD-2,Sesión 54,79.23949999999999,3640.31,45.94059780791146,198.37,0,0,2.5034231664763156,19.33,2,1,31.26082,86.8356111111111,36,355.18915,4.48247591163498,460.60999,18,12,30,41,18,33,12,7,4.22295,-2.00468,0,297.8157,0,3,1065.56745
Erick Sánchez,2026-08-11,MD-2,Sesión 54,79.23949999999999,3550.4800000000005,44.806946030704395,89.23,0,0,1.126079796061308,0,0,0,24.90256,77.81077365329335,32.004,372.3765,4.699379728544477,371.84001,9,9,18,35,9,30,9,7,4.19768,-1.07569,0,248.65619999999998,0,3,1117.1295
Henry Martín,2026-08-11,MD-2,Sesión 54,58.474666666666664,2905.2700000000004,49.68425072966072,0,0,0,0,0,0,0,18.21947,54.07012701804369,33.696,329.34319,5.632237151130974,219.78999,1,5,6,34,1,32,5,6,3.1234,-1.86347,0,267.9984,0,3,988.0295699999999
Icaro Conceicao,2026-08-11,MD-2,Sesión 54,79.23949999999999,3607.0099999999998,45.520352854321395,89.23,0,0,1.126079796061308,0,1,0,25.51825,70.88402777777777,36,356.66832,4.501142990553954,343.91,14,8,22,33,14,20,8,0,0,0,0,0,0,3,1070.00496
Isaías Violante,2026-08-11,MD-2,Sesión 54,79.23949999999999,4084.23,51.542854258292905,149.13,0,0,1.882015913780375,0,4,0,26.23093,74.96264860539553,34.992,339.4934,4.284396039853862,369.37,19,8,27,32,19,19,8,6,4.66665,-1.35082,0,314.99397,0,3,1018.4802
Israel Reyes,2026-08-11,MD-2,Sesión 54,79.23949999999999,3428.17,43.263397674139796,62.65,0,0,0.7906410313038321,0,1,0,26.79562,81.16933236398886,33.012,356.80352999999997,4.502849336505152,333.87,10,9,19,23,10,23,9,3,3.65166,-1.36609,0,296.53104,0,3,1070.41059
José Raúl Zúñiga,2026-08-11,MD-2,Sesión 54,58.474666666666664,2381.57,40.72823558920103,0,0,0,0,0,0,0,16.46636,47.154524627720505,34.92,282.58391,4.832586932232762,170.23998999999998,0,5,5,24,0,28,5,16,2.64307,-1.42999,0,0,0,3,847.75173
Kevin Álvarez,2026-08-11,MD-2,Sesión 54,79.23949999999999,3665.09,46.25332062923164,128.70999999999998,0,0,1.6243161554527727,0,1,0,26.38313,75.3976051668953,34.992,311.92905,3.936534809028326,454.91,13,7,20,36,13,33,7,8,4.12675,-1.25209,0,298.10628,0,3,935.7871500000001
Miguel Vázquez,2026-08-11,MD-2,Sesión 54,79.23949999999999,3274.34,41.32206790805091,118.31,0,0,1.4930684822594793,0,1,0,25.31911,74.50303083804141,33.984,355.90211,4.491473444431124,407.94,11,19,30,37,11,33,19,9,4.14146,-1.1366,0,307.20480000000003,0,3,1067.70633
Oscar Perea,2026-08-11,MD-2,Sesión 54,79.23949999999999,3694.1800000000003,46.620435515115574,294.27,4.31,1,3.7136781529413994,69.16,7,3,32.67092,90.75255555555556,36,380.94524,4.807516958082775,619.89999,21,21,42,52,21,44,21,12,4.63621,-2.60106,0,881.5840000000001,0,3,1142.83572
Pato Salas,2026-08-11,MD-2,Sesión 54,79.23949999999999,3901.0099999999998,49.2306236157472,319.5,0,0,4.0320799601209,0,7,0,27.76377,79.34319272976681,34.992,359.6968,4.539362312987841,661.17999,26,18,44,52,26,44,18,11,4.63308,-1.7601,0,375.06559999999996,0,3,1079.0904
Ramón Juárez,2026-08-11,MD-2,Sesión 54,79.23949999999999,3364.86,42.464427463575625,43.71,0,0,0.5516188264691222,0,0,0,24.58596,74.47582697201017,33.012,323.78984,4.086217606118161,320.84,14,6,20,37,14,29,6,12,3.63588,-1.55148,0,284.74649999999997,0,3,971.3695200000001
Raphael Veiga,2026-08-11,MD-2,Sesión 54,79.23949999999999,3043.17,38.404709772272675,93.44000000000001,0,0,1.1792098637674395,0,1,0,28.69566,89.66272965879266,32.004,251.6791,3.1761823333059906,256.81,10,2,12,22,10,13,2,7,4.09401,-0.84524,0,236.06869999999998,0,3,755.0373
Ricardo Gonzalez,2026-08-11,MD-2,Sesión 54,79.23949999999999,4512.49,56.947482000769824,189.23000000000002,0,0,2.388076653689133,0,1,0,25.70291,71.39697222222222,36,468.69284,5.9148889127266076,598.58998,15,17,32,55,15,43,17,16,4.44034,-1.55411,0,1042.47,0,3,1406.07852
Sebastián Cáceres,2026-08-11,MD-2,Sesión 54,79.23949999999999,3736.88,47.15930817332266,148.16,0,0,1.869774544261385,0,4,0,27.06519,77.34679355281207,34.992,362.41897,4.573716012847129,517.76999,20,20,40,57,20,53,20,25,4.45254,-1.86223,0,357.364,0,3,1087.25691
Alan Cervantes,2026-08-12,MD-1,Sesión 55,103.99566666666666,5100.379999999999,49.044158891235845,149.85999999999999,33.74,3,1.4410215810274145,0,2,0,27.63009,102.0694956904131,27.06988,479.86485,4.614277357710417,656.1099899999999,17,12,29,57,17,37,12,14,3.95395,-2.64382,0,406.546,0,3,1439.59455
Alejandro Cardenas,2026-08-12,MD-1,Sesión 55,103.99566666666666,4563.3499999999995,43.88019372602063,118.40999999999998,0,0,1.1386051341882832,0,3,0,25.62019,71.16719444444445,36,406.80331,3.9117332773480946,606.1,35,17,52,77,35,67,17,30,4.55429,-2.8062,0,1097.518,0,3,1220.40993
Alejandro Zendejas Saavedra,2026-08-12,MD-1,Sesión 55,80.32516666666668,4117.0999999999995,51.25541808192118,200.28999999999996,0,0,2.493490002095648,0.83,7,0,29.90671,88.00232462335215,33.984,537.17467,6.6875014679915585,378.75998999999996,14,1,15,27,14,30,1,0,4.1947,-2.39593,0,303.6553,0,3,1611.52401
Alexis Gutiérrez,2026-08-12,MD-1,Sesión 55,103.99566666666666,4665.07,44.85831140400081,135.99,0,0,1.3076506392894576,0,1,0,27.12033,83.70472222222223,32.4,465.46302000000003,4.475792452890666,587.35001,33,13,46,65,33,45,13,5,4.08605,-2.93919,0,381.99559999999997,0,3,1396.38906
Brian Rodríguez,2026-08-12,MD-1,Sesión 55,103.99566666666666,4555.98,43.80932538855785,65.86,0,0,0.633295618086651,0,1,0,25.29953,71.05811144815189,35.604,369.39576,3.552030308955181,356.03000000000003,15,13,28,44,15,30,13,15,4.04367,-2.02734,0,361.37651000000005,0,3,1108.18728
Cristian Borja,2026-08-12,MD-1,Sesión 55,103.99566666666666,4843.96,46.57847923150644,275.09,21.669999999999998,1,2.6452063707782694,31.37,8,2,31.98566,94.1197622410546,33.984,574.46123,5.5238958354033985,615.8800100000001,14,12,26,59,14,39,12,10,3.94102,-2.70385,0,444.27200000000005,0,3,1723.3836900000001
Dago Espinoza,2026-08-12,MD-1,Sesión 55,103.99566666666666,5342.55,51.37281361082353,287.78999999999996,0,0,2.7673268437466945,9.11,5,1,30.22782,84.98599865047234,35.568,462.12761,4.4437198665329,820.21,52,34,86,92,52,72,34,12,4.72249,-2.57278,0,518.428,0,3,1386.38283
Diego Arriaga,2026-08-12,MD-1,Sesión 55,103.99566666666666,5722.5,55.02633122533952,459.12,0,0,4.414799334587659,9.06,10,1,30.56901,84.91391666666667,36,565.91327,5.441700487520314,989.43,34,25,59,87,34,67,25,9,4.2632,-2.43401,0,1362.754,0,3,1697.73981
Emilio Lara,2026-08-12,MD-1,Sesión 55,103.99566666666666,5886.36,56.60197380019039,392.9800000000001,0,0,3.7788112966245397,7.34,13,0,30.01657,83.37936111111112,36,612.97927,5.894277037184242,1049.90999,46,33,79,104,46,82,33,18,4.62682,-3.97134,0,506.7559,0,3,1838.9378100000001
Erick Sánchez,2026-08-12,MD-1,Sesión 55,103.99566666666666,4414.46,42.448499456708134,87.6,0,0,0.8423427899239391,0,0,0,23.62503,73.81899137607799,32.004,465.49616,4.4761111200146155,482.61999000000003,29,8,37,56,29,50,8,12,4.28498,-2.8402,0,304.3188,0,3,1396.48848
Henry Martín,2026-08-12,MD-1,Sesión 55,71.76299999999999,3308.6600000000003,46.10537463595447,122.09,0,0,1.7012945389685494,0,3,0,29.3817,87.19640313390313,33.696,375.7011,5.235303708038963,484.05999999999995,21,19,40,74,21,54,19,11,4.05947,-3.21913,0,320.5936,0,3,1127.1033
Icaro Conceicao,2026-08-12,MD-1,Sesión 55,103.99566666666666,4105.52,39.477798754435284,172.91,0,0,1.6626654315724694,12.52,6,1,31.32838,87.02327777777778,36,489.66614,4.708524457749842,545.44002,24,19,43,57,24,50,19,8,4.15884,-3.2386,0,969.652,0,3,1468.99842
Isaías Violante,2026-08-12,MD-1,Sesión 55,103.99566666666666,5415.429999999999,52.07361204152737,314.85999999999996,0,0,3.0276261510896285,25.89,9,2,30.82418,88.08922039323274,34.992,482.1494,4.6362450999560885,670.72998,25,14,39,65,25,43,14,16,4.30833,-2.61182,0,424.19268,0,3,1446.4482
Israel Reyes,2026-08-12,MD-1,Sesión 55,103.99566666666666,4896.5199999999995,47.0838849054608,48.89,0,0,0.4701157420020706,0,0,0,24.55963,74.39606809644978,33.012,484.15256999999997,4.655507152541612,494.05,22,13,35,54,22,50,13,8,4.02998,-2.75769,0,437.68062,0,3,1452.45771
José Raúl Zúñiga,2026-08-12,MD-1,Sesión 55,80.32516666666668,3839.42,47.79846913897885,143.95,0,0,1.7920908972073921,0,1,0,25.98361,74.40896334478808,34.92,452.43886,5.632591612010349,395.80001,7,4,11,26,7,17,4,5,4.02829,-1.99326,0,357.5544,0,3,1357.31658
Kevin Álvarez,2026-08-12,MD-1,Sesión 55,103.99566666666666,4467.799999999999,42.96140544317551,74.33000000000001,0,0,0.7147413193498449,0,3,0,26.82265,76.65366369455876,34.992,378.35823,3.63821149599182,519.46001,25,14,39,64,25,52,14,9,4.65577,-2.59911,0,372.40494,0,3,1135.07469
Miguel Vázquez,2026-08-12,MD-1,Sesión 55,103.99566666666666,4229.79,40.67275239032396,120.11,0,0,1.154951969152561,0,5,0,26.255490000000002,77.25838629943503,33.984,459.16858,4.415266469436227,623.81002,29,16,45,66,29,59,16,24,4.05301,-2.85081,0,400.29359999999997,0,3,1377.50574
Oscar Perea,2026-08-12,MD-1,Sesión 55,103.99566666666666,5096.0999999999995,49.003003330266964,260.88,0,0,2.508566062047457,17.7,7,1,32.38529,89.95913888888887,36,537.87496,5.17209011913958,791.45999,32,21,53,86,32,72,21,12,4.4451,-3.02007,0,1222.554,0,3,1613.6248799999998
Pato Salas,2026-08-12,MD-1,Sesión 55,103.99566666666666,4672.2,44.92687195299804,86.68,0,0,0.8334962674726832,0,1,0,26.39811,75.44041495198903,34.992,412.38802,3.965434649520653,670.78,36,29,65,101,36,75,29,16,4.14231,-3.71007,0,451.5088,0,3,1237.16406
Ramón Juárez,2026-08-12,MD-1,Sesión 55,103.99566666666666,4464.329999999999,42.928038668277836,112.01,0,0,1.0770641084404158,0,2,0,27.55858,83.480491942324,33.012,414.46269,3.985384230753205,515.1700000000001,10,13,23,61,10,43,13,11,3.59224,-2.27427,0,383.238,0,3,1243.38807
Raphael Veiga,2026-08-12,MD-1,Sesión 55,103.99566666666666,4545.56,43.70912890601211,112.71999999999998,0,0,1.0838913159843198,0,1,0,28.07024,87.70853643294588,32.004,391.63516,3.765879603957857,437.37,15,9,24,61,15,44,9,14,4.19568,-2.85486,0,365.1557,0,3,1174.90548
Ricardo Gonzalez,2026-08-12,MD-1,Sesión 55,103.99566666666666,3513.75,33.787465503370335,52.64,0,0,0.5061749367762118,0,1,0,25.65873,71.27425,36,377.23907,3.627449893745573,424.05999,22,15,37,59,22,51,15,9,4.31961,-2.09501,0,816.044,0,3,1131.71721
Sebastián Cáceres,2026-08-12,MD-1,Sesión 55,103.99566666666666,4816.09,46.31048729594502,83.18,0,0,0.799841019016818,0,1,0,26.54073,75.8479938271605,34.992,459.77143,4.421063345588117,524.18,26,16,42,73,26,50,16,18,4.27257,-3.30317,0,445.8344,0,3,1379.31429
Víctor Dávila,2026-08-12,Other,RTP Davila,47.7105,2622.62,54.969451169029874,379.07,0,0,7.94521122184844,0,8,0,27.95901,82.2710981638418,33.984,254.39981,5.332155605160289,478.14999,7,1,8,14,7,10,1,4,3.76072,-3.26159,0,207.49960000000002,0,3,763.19943
Alan Cervantes,2026-08-13,MD,Partido vs Austin - J3,121.24066666666667,13288.699999999999,109.60596279576158,431.59,109.68,11,3.5597791720049927,0,4,0,29.85606,110.29254654989235,27.06988,1250.41135,10.313464816535706,1785.43003,22,21,43,121,22,84,21,28,3.93706,-3.47478,0,1052.7146,0,3,3751.23405
Alejandro Cardenas,2026-08-13,MD,Partido vs Austin - J3,92.61283333333334,9529.18,102.89265166634573,359.42999999999995,0,0,3.8809956143587003,0,4,0,26.14696,72.63044444444444,36,862.98199,9.318168540357076,1462.11,33,36,69,120,33,112,36,58,4.0684,-4.06284,0,2215.578,0,3,2588.9459699999998
Alexis Gutiérrez,2026-08-13,MD,Partido vs Austin - J3,31.043999999999997,1447.54,46.62865610101792,246.91000000000003,0,0,7.95354980028347,0,6,0,27.17268,83.8662962962963,32.4,124.91457,4.023791070738307,280.69999,11,8,19,15,11,14,8,1,3.91924,-2.22442,0,101.7436,0,3,374.74370999999996
Brian Rodríguez,2026-08-13,MD,Partido vs Austin - J3,85.28983333333332,7839.1900000000005,91.9123615749435,414.86,0,0,4.864120186266828,31.09,10,3,31.24982,87.77053140096619,35.604,602.7113899999999,7.06662642479858,1129.19995,19,21,40,80,19,64,21,19,4.1311,-4.5,0,632.7825300000001,0,3,1808.1341699999998
Cristian Borja,2026-08-13,MD,Partido vs Austin - J3,121.24066666666667,10707.710000000001,88.3178086560615,583.72,0,0,4.814556172021489,0,12,0,27.91744,82.1487758945386,33.984,1240.03876,10.227911096936671,1543.10997,32,38,70,106,32,110,38,36,4.53558,-2.94741,0,983.1928,0,3,3720.1162799999997
Dago Espinoza,2026-08-13,MD,Partido vs Austin - J3,31.043999999999997,1558.5800000000002,50.20551475325345,265.35,0,0,8.547545419404717,0,7,0,27.47788,77.25449842555105,35.568,125.83724000000001,4.053512433964696,309.11001000000005,11,8,19,16,11,8,8,1,4.04263,-1.46682,0,130.03199999999998,0,3,377.51172
Diego Arriaga,2026-08-13,MD,Partido vs Austin - J3,36.52766666666666,2513.43,68.80893934278127,148.82999999999998,0,0,4.074445853827692,0,4,0,26.75304,74.314,36,245.42152,6.718784482994626,295.99998999999997,8,7,15,24,8,21,7,11,3.93703,-3.51536,0,519.606,0,3,736.26456
Edwin Cerrillo,2026-08-13,MD,Partido vs Austin - J3,93.70833333333333,10045.15,107.19590929301913,369.89000000000004,0,0,3.947247665629169,20.29,4,1,30.7244,85.34555555555555,36,853.07279,9.103489088483771,1368.92998,17,28,45,88,17,108,28,29,4.58002,-3.06365,0,2305.386,0,3,2559.21837
Emilio Lara,2026-08-13,MD,Partido vs Austin - J3,31.043999999999997,1929.8899999999999,62.16628011854143,298.24,0,0,9.607009406004382,0,8,0,29.68248,82.45133333333334,36,190.14049,6.124870828501482,341.69998999999996,10,9,19,17,10,13,9,6,4.08176,-3.25887,0,140.3206,0,3,570.42147
Erick Sánchez,2026-08-13,MD,Partido vs Austin - J3,68.75716666666668,7438.7699999999995,108.18901302409685,306.53999999999996,12.19,1,4.458298892479085,1.6700000000000002,6,0,29.95967,93.61226721659793,32.004,762.29657,11.08679439476612,1086.57001,12,26,38,65,12,63,26,13,6.48012,-3.97897,0,513.9306,0,3,2286.88971
Henry Martín,2026-08-13,MD,Partido vs Austin - J3,21.828500000000002,970.89,44.47809056966809,133.54,0,0,6.117690175687747,0,0,0,24.79626,73.58814102564104,33.696,113.92728,5.2191987539226234,164.27,3,0,3,6,3,3,0,0,3.22154,-2.61311,0,72.2792,0,3,341.78184
Icaro Conceicao,2026-08-13,MD,Partido vs Austin - J3,51.86483333333334,4048.4600000000005,78.0579005041952,165.75,0,0,3.1958070497350484,3.25,5,0,30.02557,83.4043611111111,36,484.03017,9.332531098464276,579.79,15,10,25,36,15,41,10,9,4.30379,-2.21281,0,910.9399999999999,0,3,1452.09051
Isaías Violante,2026-08-13,MD,Partido vs Austin - J3,108.0415,10545.259999999998,97.60379113581354,367.36,0,0,3.4001749327804593,0,9,0,29.35658,83.89511888431642,34.992,898.51274,8.316366766473994,1307.33998,27,20,47,100,27,81,20,18,4.15528,-4.35379,0,818.04399,0,3,2695.53822
Israel Reyes,2026-08-13,MD,Partido vs Austin - J3,99.41216666666666,10336.53,103.97650857624738,251.92999999999998,0,0,2.534196853839151,0,3,0,28.60618,86.65388343632617,33.012,926.77716,9.322572790386154,1297.34998,21,20,41,90,21,94,20,20,4.76109,-3.19026,0,916.2870599999999,0,3,2780.33148
Kevin Álvarez,2026-08-13,MD,Partido vs Austin - J3,121.24066666666667,11915.570000000002,98.28030748758668,607.1999999999999,0,0,5.008220564057164,14.72,15,1,30.09811,86.01426040237769,34.992,1009.93689,8.3300176233497,1822.45996,48,42,90,139,48,140,42,53,4.57018,-4.03352,0,985.77323,0,3,3029.81067
Miguel Vázquez,2026-08-13,MD,Partido vs Austin - J3,31.043999999999997,1585.24,51.064295838165194,261.02000000000004,0,0,8.408065970880044,0,7,0,28.47558,83.79113700564972,33.984,143.20015999999998,4.612812781858008,313.27001,11,7,18,15,11,8,7,3,4.04575,-1.53752,0,133.3936,0,3,429.60047999999995
Oscar Perea,2026-08-13,MD,Partido vs Austin - J3,36.275999999999996,2337.75,64.44343367515714,84.06,0,0,2.3172345352299044,0,2,0,26.94857,74.85713888888888,36,257.27759000000003,7.092225989635022,278,10,9,19,31,10,20,9,16,4.33175,-2.8928,0,502.212,0,3,771.8327700000001
Pato Salas,2026-08-13,MD,Partido vs Austin - J3,51.746833333333335,3720.96,71.907008802471,163.61,0,0,3.161739365693875,0,3,0,29.085,83.1189986282579,34.992,332.02345,6.4163047014149015,525.54999,13,18,31,47,13,39,18,23,4.48437,-1.95541,0,330.7352,0,3,996.0703500000001
Ramón Juárez,2026-08-13,MD,Partido vs Austin - J3,31.043999999999997,1702.5600000000002,54.84344800927717,236.85999999999999,0,0,7.6298157453936355,0,1,0,26.31347,79.70880285956622,33.012,141.64969000000002,4.5628685092127315,272.04001,2,3,5,12,2,8,3,7,3.11874,-1.98956,0,122.52525,0,3,424.94907000000006
Raphael Veiga,2026-08-13,MD,Partido vs Austin - J3,51.647,4035.92,78.14432590469922,103.18,0,0,1.9977927081921507,0,3,0,26.47816,82.73390826146732,32.004,357.17289,6.91565608844657,413.22001,5,9,14,30,5,26,9,15,4.04555,-2.17378,0,309.9516,0,3,1071.51867
Sebastián Cáceres,2026-08-13,MD,Partido vs Austin - J3,121.24066666666667,10989.2,90.63955438494234,332.83000000000004,31.099999999999998,2,2.7452010051632842,42.56999999999999,9,2,32.97464,94.23479652492,34.992,968.12256,7.9851306217385805,1439.20997,45,34,79,149,45,122,34,45,5.00686,-3.8039,0,1018.7528,0,3,2904.3676800000003
Víctor Dávila,2026-08-13,Other,RTP Victor,24.022166666666667,1029.37,42.85083915550221,0,0,0,0,0,0,0,16.46775,48.457362288135585,33.984,112.6037,4.687491414179958,49.17,2,0,2,11,2,9,0,1,3.50574,-2.75596,0,77.8729,0,3,337.8111
Alexis Gutiérrez,2026-08-14,MD+1,Sesión 56 Compensatorio,79.41966666666667,5368.7699999999995,67.60000671538116,61.949999999999996,0,0,0.7800334929635395,0,0,0,23.39124,72.19518518518518,32.4,598.57939,7.53691642288434,707.65999,13,10,23,91,13,66,10,15,4.17821,-2.3413,0,444.1073,0,3,1795.73817
Dago Espinoza,2026-08-14,MD+1,Sesión 56 Compensatorio,79.41966666666667,5966.26,75.12320625873524,89.63,0,0,1.1285617752110098,0,2,0,27.44653,77.16635739991004,35.568,555.83922,6.998760424579973,861.69,35,29,64,127,35,97,29,23,4.44767,-2.22486,0,583.028,0,3,1667.51766
Diego Arriaga,2026-08-14,MD+1,Sesión 56 Compensatorio,79.41966666666667,5176.0599999999995,65.17352964630926,102.28000000000002,0,0,1.2878422221196262,0,1,0,26.47495,73.54152777777779,36,546.62339,6.882720778648445,536.88001,14,15,29,68,14,54,15,15,3.82876,-2.0932,0,1207.734,0,3,1639.87017
Emilio Lara,2026-08-14,MD+1,Sesión 56 Compensatorio,79.41966666666667,5832.77,73.44238832530985,72.75000000000001,0,0,0.9160199614705007,0,1,0,26.11415,72.53930555555556,36,629.09721,7.921176660692775,750.99,30,33,63,107,30,85,33,37,4.81631,-2.41056,0,496.3455,0,3,1887.2916300000002
Henry Martín,2026-08-14,MD+1,Sesión 56 Compensatorio,79.41966666666667,5223.79,65.77451428907197,87.66,0,0,1.103756836048166,0,0,0,24.55141,72.86149691358025,33.696,557.1859,7.015716929895617,709.84001,19,18,37,104,19,80,18,13,3.99228,-1.98897,0,501.6392,0,3,1671.5576999999998
Icaro Conceicao,2026-08-14,MD+1,Sesión 56 Compensatorio,79.41966666666667,5361.67,67.5106082036775,44.49,0,0,0.5601887022106196,0,0,0,24.28471,67.45752777777778,36,636.60673,8.015731577820773,688.78999,11,13,24,84,11,69,13,14,3.66612,-2.16577,0,1263.6480000000001,0,3,1909.82019
Miguel Vázquez,2026-08-14,MD+1,Sesión 56 Compensatorio,79.41966666666667,5146.77,64.80472930718253,27.94,0,0,0.3518020305633785,0,1,0,26.15295,76.95665607344633,33.984,552.2984,6.95417675722638,618.93998,10,23,33,78,10,82,23,30,4.07427,-2.35517,0,494.3896,0,3,1656.8952
Oscar Perea,2026-08-14,MD+1,Sesión 56 Compensatorio,79.41966666666667,4822.81,60.72563890556076,64.58999999999999,0,0,0.8132746297096854,0,1,0,28.37444,78.81788888888889,36,532.77844,6.708394310393311,586.7,28,19,47,99,28,76,19,12,4.28341,-2.24003,0,1159.142,0,3,1598.3353200000001
Pato Salas,2026-08-14,MD+1,Sesión 56 Compensatorio,79.41966666666667,5364.1,67.54120515909158,73.83999999999999,0,0,0.9297445217179622,0,0,0,24.95414,71.31384316415182,34.992,562.40928,7.081486281735422,801.05999,20,18,38,111,20,94,18,19,3.9517,-2.5415,0,522.7280000000001,0,3,1687.22784
Ramón Juárez,2026-08-14,MD+1,Sesión 56 Compensatorio,79.41966666666667,5017.78,63.18057240230169,31.08,0,0,0.3913388371478097,0,0,0,24.29677,73.59981218950684,33.012,502.13734999999997,6.322581938142944,667.36001,13,26,39,97,13,78,26,25,3.93178,-1.48573,0,451.125,0,3,1506.41205
Raphael Veiga,2026-08-14,MD+1,Sesión 56 Compensatorio,79.41966666666667,5006.92,63.04383045341414,49.33,0,0,0.6211307862452204,0,1,0,25.91275,80.9672228471441,32.004,515.17504,6.4867439215307705,499.38,11,8,19,69,11,50,8,32,3.51649,-1.96002,0,407.4525,0,3,1545.5251199999998
Ricardo Gonzalez,2026-08-14,MD+1,Sesión 56 Compensatorio,79.41966666666667,5899.33,74.28046789418238,48.01,0,0,0.6045102178721474,0,0,0,24.40037,67.77880555555555,36,612.92602,7.717559714428416,762.03,17,31,48,95,17,92,31,25,3.80242,-2.07014,0,1407.922,0,3,1838.77806
Alejandro Cardenas,2026-08-15,MD-1,Sesión 57,117.7945,3861.54,32.78200595104186,87.99,0,0,0.7469788487577943,0,1,0,28.26344,78.50955555555555,36,373.68695,3.1723633106808893,324.60999,20,17,37,35,20,32,17,13,4.48996,0,0,890.476,0,3,1121.06085
Alejandro Zendejas Saavedra,2026-08-15,MD-1,Sesión 57,95.8475,4514.610000000001,47.102011007068526,304.96000000000004,0,0,3.1817209629880807,0,0,0,23.72494,69.81208804143127,33.984,566.46938,5.910111166175435,671.68001,5,2,7,38,5,17,2,8,3.60476,-0.26532,0,332.7376,0,3,1699.40814
Alexis Gutiérrez,2026-08-15,MD-1,Sesión 57,117.7945,3738.04,31.733569903518415,109.51,0,0,0.9296698912088426,0,0,0,25.21047,77.8100925925926,32.4,406.15878,3.44802838842221,290.07,10,1,11,18,10,16,1,7,4.55054,0,0,291.0761,0,3,1218.47634
Cristian Borja,2026-08-15,MD-1,Sesión 57,117.7945,3983.21,33.814906468468394,87.74,0,0,0.7448565085806212,0,3,0,26.60483,78.28634063088512,33.984,469.05499,3.98197700232184,321.12,15,6,21,33,15,27,6,4,4.53555,0,0,354.2376,0,3,1407.1649699999998
Dago Espinoza,2026-08-15,MD-1,Sesión 57,117.7945,4232.160000000001,35.92833281689723,171.52,0,0,1.456095148754823,1.63,4,0,29.94358,84.18685335132704,35.568,407.83284000000003,3.4622400876102026,439.52999,28,13,41,48,28,32,13,7,4.9164,0,0,392.7864,0,3,1223.49852
Diego Arriaga,2026-08-15,MD-1,Sesión 57,117.7945,4632.919999999999,39.33052901451256,196.44,0,0,1.6676500176154234,0,2,0,29.84289,82.89691666666667,36,468.35951,3.9760728217361594,584.83001,23,13,36,58,23,47,13,9,4.54384,0,0,1077.478,0,3,1405.07853
Edwin Cerrillo,2026-08-15,MD-1,Sesión 57,89.32866666666665,4742.26,53.087773241885785,37.400000000000006,0,0,0.41867858768741667,0,0,0,24.62219,68.39497222222222,36,498.23456,5.577543901547097,86.61,6,1,7,11,6,9,1,5,4.36088,-0.67163,0,1005.734,0,3,1494.70368
Emilio Lara,2026-08-15,MD-1,Sesión 57,117.7945,4711.17,39.9948214899677,219.5,0,0,1.8634146755578571,6.61,7,1,30.05593,83.48869444444445,36,532.61536,4.521563910029755,525.89001,26,17,43,56,26,33,17,26,4.63286,-0.95041,0,380.947,0,3,1597.84608
Erick Sánchez,2026-08-15,MD-1,Sesión 57,117.7945,3968.7099999999996,33.69181073819236,65.91,0,0,0.5595337643098787,0,0,0,24.57844,76.79802524684415,32.004,448.71347000000003,3.8092905016787713,332.02,12,11,23,36,12,34,11,11,4.43995,0,0,266.1762,0,3,1346.14041
Franco Rossano,2026-08-15,MD-1,Sesión 57,90.58416666666668,3284.38,36.25777131765117,257.26,0,0,2.840010671474963,0,4,0,28.0183,82.79639479905437,33.84,365.32527,4.032992557566168,419.36001,12,2,14,23,12,14,2,5,4.37422,-0.42388,0,252.97019999999998,0,3,1095.97581
Henry Martín,2026-08-15,MD-1,Sesión 57,117.7945,4091.12,34.730993382543325,78.56,0,0,0.6669241772748303,0,0,0,25.13291,74.5872210351377,33.696,447.28999999999996,3.7972061513907693,346.02000000000004,16,10,26,36,16,35,10,13,4.24043,-0.33284,0,366.6992,0,3,1341.87
Icaro Conceicao,2026-08-15,MD-1,Sesión 57,117.7945,4115.4000000000005,34.93711506055037,164.56,0,0,1.3970091982223278,0,3,0,26.32416,73.12266666666667,36,527.36123,4.476959705249396,474.29,16,11,27,45,16,35,11,9,4.49404,-0.31535,0,935.5160000000001,0,3,1582.08369
Isaías Violante,2026-08-15,MD-1,Sesión 57,117.7945,4181.290000000001,35.496479037646075,86.32000000000001,0,0,0.732801616374279,0,2,0,26.12828,74.66929583904893,34.992,374.52906,3.1795122862272858,283.40999,14,7,21,30,14,27,7,6,4.95339,-0.62559,0,321.83325,0,3,1123.58718
Israel Reyes,2026-08-15,MD-1,Sesión 57,117.7945,3992.0400000000004,33.88986752352614,79.39999999999999,0,0,0.6740552402701314,0,0,0,24.31738,73.66224403247304,33.012,428.2317,3.635413368196308,217.42000000000002,8,8,16,20,8,15,8,11,4.43526,0,0,339.00594,0,3,1284.6951
José Raúl Zúñiga,2026-08-15,MD-1,Sesión 57,95.8475,4741.97,49.47411252249668,211.98,0,0,2.2116382795586738,0,0,0,23.36585,66.91251431844213,34.92,521.94711,5.445599624403349,657.23,7,0,7,27,7,16,0,7,3.62696,-0.62422,0,417.0008,0,3,1565.8413299999997
Kevin Álvarez,2026-08-15,MD-1,Sesión 57,117.7945,3787.46,32.15311410974196,34.49999999999999,0,0,0.2928829444498681,0,0,0,25.06202,71.62214220393234,34.992,352.01098,2.9883481826401064,245.18,16,4,20,31,16,24,4,8,4.60223,0,0,299.74922,0,3,1056.03294
Miguel Vázquez,2026-08-15,MD-1,Sesión 57,117.7945,3927.35,33.34069077928086,100.17999999999999,0,0,0.8504641557967477,0,0,0,25.19758,74.14542137476458,33.984,449.97332,3.8199858227676167,380.18,15,11,26,34,15,33,11,19,4.36985,0,0,354.51599999999996,0,3,1349.91996
Oscar Perea,2026-08-15,MD-1,Sesión 57,117.7945,4765.49,40.455963563663836,248.95000000000002,26.009999999999998,2,2.1134263484288316,42.78,5,2,34.43863,95.66286111111111,36,526.68211,4.471194410604909,601.53,33,12,45,57,33,49,12,14,4.57502,0,0,1115.716,0,3,1580.04633
Pato Salas,2026-08-15,MD-1,Sesión 57,117.7945,3922.17,33.29671589080984,82.7,0,0,0.7020701306088145,0,1,0,27.1278,77.52572016460906,34.992,348.69968,2.9602373625254153,293.03,9,7,16,33,9,31,7,3,4.43378,-0.34257,0,353.1232,0,3,1046.09904
Ramón Juárez,2026-08-15,MD-1,Sesión 57,117.7945,3787.65,32.154727088276616,101.57,6.44,1,0.8622643671818293,6.44,3,1,30.20091,91.4846419483824,33.012,383.3779,3.2546332808407863,315.59999999999997,13,6,19,26,13,28,6,5,4.33258,-1.36271,0,316.15575,0,3,1150.1337
Raphael Veiga,2026-08-15,MD-1,Sesión 57,117.7945,4033.0900000000006,34.238355780617944,112.07000000000001,0,0,0.9514026546230937,0,2,0,26.97504,84.28646419197601,32.004,358.41161,3.0426854394729803,366.56001,16,7,23,34,16,33,7,5,4.43031,0,0,316.8501,0,3,1075.2348299999999
Ricardo Gonzalez,2026-08-15,MD-1,Sesión 57,66.5705,2205.88,33.13599867809315,32.6,0,0,0.4897064014841409,0,0,0,24.05189,66.81080555555555,36,300.08233,4.50773736114345,138.24,9,7,16,21,9,17,7,7,4.54841,-0.39455,0,494.898,0,3,900.2469900000001
Sebastián Cáceres,2026-08-15,MD-1,Sesión 57,117.7945,3874.0899999999997,32.88854742793594,30.16,0,0,0.25603911897414566,0,0,0,23.12991,66.10056584362141,34.992,401.24541999999997,3.4063171030905517,245.95999999999998,7,3,10,26,7,29,3,15,4.28225,-0.67039,0,343.8944,0,3,1203.73626
Víctor Dávila,2026-08-15,MD-1,Sesión 57,84.67666666666666,3034.78,35.83962524111326,206.72000000000003,0,0,2.441286462228871,0,2,0,26.27681,77.32112170433145,33.984,308.9154,3.648176199661457,346.02999,4,1,5,7,4,4,1,1,3.81704,0,0,225.12,0,3,926.7461999999999
Alan Cervantes,2026-08-16,MD,Partido vs San Luis J4,123.09366666666666,13656.7,110.94559427644532,512.9200000000001,115.33999999999999,14,4.166908126873574,0,6,0,26.99421,99.72046422075013,27.06988,1316.95353,10.698791949761835,2156.81002,29,23,52,141,29,108,23,31,4.43974,-3.30772,0,1091.5786,0,3,3950.8605900000002
Alejandro Cardenas,2026-08-16,MD,Partido vs San Luis J4,21.9735,956.3199999999999,43.52151455161899,0,0,0,0,0,0,0,14.11829,39.21747222222222,36,94.10663,4.28273283728127,18.24,0,0,0,3,0,3,0,3,2.43218,-2.67471,0,195.048,0,3,282.31989
Alejandro Zendejas Saavedra,2026-08-16,Other,RTP Edwin,93.58483333333334,1811.8700000000001,19.360722624214393,0,0,0,0,0,0,0,17.9533,52.828684086628996,33.984,262.7659,2.8077829562838708,397.64999,35,28,63,95,35,84,28,4,3.77813,-3.63297,0,159.65365,0,3,788.2977
Alexis Gutiérrez,2026-08-16,MD,Partido vs San Luis J4,48.41316666666667,3809.83,78.6940880407878,161.28,0,0,3.331325156035376,0,4,0,27.39738,84.55981481481481,32.4,410.19556,8.47280994495299,598.1100200000001,14,8,22,41,14,30,8,7,4.55346,-1.73103,0,305.20980000000003,0,3,1230.58668
Brian Rodríguez,2026-08-16,MD,Partido vs San Luis J4,38.10766666666667,3853.24,101.11456137435161,131.47,0,0,3.4499619499138405,0,2,0,29.66102,83.3081114481519,35.604,295.71524,7.759993352168855,485.01999,13,14,27,46,13,40,14,7,4.35856,-5.03094,0,313.93289,0,3,887.14572
Dago Espinoza,2026-08-16,MD,Partido vs San Luis J4,123.09366666666666,12065.02,98.01495338238361,935.52,38.71,5,7.600066074344469,93.52000000000001,25,5,34.21944,96.2085020242915,35.568,1085.66874,8.819858644230274,1941.5700200000001,54,38,92,129,54,121,38,25,4.92375,-4.21053,0,1125.0024,0,3,3257.00622
Diego Arriaga,2026-08-16,MD,Partido vs San Luis J4,100.81300000000002,10212.74,101.30380010514516,786.52,0,0,7.801771596917063,24.6,17,3,31.41629,87.26747222222222,36,1057.59018,10.490613115372023,1943.31005,31,58,89,125,31,135,58,48,4.27311,-3.94533,0,2406.2200000000003,0,3,3172.7705399999995
Edwin Cerrillo,2026-08-16,Other,RTP Edwin,93.58483333333334,5821.49,62.20548557547608,288.16,0,0,3.079131411963121,0,0,0,24.50152,68.05977777777777,36,618.12964,6.605019403072792,1370.05005,81,57,138,172,81,144,57,14,3.99401,-4.74692,0,1494.1879999999999,0,3,1854.3889199999999
Emilio Lara,2026-08-16,MD,Partido vs San Luis J4,123.09366666666666,12787.18,103.8817052596803,1092.44,0,0,8.87486764821369,15.68,24,2,31.43151,87.30975,36,1196.05689,9.716640363300577,2315.71003,39,59,98,143,39,130,59,31,4.71498,-3.7644,0,1054.473,0,3,3588.1706700000004
Erick Sánchez,2026-08-16,MD,Partido vs San Luis J4,60.08116666666667,5143.67,85.61201929611886,150.92,0,0,2.5119352431571733,0,1,0,26.03353,81.34461317335334,32.004,535.25173,8.908810525760984,637.71997,10,14,24,41,10,46,14,10,4.23538,-2.38209,0,344.2722,0,3,1605.7551899999999
Henry Martín,2026-08-16,MD,Partido vs San Luis J4,96.654,8897.880000000001,92.05909739896953,329.23,0,0,3.406273925548865,0,8,0,28.50886,84.60606600189934,33.696,1007.85825,10.427486187845304,1267.19001,38,38,76,124,38,122,38,42,4.56807,-3.80568,0,828.9399999999999,0,3,3023.5747499999998
Icaro Conceicao,2026-08-16,MD,Partido vs San Luis J4,63.705666666666666,6873.1900000000005,107.88977432672134,396.45,0,0,6.223151263362234,0,6,0,28.99176,80.53266666666666,36,732.70965,11.501483122903771,1249.95999,11,22,33,62,11,74,22,10,3.83,-4.27293,0,1586.924,0,3,2198.1289500000003
Isaías Violante,2026-08-16,MD,Partido vs San Luis J4,44.600833333333334,3319.79,74.43336260533249,114.84,0,0,2.5748397825152742,6.57,4,1,30.55134,87.30949931412894,34.992,284.22157,6.3725618729096984,413.86999999999995,13,9,22,37,13,30,9,7,4.51412,-1.46118,0,256.91114999999996,0,3,852.66471
José Raúl Zúñiga,2026-08-16,Other,RTP Edwin,28.197166666666664,2619.96,92.91571848235344,0,0,0,0,0,0,0,20.20283,57.85461053837342,34.92,299.52637,10.62256976173729,436.70001,16,10,26,105,16,72,10,20,3.53175,-5.40979,0,261.8232,0,3,898.5791099999999
Miguel Vázquez,2026-08-16,MD,Partido vs San Luis J4,101.12016666666666,9525.6,94.20079410470382,448.63,5.890000000000001,1,4.436602655915982,15.85,10,2,31.0646,91.40948681732579,33.984,873.1358299999999,8.634635985897965,1239.57996,13,36,49,87,13,99,36,16,3.83508,-4.67711,0,871.6784,0,3,2619.4074899999996
Oscar Perea,2026-08-16,MD,Partido vs San Luis J4,84.6395,7488.139999999999,88.47098576905582,423.74999999999994,10.69,1,5.0065276850643015,45.769999999999996,10,2,33.5519,93.19972222222223,36,764.50589,9.032495347916754,1197.52999,35,35,70,115,35,95,35,31,4.46812,-3.80888,0,1758.1100000000001,0,3,2293.51767
Pato Salas,2026-08-16,MD,Partido vs San Luis J4,48.64416666666667,3945.98,81.1192846007572,111.50999999999999,0,0,2.2923611943878157,0,2,0,27.15297,77.59765089163237,34.992,365.20214,7.507624552447192,485.63000999999997,12,19,31,47,12,50,19,15,4.51523,-2.57073,0,364.1496,0,3,1095.60642
Ramón Juárez,2026-08-16,MD,Partido vs San Luis J4,101.12016666666666,9045.739999999998,89.4553509768081,344.75,5.590000000000001,2,3.409310045309129,5.590000000000001,4,0,30.77718,93.23027989821884,33.012,761.79075,7.533519525449095,1142.7099899999998,23,25,48,91,23,73,25,29,4.04401,-5.25181,0,776.991,0,3,2285.37225
Raphael Veiga,2026-08-16,MD,Partido vs San Luis J4,94.92116666666668,9539.529999999999,100.49950221850762,310.97999999999996,0,0,3.2761923490896825,0,6,0,28.21125,88.14913760779903,32.004,889.26581,9.368466920795676,1321.83998,29,29,58,116,29,107,29,33,4.60055,-4.48002,0,769.2082999999999,0,3,2667.79743
Adrian Fernandez,2026-08-18,Other,Sesión 58,87.23949999999999,5228.11,59.92824351354604,132.82,0,0,1.5224754841556865,0,2,0,26.35518,73.20883333333333,36,569.91009999999994,6.532707087959009,724.67998,24,37,61,90,24,86,37,27,4.24156,-3.29813,0,1257.46,0,3,1709.7302999999997
Alan Cervantes,2026-08-18,Other,Sesión 58,58.51283333333333,2590.7299999999996,44.2762698781179,0,0,0,0,0,0,0,19.62038,72.48048384403624,27.06988,249.46718,4.263460950161931,104.58000000000001,0,1,1,14,0,10,1,9,2.66912,-2.72411,0,198.1203,0,3,748.4015400000001
Alejandro Cardenas,2026-08-18,Other,Sesión 58,87.23949999999999,4408.929999999999,50.53823096189226,53.150000000000006,0,0,0.6092423730076401,0,0,0,25.30367,70.28797222222222,36,410.41746,4.704491199513982,624.20999,18,37,55,89,18,89,37,61,4.41254,-3.29967,0,1087.542,0,3,1231.25238
Alejandro Zendejas Saavedra,2026-08-18,Other,Sesión 58,82.41350000000001,4348.04,52.75883198747777,40.050000000000004,0,0,0.48596407142033765,0,0,0,23.20206,68.27348163841808,33.984,605.21741,7.343668331037996,466.44,23,20,43,64,23,63,20,5,3.97933,-4.64145,0,334.906,0,3,1815.65223
Alexis Gutiérrez,2026-08-18,Other,Sesión 58,87.23949999999999,4253.26,48.75383283948212,139.27,0,0,1.596409883137799,0,3,0,28.85475,89.05787037037037,32.4,502.06696999999997,5.755041810189192,630.59999,34,33,67,85,34,70,33,23,4.10432,-2.52304,0,361.13280000000003,0,3,1506.20091
Brian Rodríguez,2026-08-18,Other,Sesión 58,87.23949999999999,4929.79,56.50869159039197,68.35,0,0,0.78347537526006,0,1,0,25.90601,72.76151556004943,35.604,420.05695,4.814985757598336,669.81998,36,24,60,102,36,80,24,34,4.53989,-2.41614,0,420.47691,0,3,1260.17085
Cristian Borja,2026-08-18,Other,Sesión 58,87.23949999999999,4224.92,48.42897999186149,153.96,0,0,1.7647969096567497,0,5,0,26.26112,77.2749529190207,33.984,532.77239,6.107008751769554,595.60999,26,23,49,62,26,61,23,23,4.43361,-2.38292,0,406.3792,0,3,1598.3171699999998
Dago Espinoza,2026-08-18,Other,Sesión 58,58.51283333333333,3008.9199999999996,51.42324903083938,25.24,0,0,0.4313583629802009,0,0,0,24.72392,69.51169590643275,35.568,286.82866,4.901978654255335,174.53,5,2,7,25,5,17,2,25,4.53193,-3.31876,0,272.2768,0,3,860.48598
Diego Arriaga,2026-08-18,Other,Sesión 58,58.51283333333333,2975.2099999999996,50.84713609834879,19.14,0,0,0.3271077285040034,0,0,0,23.59636,65.54544444444444,36,319.48344,5.460057594202981,247.62999000000002,4,3,7,31,4,20,3,8,3.81676,-2.82835,0,688.304,0,3,958.4503199999999
Edwin Cerrillo,2026-08-18,Other,Sesión 58,87.23949999999999,5241.889999999999,60.08619948532488,56.54,0,0,0.6481009175889363,0,1,0,26.8939,74.70527777777778,36,521.145,5.973727497291938,849.11999,24,37,61,120,24,123,37,39,3.94008,-2.80601,0,1291.2,0,3,1563.435
Emilio Lara,2026-08-18,Other,Sesión 58,58.51283333333333,3590.8300000000004,61.36824685183023,91.56,0,0,1.564784933219778,0,2,0,25.88524,71.90344444444445,36,379.02584,6.477653164405529,412.32999,17,10,27,45,17,33,10,30,3.84999,-2.78481,0,291.8636,0,3,1137.07752
Erick Sánchez,2026-08-18,Other,Sesión 58,87.23949999999999,4524.4,51.861828644134825,77.02000000000001,0,0,0.8828569627290392,0,1,0,25.61026,80.02205974253219,32.004,538.9914,6.178295382252306,695.59,30,36,66,93,30,90,36,33,4.27039,-3.60211,0,330.627,0,3,1616.9742
Henry Martín,2026-08-18,Other,Sesión 58,58.51283333333333,2902.6500000000005,49.60706625612046,17.74,0,0,0.3031813533783187,0,0,0,25.14983,74.63743471035139,33.696,336.88367,5.757432187240975,233.78,3,7,10,29,3,30,7,32,3.6129,-2.44989,0,265.7232,0,3,1010.65101
Isaías Violante,2026-08-18,Other,Sesión 58,87.23949999999999,5083.14,58.2664962545636,110.97999999999999,0,0,1.2721301703929986,10.66,3,1,31.09862,88.87351394604481,34.992,477.0564,5.468353211561277,734.45001,25,35,60,87,25,97,35,21,3.9777,-2.2495,0,425.29737,0,3,1431.1692
Israel Reyes,2026-08-18,Other,Sesión 58,87.23949999999999,5162.72,59.17869772293515,60.470000000000006,0,0,0.6931493188292002,0,0,0,25.07133,75.94611050527081,33.012,579.96399,6.647951787894246,728.92001,15,32,47,75,15,97,32,52,4.64497,-3.17162,0,486.02970000000005,0,3,1739.89197
José Raúl Zúñiga,2026-08-18,Other,Sesión 58,87.23949999999999,0,0,0,0,0,0,0,0,0,0,0,34.92,10.87133,0.12461476739321066,0,0,0,0,0,0,0,0,2,0,0,0,0,0,3,32.61399
Kevin Álvarez,2026-08-18,Other,Sesión 58,87.23949999999999,4786.08,54.86138733028044,51.96000000000001,0,0,0.5956017629628781,0,0,0,25.06046,71.61768404206677,34.992,484.02774999999997,5.548263687893672,773.95001,40,32,72,116,40,107,32,63,4.09769,-3.32183,0,425.0983,0,3,1452.08325
Oscar Perea,2026-08-18,Other,Sesión 58,58.51283333333333,2861.78,48.90858700512993,51.790000000000006,0,0,0.8851049769708641,0,1,0,26.42022,73.3895,36,309.61314000000004,5.2913715224865205,241.02999999999997,8,5,13,32,8,26,5,12,3.97612,-3.29414,0,657.212,0,3,928.8394200000001
Pato Salas,2026-08-18,Other,Sesión 58,87.23949999999999,4597.98,52.70525392740674,39.260000000000005,0,0,0.45002550450197454,0,0,0,24.63981,70.41555212620028,34.992,474.97629,5.444509539830008,728.0200100000001,31,37,68,97,31,108,37,37,4.00236,-2.94579,0,454.5688,0,3,1424.92887
Ramón Juárez,2026-08-18,Other,Sesión 58,58.51283333333333,2636.7599999999998,45.06293491171452,16.22,0,0,0.2772041460990039,0,0,0,22.50699,68.17820792439112,33.012,293.14557,5.009936338751898,256.13,5,4,9,33,5,30,4,51,4.02248,-3.46077,0,224.57549999999998,0,3,879.4367100000001
Raphael Veiga,2026-08-18,Other,Sesión 58,58.51283333333333,2420.99,41.375367796808106,19.259999999999998,0,0,0.3291585606576335,0,0,0,23.1009,72.18128983877016,32.004,243.50426,4.161553049615896,116.03,1,4,5,15,1,14,4,13,3.42449,-2.94802,0,190.7409,0,3,730.51278
Sebastián Cáceres,2026-08-18,Other,Sesión 58,87.23949999999999,5150.43,59.03782117045605,78.94999999999999,0,0,0.9049799689360897,0,1,0,26.3766,75.37894375857339,34.992,517.70459,5.93429111812883,872.32,42,39,81,114,42,109,39,65,3.94195,-2.73617,0,517.3496,0,3,1553.1137700000002
Víctor Dávila,2026-08-18,Other,Sesión 58,82.41350000000001,3072.8,37.28515352460458,0,0,0,0,0,0,0,19.22524,56.57144538606402,33.984,337.80817,4.098942163601837,537.38,14,16,30,118,14,108,16,15,3.3452,-3.88118,0,273.2821,0,3,1013.42451
Alan Cervantes,2026-08-19,MD-2,Sesión 59,111.12683333333332,6127.379999999999,55.13861788556919,63.28,2.65,1,0.5694394243214586,0,0,0,24.55711,90.71746900983676,27.06988,499.81462999999997,4.497695246122674,505.07,5,3,8,45,5,26,3,9,3.8178,-1.24795,0,473.1993,0,3,1499.44389
Alejandro Cardenas,2026-08-19,MD-2,Sesión 59,111.12683333333332,4384.66,39.456356925495044,24.09,0,0,0.21677932572540987,0,0,0,25.00635,69.46208333333334,36,371.81592,3.345869839417723,276.92,8,9,17,42,8,33,9,9,4.09189,-1.60399,0,979.566,0,3,1115.44776
Alejandro Zendejas Saavedra,2026-08-19,MD-2,Sesión 59,64.66466666666666,3818.86,59.056362567914476,0,0,0,0,0,0,0,20.68594,60.869644538606394,33.984,459.44733,7.105075363155563,541.74001,19,13,32,94,19,73,13,8,3.76354,-1.38033,0,294.92645,0,3,1378.3419900000001
Alexis Gutiérrez,2026-08-19,MD-2,Sesión 59,111.12683333333332,5623.2699999999995,50.6022697788263,127.69,0,0,1.1490474097915147,0,5,0,26.52449,81.8657098765432,32.4,531.06126,4.778875129169222,497.88999,11,6,17,48,11,30,6,7,3.73789,-1.2209700000000001,0,442.813,0,3,1593.1837799999998
Brian Rodríguez,2026-08-19,MD-2,Sesión 59,111.12683333333332,6534.09,58.79849001366307,181.62,0,0,1.6343487396533392,0,3,0,26.84578,75.40102235703854,35.604,509.81854000000004,4.587717697945742,764.58003,18,13,31,82,18,48,13,11,4.29775,-1.27455,0,531.4286099999999,0,3,1529.4556200000002
Cristian Borja,2026-08-19,MD-2,Sesión 59,111.12683333333332,5993.5,53.933868357627404,216.91,0,0,1.9519138041967063,4.88,5,1,30.21451,88.90804496233521,33.984,678.0218199999999,6.101333041374645,573.6099899999999,10,11,21,51,10,38,11,16,4.31992,-1.53486,0,540.0752,0,3,2034.0654599999998
Dago Espinoza,2026-08-19,MD-2,Sesión 59,111.12683333333332,6586.05,59.26606385196495,216.51,0,0,1.9483143135246364,0,5,0,28.62236,80.47222222222223,35.568,608.1434800000001,5.472516958850324,731.4100000000001,26,15,41,85,26,68,15,18,4.6347,-1.50191,0,612.2976,0,3,1824.43044
Diego Arriaga,2026-08-19,MD-2,Sesión 59,111.12683333333332,5921.070000000001,53.28209058418235,115.39999999999999,0,0,1.0384530588921668,0,2,0,26.65114,74.03094444444444,36,497.88401,4.480322124419395,529.25,9,7,16,57,9,42,7,13,3.80742,-1.27828,0,1333.944,0,3,1493.65203
Edwin Cerrillo,2026-08-19,MD-2,Sesión 59,111.12683333333332,5997.61,53.97085312428292,11.73,0,0,0.1055550639584499,0,0,0,22.1892,61.63666666666666,36,509.20294,4.582178081801426,354.23001,4,2,6,34,4,28,2,7,3.72204,-2.53288,0,1321.538,0,3,1527.60882
Emilio Lara,2026-08-19,MD-2,Sesión 59,111.12683333333332,6466.9800000000005,58.194585466156546,335.21000000000004,0,0,3.0164631704613805,0,12,0,29.64603,82.35008333333333,36,588.22651,5.2932895895230825,833.6299799999999,14,12,26,77,14,50,12,14,4.30635,-1.63511,0,521.4384,0,3,1764.6795299999999
Erick Sánchez,2026-08-19,MD-2,Sesión 59,111.12683333333332,5824.540000000001,52.413443497745085,150.24,0,0,1.3519686964294555,0,3,0,26.33285,82.27987126609175,32.004,569.68971,5.12648199279802,617.63001,7,18,25,57,7,54,18,5,3.81458,-1.32679,0,396.8064,0,3,1709.0691299999999
Franco Rossano,2026-08-19,MD-2,Sesión 59,51.231,3263.38,63.699322675723685,589.72,0,0,11.510999199703305,19.3,5,1,30.81599,91.0638002364066,33.84,319.66885,6.2397542503562295,790.20001,27,2,29,58,27,23,2,4,3.94911,-3.38629,0,265.1768,0,3,959.0065500000001
Henry Martín,2026-08-19,MD-2,Sesión 59,111.12683333333332,5097.25,45.86875957052077,61.18,0,0,0.5505420982930915,0,0,0,24.10598,71.53958926875593,33.696,448.33823,4.034473192043326,511.71998,16,11,27,67,16,51,11,20,3.56014,-1.14406,0,467.47360000000003,0,3,1345.01469
Icaro Conceicao,2026-08-19,MD-2,Sesión 59,111.12683333333332,4420.87,39.78220081858417,17.1,0,0,0.15387822623098835,0,0,0,23.0014,63.89277777777777,36,452.63707999999997,4.073157368232395,230.82,8,4,12,27,8,20,4,15,3.97224,-1.79036,0,973.628,0,3,1357.91124
Isaías Violante,2026-08-19,MD-2,Sesión 59,111.12683333333332,6701.4800000000005,60.30478687265753,397.59,0,0,3.577803740770681,18.87,14,2,30.86135,88.19544467306815,34.992,557.33559,5.015310643543939,807.94002,15,11,26,58,15,44,11,5,4.851,-1.25358,0,523.40709,0,3,1672.00677
Israel Reyes,2026-08-19,MD-2,Sesión 59,111.12683333333332,6063.74,54.565938919642875,44.85,0,0,0.40359289160583783,0,0,0,24.76233,75.01008724100326,33.012,575.80752,5.181534492869259,425.25999,8,13,21,41,8,35,13,12,4.10707,-1.45038,0,530.86566,0,3,1727.42256
Kevin Álvarez,2026-08-19,MD-2,Sesión 59,111.12683333333332,5991.7699999999995,53.91830056047069,168.13,0,0,1.5129559167377817,4.0200000000000005,2,0,30.1156,86.0642432556013,34.992,489.1305,4.401551680437218,608.4300000000001,11,13,24,62,11,35,13,19,3.84941,-1.47225,0,486.88178999999997,0,3,1467.3915
Miguel Vázquez,2026-08-19,MD-2,Sesión 59,111.12683333333332,5227.700000000001,47.04264346594958,3.21,0,0,0.02888591264336097,0,0,0,21.76518,64.0453742937853,33.984,489.87741,4.408272919381908,282.03001,3,3,6,34,3,34,3,18,3.16944,-1.37651,0,463.63520000000005,0,3,1469.63223
Oscar Perea,2026-08-19,MD-2,Sesión 59,111.12683333333332,5926.820000000001,53.33383326259335,278.12,0,0,2.5027258642902033,0,6,0,27.92077,77.55769444444445,36,591.71328,5.324666079749717,809.9400099999999,33,26,59,82,33,77,26,20,4.44941,-1.52817,0,1409.866,0,3,1775.1398400000003
Ramón Juárez,2026-08-19,MD-2,Sesión 59,111.12683333333332,4885.4800000000005,43.96309922146017,9.129999999999999,0,0,0.08215837458999552,0,0,0,21.88416,66.29153035259905,33.012,450.90893,4.057606218720052,286.70999,9,4,13,48,9,39,4,12,3.60173,-1.03716,0,408.0675,0,3,1352.72679
Raphael Veiga,2026-08-19,MD-2,Sesión 59,111.12683333333332,5694.68,51.24486885105758,47.2,0,0,0.4247398993042485,0,0,0,24.91496,77.84951881014874,32.004,475.26633,4.27679180395974,405.26,10,9,19,48,10,35,9,10,3.83687,-1.68519,0,447.2167,0,3,1425.79899
Sebastián Cáceres,2026-08-19,MD-2,Sesión 59,111.12683333333332,5870.129999999999,52.82369544709423,63.17,0,0,0.5684495643866394,0,2,0,26.88362,76.82790352080477,34.992,537.55857,4.83734264601559,562.46999,9,15,24,67,9,61,15,26,3.80453,-1.58041,0,535.8984,0,3,1612.67571
Víctor Dávila,2026-08-19,MD-2,Sesión 59,51.231,3212.58,62.70773555074076,595.0799999999999,0,0,11.615623353047958,0,3,0,28.27409,83.19824034839924,33.984,285.37967,5.570448946926665,664.21002,5,0,5,39,5,15,0,3,4.2094,-2.70302,0,251.7851,0,3,856.1390099999999
Alan Cervantes,2026-08-20,MD-1,Sesión 60,52.68783333333333,1947.79,36.968496838296005,25.65,11.16,2,0.48682966023148927,0,1,0,26.41617,97.58510196572722,27.06988,133.13322,2.526830419420043,167.02,2,2,4,15,2,7,2,0,3.22828,-3.68776,0,148.82770000000002,0,3,399.39966
Alejandro Cardenas,2026-08-20,MD-1,Sesión 60,99.43416666666667,2688.0899999999997,27.03386662867391,37.11,0,0,0.37321175652232214,0,0,0,24.86613,69.07258333333333,36,265.03419,2.6654237560865233,267.95,13,8,21,54,13,32,8,12,3.94968,-3.72545,0,616.5219999999999,0,3,795.10257
Alejandro Zendejas Saavedra,2026-08-20,MD-1,Sesión 60,87.2085,6000.19,68.80281165253386,374.62,0,0,4.295682186942787,0,0,0,23.9422,70.45138888888889,33.984,662.2128299999999,7.593443643681521,697.6800099999999,16,2,18,70,16,27,2,16,3.66957,-2.89316,0,431.86455,0,3,1986.6384899999998
Alexis Gutiérrez,2026-08-20,MD-1,Sesión 60,52.68783333333333,1492.31,28.323616774271102,35.48,0,0,0.6734002473689371,0,1,0,28.67243,88.49515432098765,32.4,129.08812,2.4500555789287217,102.91,0,1,1,10,0,8,1,0,2.79878,-3.06054,0,115.444,0,3,387.26436
Brian Rodríguez,2026-08-20,MD-1,Sesión 60,99.43416666666667,3782.3700000000003,38.038936985107405,168.74,0,0,1.6970022041384165,0,4,0,29.3564,82.45253342321088,35.604,296.32332,2.980095574123583,417.09999,9,5,14,29,9,20,5,7,3.83101,-2.55422,0,301.04355,0,3,888.9699600000001
Cristian Borja,2026-08-20,MD-1,Sesión 60,99.43416666666667,3274.29,32.92922452879208,56.96,0,0,0.5728413271762725,0,1,0,25.26313,74.33830626177024,33.984,370.36679000000004,3.7247437416716256,205.34001,7,4,11,25,7,15,4,2,3.52474,-3.40317,0,286.63439999999997,0,3,1111.10037
Dago Espinoza,2026-08-20,MD-1,Sesión 60,99.43416666666667,3142.42,31.60302042389856,86.38,0,0,0.8687154817676687,0,3,0,25.81626,72.58282726045884,35.568,290.64931,2.9230325927539997,346.98,15,12,27,45,15,24,12,5,4.99539,-4.46154,0,291.2616,0,3,871.94793
Diego Arriaga,2026-08-20,MD-1,Sesión 60,99.43416666666667,3098.1899999999996,31.1582035014792,34.519999999999996,0,0,0.3471643717367437,0,0,0,24.81381,68.92725,36,260.30955,2.617908498923073,172.07999999999998,2,2,4,19,2,15,2,7,3.7858,-3.48091,0,672.014,0,3,780.9286500000001
Edwin Cerrillo,2026-08-20,MD-1,Sesión 60,112.43266666666666,4166.74,37.05986990732231,321.63000000000005,0,0,2.860645482629604,0,7,0,27.75074,77.0853888888889,36,364.22301,3.239476753493943,628.73999,19,13,32,54,19,25,13,6,3.93456,-3.66249,0,957.642,0,3,1092.66903
Emilio Lara,2026-08-20,MD-1,Sesión 60,52.68783333333333,2058.58,39.07125933564675,115.45,0,0,2.191207963887931,9.090000000000002,4,1,30.24606,84.01683333333332,36,162.42406,3.082762181022184,297.88,5,3,8,22,5,13,3,1,4.11194,-4.36014,0,164.2585,0,3,487.27218
Erick Sánchez,2026-08-20,MD-1,Sesión 60,99.43416666666667,3206,32.24243846431056,148.29,0,0,1.491338490290896,0,4,0,28.08401,87.75156230471191,32.004,331.26003000000003,3.331450758877314,373.45,11,6,17,41,11,26,6,8,4.0751,-3.62426,0,216.9678,0,3,993.7800900000001
Henry Martín,2026-08-20,MD-1,Sesión 60,99.43416666666667,3127.2599999999998,31.45055773920768,23.599999999999998,0,0,0.23734296561376453,0,0,0,23.84512,70.76543209876544,33.696,317.62627,3.194337325366029,278.80001,16,8,24,48,16,34,8,8,4.08572,-3.1447600000000002,0,282.7232,0,3,952.8788099999999
Icaro Conceicao,2026-08-20,MD-1,Sesión 60,99.43416666666667,2898.52,29.15014121571224,12.99,0,0,0.13063920014079666,0,0,0,24.36346,67.67627777777778,36,346.04385,3.480130236923928,178.95999999999998,1,2,3,20,1,15,2,9,3.0797,-3.46496,0,638.812,0,3,1038.13155
Isaías Violante,2026-08-20,MD-1,Sesión 60,99.43416666666667,3843.47,38.6534139003193,194.18999999999997,8.63,1,1.9529504445990225,22.34,5,1,31.62848,90.38774577046182,34.992,337.52288,3.394435648377067,417.6,13,7,20,44,13,21,7,5,4.74241,-3.12854,0,300.39426,0,3,1012.56864
Israel Reyes,2026-08-20,MD-1,Sesión 60,99.43416666666667,3591.5099999999998,36.11947603523269,17.9,0,0,0.1800186052748468,0,1,0,26.60734,80.59899430510117,33.012,372.00867,3.7412559733827235,288.45,11,4,15,49,11,29,4,12,3.89253,-3.30804,0,316.02012,0,3,1116.02601
Kevin Álvarez,2026-08-20,MD-1,Sesión 60,52.68783333333333,1657.99,31.468175764803387,41.2,0,0,0.7819642105862519,0,0,0,24.46687,69.92132487425697,34.992,107.55257,2.041317002343995,154.12,4,4,8,14,4,12,4,2,3.99985,-4.33406,0,133.42462,0,3,322.65771
Miguel Vázquez,2026-08-20,MD-1,Sesión 60,99.43416666666667,2625.67,26.40611459843615,0,0,0,0,0,0,0,20.56771,60.52174552730697,33.984,268.09623,2.6962184024605893,142.22,4,4,8,18,4,13,4,6,3.54984,-3.8135,0,228.95440000000002,0,3,804.28869
Oscar Perea,2026-08-20,MD-1,Sesión 60,99.43416666666667,3111.31,31.290150099311937,74.17,0,0,0.7459206677785134,22.22,2,1,31.57134,87.69816666666667,36,326.94691,3.2880741193922276,295.63,13,6,19,39,13,21,6,10,4.32947,-3.66474,0,716.2940000000001,0,3,980.84073
Ramón Juárez,2026-08-20,MD-1,Sesión 60,52.68783333333333,1251.0900000000001,23.745330199571697,15.73,0,0,0.29855089884761504,0,0,0,22.53366,68.25899672846238,33.012,91.56561,1.7378890762256944,66.43,1,0,1,5,1,6,0,3,3.37248,-2.58851,0,100.2825,0,3,274.69683000000003
Raphael Veiga,2026-08-20,MD-1,Sesión 60,99.43416666666667,3222.5099999999998,32.40847797118696,109.64999999999999,0,0,1.1027396686249695,0,1,0,26.94577,84.19500687414073,32.004,278.93906,2.8052637171998223,292.66999999999996,10,5,15,27,10,16,5,7,3.74668,-2.86649,0,252.9128,0,3,836.81718
Ricardo Gonzalez,2026-08-20,MD-1,Sesión 60,34.89433333333333,2522.6600000000003,72.29425981295914,467.94,0,0,13.410200319058493,0,7,0,27.03409,75.09469444444444,36,246.86734,7.074711462224049,759.71002,32,21,53,53,32,47,21,21,4.31331,-4.56167,0,644.53,0,3,740.60202
Sebastián Cáceres,2026-08-20,MD-1,Sesión 60,99.43416666666667,3496.34,35.16236035567922,52.230000000000004,0,0,0.5252721650002934,0,0,0,25.02456,71.51508916323732,34.992,353.55868,3.5557061707494904,357.82001,15,13,28,63,15,40,13,17,4.43271,-3.87235,0,324.228,0,3,1060.6760399999998
Alan Cervantes,2026-08-21,MD,Partido vs Juárez J5,126.41716666666666,13938.06,110.25448811672466,369.09999999999997,34.73,6,2.9196984059390667,0,4,0,27.74796,102.50492429223918,27.06988,1323.75494,10.47132264473575,2029.5299599999998,30,26,56,136,30,114,26,57,4.40813,-3.22541,0,1127.3241,0,3,3971.2648200000003
Alejandro Cardenas,2026-08-21,MD,Partido vs Juárez J5,38.60366666666667,2816.31,72.95446891918729,370.26,0,0,9.591316886996916,0,0,0,23.67622,65.76727777777778,36,249.36608999999999,6.459647788206646,603.5999899999999,14,4,18,34,14,21,4,2,3.77664,-2.23635,0,636.214,0,3,748.09827
Alexis Gutiérrez,2026-08-21,MD,Partido vs Juárez J5,38.60366666666667,2605.21,67.48607645215048,464.90999999999997,0,0,12.043156522264724,0,0,0,24.83514,76.65166666666666,32.4,269.57090999999997,6.983039003203494,672.4,11,8,19,29,11,23,8,7,3.4156,-2.18473,0,205.9778,0,3,808.71273
Brian Rodríguez,2026-08-21,MD,Partido vs Juárez J5,78.13633333333334,7713.71,98.7211668493957,509.12,17.12,1,6.515790775951435,71.47,14,3,32.82306,92.18924839905628,35.604,607.8089600000001,7.7788262396068415,1236.13998,27,31,58,82,27,76,31,24,4.77659,-4.81579,0,646.1617699999999,0,3,1823.4268800000002
Cristian Borja,2026-08-21,MD,Partido vs Juárez J5,53.34916666666666,4597.57,86.17885315297022,185.24,20.17,2,3.4722191849294743,23.59,3,1,32.77139,96.43182085687381,33.984,439.71706,8.242247957637577,779.13001,12,10,22,45,12,49,10,5,4.09449,-3.7975,0,218.64960000000002,0,3,1319.15118
Dago Espinoza,2026-08-21,MD,Partido vs Juárez J5,109.81266666666667,11078.03,100.88116732131691,543.37,10.38,1,4.948154129153285,54.03,20,5,32.94535,92.626377642825,35.568,998.57295,9.093422282796762,1486.93997,44,31,75,135,44,109,31,22,5.05908,-3.80247,0,1048.1055999999999,0,3,2995.71885
Diego Arriaga,2026-08-21,MD,Partido vs Juárez J5,47.50633333333334,4055.2999999999997,85.3633550614304,447.21,0,0,9.41369220945979,0,8,0,28.84115,80.11430555555556,36,410.86295,8.648593170033468,827.88999,13,21,34,47,13,42,21,17,4.52598,-3.17857,0,957.096,0,3,1232.58885
Edwin Cerrillo,2026-08-21,MD,Partido vs Juárez J5,53.659,4914,91.57830000559086,105.34,0,0,1.9631375910844406,0,1,0,27.03147,75.08741666666666,36,397.11665,7.400746379917628,798.01001,10,8,18,48,10,48,8,13,4.23094,-2.39804,0,1117.926,0,3,1191.34995
Erick Sánchez,2026-08-21,MD,Partido vs Juárez J5,109.99616666666667,10613.630000000001,96.49090801649149,475.19000000000005,6.59,1,4.320059638441946,0,8,0,29.36271,91.74700037495313,32.004,1106.93889,10.06343151352244,1548.02001,26,33,59,108,26,105,33,27,4.70506,-3.8979,0,745.3944,0,3,3320.8166699999997
Franco Rossano,2026-08-21,Other,RTP Davila,64.95649999999999,4002.11,61.6121558273614,54.169999999999995,0,0,0.8339427155096103,0,0,0,25.36114,74.94426713947989,33.84,366.67783,5.644975175694504,386.44,10,7,17,39,10,30,7,9,4.13364,-5.12572,0,321.2993,0,3,1100.0334899999998
Henry Martín,2026-08-21,MD,Partido vs Juárez J5,126.41716666666666,11486.73,90.8636880803372,632.86,0,0,5.006123904585744,0,12,0,28.75875,85.34766737891738,33.696,1282.60265,10.14579494082423,1827.05002,55,42,97,171,55,138,42,57,4.77657,-3.78771,0,1096.6319999999998,0,3,3847.8079500000003
Isaías Violante,2026-08-21,MD,Partido vs Juárez J5,98.99716666666667,10129.669999999998,102.32282742098677,484.35,7.760000000000001,1,4.892564265307256,16.150000000000002,10,1,31.83434,90.97605166895292,34.992,820.48599,8.287974470649834,1484.99,25,36,61,105,25,85,36,14,4.33224,-3.95743,0,817.28844,0,3,2461.45797
Israel Reyes,2026-08-21,MD,Partido vs Juárez J5,105.32,10826.75,102.79861374857578,296.82000000000005,6.61,1,2.818268135206989,6.61,8,1,30.23307,91.58206106870229,33.012,1060.8658500000001,10.072786270413978,1344.54002,29,30,59,126,29,115,30,30,4.35497,-3.46034,0,987.5954399999999,0,3,3182.5975500000004
Kevin Álvarez,2026-08-21,MD,Partido vs Juárez J5,126.41716666666666,12835.31,101.53138484620364,797.61,4.26,0,6.309348809431209,49.94,23,4,31.60566,90.32253086419753,34.992,1103.48744,8.728936655491147,2219.41,50,50,100,160,50,161,50,46,4.48109,-3.82657,0,1095.70679,0,3,3310.4623200000005
Miguel Vázquez,2026-08-21,MD,Partido vs Juárez J5,38.60366666666667,2626.46,68.03654229736381,351.03000000000003,0,0,9.093177677422698,0,0,0,23.76004,69.91537193973635,33.984,240.86606,6.239460672993066,595.3799799999999,11,7,18,21,11,16,7,4,3.64366,-1.9085,0,232.9768,0,3,722.59818
Oscar Perea,2026-08-21,MD,Partido vs Juárez J5,47.1965,3546.52,75.14370769018889,244.81000000000003,8.84,1,5.187037174366744,30.46,7,1,32.62429,90.62302777777779,36,371.33268999999996,7.8678014259531945,531.46001,11,18,29,41,11,42,18,13,4.32468,-4.09776,0,844.6279999999999,0,3,1113.9980699999999
Pato Salas,2026-08-21,MD,Partido vs Juárez J5,38.60366666666667,2945.6,76.30363264284048,415.4,0,0,10.760635863605355,0,0,0,23.96058,68.47445130315502,34.992,253.81447,6.574879847337471,679.79999,13,7,20,33,13,29,7,6,3.65809,-2.4271,0,268.25440000000003,0,3,761.44341
Ramón Juárez,2026-08-21,MD,Partido vs Juárez J5,54.588499999999996,3793.19,69.48697985839509,132.52,0,0,2.42761753849254,0,0,0,24.42973,74.00257482127711,33.012,354.95050000000003,6.502294439304983,522.60001,6,8,14,43,6,38,8,28,4.06106,-2.64946,0,320.93625,0,3,1064.8515000000002
Raphael Veiga,2026-08-21,MD,Partido vs Juárez J5,126.41716666666666,12699.32,100.45566068954243,624.9,30.830000000000002,4,4.943157772612633,0,12,0,29.51242,92.21478565179353,32.004,1108.97581,8.7723514079707,1812.37003,36,28,64,123,36,113,28,34,4.28091,-3.56403,0,1031.2274,0,3,3326.9274299999997
Santiago Naveda Lara,2026-08-21,Other,RTP Davila,64.95649999999999,4198.1,64.6294058331345,48.34,0,0,0.7441903427678525,0,0,0,24.59176,76.32451893234017,32.22,394.52469,6.0736753057815625,421.41,11,7,18,40,11,26,7,8,3.75097,-4.15185,0,364.95305,0,3,1183.5740700000001
Sebastián Cáceres,2026-08-21,MD,Partido vs Juárez J5,104.5005,10105.830000000002,96.70604446868677,589.54,0,0,5.641504107635848,8,17,1,30.60695,87.46842135345223,34.992,902.01685,8.631698891392864,1689.84998,40,61,101,135,40,127,61,42,4.86887,-5.15256,0,975.1416,0,3,2706.05055
Víctor Dávila,2026-08-21,Other,RTP Davila,64.95649999999999,3489.16,53.71533256871907,22.970000000000002,0,0,0.3536212696188989,0,0,0,23.04158,67.80125941619585,33.984,315.64389,4.859311847159254,241.28999,3,2,5,20,3,13,2,5,3.51981,-3.51396,0,266.7833,0,3,946.9316699999999
Alejandro Cardenas,2026-08-22,MD+1,Sesión 61 compensatorio,90.9695,7497.09,82.41322641104986,158.5,0,0,1.7423422135990634,0,3,0,26.96525,74.90347222222222,36,632.77297,6.955880487416112,1273.80001,45,36,81,140,45,137,36,36,4.58517,-2.38848,0,1835.75,0,3,1898.31891
Alejandro Zendejas Saavedra,2026-08-22,MD+1,Sesión 61 compensatorio,75.7565,6018.23,79.44176407304982,0,0,0,0,0,0,0,18.97472,55.83427495291902,33.984,714.44479,9.430805145433064,670.32,7,6,13,132,7,93,6,2,3.42774,-2.59472,0,458.7778,0,3,2143.33437
Alexis Gutiérrez,2026-08-22,MD+1,Sesión 61 compensatorio,90.9695,7930,87.17207415672286,239.70000000000002,0,0,2.6349490763387733,0,4,0,29.07787,89.74651234567902,32.4,861.2631299999999,9.467603207668503,1455.96997,27,24,51,145,27,90,24,25,4.34639,-2.533,0,664.7473,0,3,2583.78939
Cristian Borja,2026-08-22,MD+1,Sesión 61 compensatorio,90.9695,6394.57,70.29355992942689,214.31,0,0,2.3558445413023046,0,6,0,29.31287,86.2549140772128,33.984,792.92783,8.716414072848591,995.7700100000001,28,21,49,85,28,82,21,29,4.10989,-1.92343,0,608.6472,0,3,2378.78349
Diego Arriaga,2026-08-22,MD+1,Sesión 61 compensatorio,90.9695,6994.84,76.89214516953484,190.23000000000002,0,0,2.0911404371794946,0,2,0,29.3415,81.50416666666666,36,677.6634799999999,7.449348188128988,1166.31003,32,29,61,109,32,93,29,20,4.33932,-2.32578,0,1674.3,0,3,2032.9904399999998
Edwin Cerrillo,2026-08-22,MD+1,Sesión 61 compensatorio,90.9695,7746.12,85.15073733504087,244.51,0,0,2.6878239409912115,1.57,1,0,29.95997,83.22213888888889,36,709.4750300000001,7.799042866015534,1262.1999799999999,21,32,53,111,21,123,32,26,4.11843,-2.00773,0,1849.318,0,3,2128.42509
Emilio Lara,2026-08-22,MD+1,Sesión 61 compensatorio,90.9695,7147.48,78.57007018835984,632.1899999999999,0,0,6.949472075805627,0,13,0,29.66799,82.41108333333334,36,694.4027,7.633357334051523,1590.2500400000001,43,49,92,133,43,107,49,45,4.54916,-2.99732,0,618.8489999999999,0,3,2083.2081
Icaro Conceicao,2026-08-22,MD+1,Sesión 61 compensatorio,90.9695,6441.860000000001,70.8134044927146,148.23999999999998,0,0,1.6295571592676665,0,2,0,26.62168,73.94911111111111,36,775.6067,8.526008167572648,989.35001,24,38,62,101,24,95,38,28,4.4104,-2.24097,0,1555.376,0,3,2326.8201
Miguel Vázquez,2026-08-22,MD+1,Sesión 61 compensatorio,90.9695,6846.429999999999,75.260719252057,182.54999999999998,0,0,2.0067165368612554,0,1,0,27.0576,79.61864406779661,33.984,731.13896,8.037187848674556,1248.36002,41,46,87,134,41,111,46,38,4.14473,-2.14532,0,676.104,0,3,2193.4168799999998
Oscar Perea,2026-08-22,MD+1,Sesión 61 compensatorio,90.9695,6587.47,72.41405086320141,387.5,0,0,4.2596694496507075,0,3,0,26.60562,73.9045,36,711.47335,7.821009788995212,1327.2399699999999,54,43,97,141,54,128,43,32,4.4295,-2.09164,0,1644.7320000000002,0,3,2134.4200499999997
Pato Salas,2026-08-22,MD+1,Sesión 61 compensatorio,90.9695,7216.77,79.33175404943415,225.44000000000003,0,0,2.478193240591627,0,2,0,28.07431,80.23065272062186,34.992,731.36482,8.039670658847196,1354.14999,36,35,71,135,36,120,35,35,4.52869,-2.37801,0,709.48,0,3,2194.0944600000003
Ramón Juárez,2026-08-22,MD+1,Sesión 61 compensatorio,90.9695,7031.4,77.2940381116748,263.63000000000005,0,0,2.898004276158493,0,3,0,27.26903,82.60338664727978,33.012,718.9427300000001,7.903118407818006,1588.75999,45,43,88,152,45,133,43,49,3.9057,-2.53039,0,655.038,0,3,2156.82819
Alan Cervantes,2026-08-23,MD+2,Sesión 62,71.23049999999999,3472.93,48.75622100083532,1.6700000000000002,0,0,0.023445013021107537,0,0,0,21.03664,77.71235040569074,27.06988,335.39903,4.708643488393315,116.18,2,2,4,15,2,6,2,3,3.74112,-0.72852,0,259.77139999999997,0,3,1006.1970899999999
Alejandro Cardenas,2026-08-23,MD+2,Sesión 62,94.84266666666667,6855.98,72.2879294832143,84.02,0,0,0.8858882078389472,0,0,0,24.05796,66.82766666666667,36,557.74991,5.880791099645728,861.0899900000001,18,35,53,85,18,84,35,24,4.15231,-1.32752,0,1607.5,0,3,1673.24973
Alejandro Zendejas Saavedra,2026-08-23,MD+2,Sesión 62,88.9,5763.41,64.83025871766029,227.18,4.96,1,2.555455568053993,17.25,7,2,30.98445,91.17364053672316,33.984,651.45372,7.327938357705286,950.05,9,4,13,71,9,27,4,7,4.53134,-1.8096,0,426.7341,0,3,1954.36116
Brian Rodríguez,2026-08-23,MD+2,Sesión 62,71.23049999999999,3824.67,53.69427422241878,19.84,0,0,0.2785323702627386,0,0,0,23.08891,64.84920233681608,35.604,300.57668,4.2197749559528575,241.01001,10,8,18,34,10,28,8,5,4.24149,-0.75306,0,302.14405,0,3,901.73004
Cristian Borja,2026-08-23,MD+2,Sesión 62,189.68533333333335,9394.9,49.52886886352133,150.98,0,0,0.7959497835010965,0,1.6,0,25.23051,74.24231991525423,33.984,977.1916200000001,5.151645637687679,691.68017,22.933329999999998,18.93334,41.86667,83.30000000000001,22.933329999999998,64.55001,18.93334,14,4.19046,0,0,0,0,3,2931.57486
Dago Espinoza,2026-08-23,MD+2,Sesión 62,71.23049999999999,3780.9999999999995,53.08119415138178,25.77,0,0,0.3617832248825995,0,0,0,23.55994,66.23914754835808,35.568,326.98702000000003,4.590547869241408,206.50999,9,3,12,29,9,16,3,4,3.45394,-1.3883,0,334.6336,0,3,980.9610600000001
Diego Arriaga,2026-08-23,MD+2,Sesión 62,94.84266666666667,4621.5,48.728068942248214,27.77,0,0,0.2928007085418658,0,1,0,26.78093,74.39147222222222,36,406.84803,4.28971521256256,245.67000000000002,5,3,8,31,5,19,3,7,3.92387,-0.85392,0,1010.5,0,3,1220.5440899999999
Edwin Cerrillo,2026-08-23,MD+2,Sesión 62,94.84266666666667,5419.79,57.14506129449474,78.14999999999999,0,0,0.823996232356745,0,2,0,25.99346,72.20405555555556,36,506.17181,5.3369630756902655,450.12001000000004,12,12,24,53,12,36,12,12,4.62377,-1.37416,0,1236.2259999999999,0,3,1518.51543
Emilio Lara,2026-08-23,MD+2,Sesión 62,94.84266666666667,5737.99,60.500091379407294,152.42,0,0,1.6070826069841981,0,3,0,27.08183,75.22730555555556,36,590.6264,6.227433503908227,631.80001,24,33,57,76,24,61,33,13,4.70963,-1.77092,0,473.72920000000005,0,3,1771.8791999999999
Erick Sánchez,2026-08-23,MD+2,Sesión 62,71.23049999999999,4158.749999999999,58.384399941036484,28.91,0,0,0.40586546493426273,0,0,0,23.86738,74.57624046994127,32.004,441.13217,6.193023634538576,283.65,5,7,12,30,5,33,7,5,4.00798,-1.36426,0,278.8746,0,3,1323.39651
Henry Martín,2026-08-23,MD+2,Sesión 62,71.23049999999999,4128.91,57.96547827124617,29.72,0,0,0.4172369981959975,0,0,0,24.71732,73.35386989553658,33.696,389.44425,5.467380546254765,257.62,7,6,13,33,7,28,6,15,3.6435,-1.39458,0,365.6384,0,3,1168.33275
Icaro Conceicao,2026-08-23,MD+2,Sesión 62,94.84266666666667,5491.39,57.899995782488894,41.09,0,0,0.43324382837541475,0,1,0,26.62806,73.96683333333334,36,576.80409,6.081694139065399,432.60001,7,12,19,49,7,43,12,385,4.97402,-1.99489,0,1251.802,0,3,1730.4122699999998
Isaías Violante,2026-08-23,MD+2,Sesión 62,71.23049999999999,4309.09,60.495012670134294,19.92,0,0,0.27965548465895934,0,0,0,23.8787,68.24045496113398,34.992,388.10835,5.448625939730874,234.1,2,3,5,33,2,19,3,12,3.83132,-1.32038,0,326.68326,0,3,1164.32505
Israel Reyes,2026-08-23,MD+2,Sesión 62,71.23049999999999,4240,59.52506299969817,0,0,0,0,0,0,0,20.27578,61.419423240033936,33.012,412.23226,5.787299822407537,236.76,2,12,14,26,2,28,12,15,3.54129,-1.09638,0,368.2263,0,3,1236.69678
Kevin Álvarez,2026-08-23,MD+2,Sesión 62,71.23049999999999,4305.07,60.43857617172419,40.79,0,0,0.5726479527730397,0,1,0,25.61739,73.20927640603567,34.992,377.05906,5.293505731393154,313.90999,11,17,28,40,11,32,17,7,3.97034,-1.34131,0,347.81409,0,3,1131.17718
Miguel Borja,2026-08-23,Other,RTP Borja,74.3545,2972.89,39.982650680187476,0,0,0,0,0,0,0,20.53331,63.374413580246916,32.4,342.56738,4.6072178550054135,384.92001,17,6,23,62,17,44,6,30,3.73166,-3.54033,0,693.4639999999999,0,3,1027.70214
Miguel Vázquez,2026-08-23,MD+2,Sesión 62,94.84266666666667,4891.78,51.57784119664848,70.07,0,0,0.738802508013271,0,0,0,25.09117,73.83230343691149,33.984,507.45336,5.350475454085362,415.23999,21,16,37,45,21,48,16,20,4.80055,-1.27351,74.9,448.5304,0,3,1522.36008
Oscar Perea,2026-08-23,MD+2,Sesión 62,94.84266666666667,5522.490000000001,58.22790727098915,117.43,0,0,1.2381558229770004,0,3,0,27.21816,75.60600000000001,36,563.93566,5.946012272957319,584.29,18,20,38,64,18,60,20,7,3.90827,-1.28577,0,1298.28,0,3,1691.8069799999998
Pato Salas,2026-08-23,MD+2,Sesión 62,94.84266666666667,5334.0999999999995,56.24156497778777,68.22,0,0,0.7192965191475004,0,1.3333300000000001,0,25.333,70.36944444444444,36,523.74781,5.522280513692852,459.03333,16.25,19.75,36,53.96667,16.25,51.13333,19.75,0,-Inf,-Inf,0,0,0,3,1571.24343
Ramón Juárez,2026-08-23,MD+2,Sesión 62,94.84266666666667,4780.3,50.402420851374906,26.250000000000004,0,0,0.27677416633863805,0,1,0,26.23663,79.47603901611535,33.012,477.50117,5.034666219141877,394.6,12,11,23,52,12,36,11,24,4.56528,-1.5936,0,410.59725000000003,0,3,1432.50351
Raphael Veiga,2026-08-23,MD+2,Sesión 62,71.23049999999999,3683.8799999999997,51.71773327436983,20.48,0,0,0.2875172854325044,0,0,0,24.57981,76.80230596175478,32.004,331.02842,4.6472848007524865,212.92998999999998,8,6,14,26,8,22,6,5,4.27848,-1.36526,0,286.1397,0,3,993.08526
Sebastián Cáceres,2026-08-23,MD+2,Sesión 62,71.23049999999999,4445.85,62.41497673047362,88.07000000000001,0,0,1.2364085609394855,0,2,0,27.58038,78.81910150891633,34.992,428.23216,6.011921297758686,511.64,14,23,37,55,14,56,23,22,4.07959,-1.33607,0,417.9136,0,3,1284.69648
Víctor Dávila,2026-08-23,Other,RTP Davila,35.532000000000004,1910.0900000000001,53.756895193065404,220.05999999999997,0,0,6.193290554992681,0,4,0,27.42162,80.68979519774011,33.984,195.89597,5.513226668918158,409.64001,5,1,6,19,5,6,1,7,3.60693,-3.33545,0,154.2807,0,3,587.68791
Alan Cervantes,2026-08-24,MD-2,Sesión 63,97.087,5767.04,59.40074366290028,119.78,13.899999999999999,3,1.2337388115813652,0,0,0,25.08408,92.66417139640072,27.06988,547.59352,5.640235252917487,494.3,4,2,6,40,4,22,2,3,3.24464,-1.50702,0,444.4909,0,3,1642.7805600000002
Alejandro Cardenas,2026-08-24,MD-2,Sesión 63,97.087,5270.67,54.28811272363962,81.77,0,0,0.8422342847137103,0,1,0,27.03253,75.09036111111112,36,482.07043,4.965344793844696,747.4200000000001,11,29,40,77,11,72,29,20,3.61733,-1.77424,0,1263.918,0,3,1446.21129
Alejandro Zendejas Saavedra,2026-08-24,MD-2,Sesión 63,82.135,5179.65,63.06264077433493,677.79,0,0,8.25214585742984,0,18,0,29.0984,85.6238229755179,33.984,618.7930799999999,7.533853777317829,1212.87999,16,23,39,75,16,70,23,6,4.78245,-2.03712,0,420.1145,0,3,1856.3792399999998
Alexis Gutiérrez,2026-08-24,MD-2,Sesión 63,97.087,6032.12,62.131078311205414,237.1,0,0,2.4421395243441446,0,4,0,26.6442,82.23518518518519,32.4,664.81454,6.847616467704223,826.1999900000001,17,6,23,86,17,40,6,12,3.94697,-1.75124,0,492.4969,0,3,1994.44362
Brian Rodríguez,2026-08-24,MD-2,Sesión 63,97.087,6110.47,62.938086458537185,281.29,11.49,1,2.897298299463368,23.650000000000002,7,1,33.02815,92.76527918211436,35.604,485.3695,4.999325347368854,768.43998,18,11,29,71,18,50,11,16,3.88635,-1.35263,0,500.92062,0,3,1456.1085
Cristian Borja,2026-08-24,MD-2,Sesión 63,97.087,6518.09,67.13658883269645,276.12,0,0,2.8440470917836578,0,4,0,28.55389,84.02156897363464,33.984,762.19467,7.850635718479301,739.28001,8,9,17,56,8,39,9,6,3.78311,-1.93215,0,597.1496,0,3,2286.58401
Dago Espinoza,2026-08-24,MD-2,Sesión 63,97.087,6553.969999999999,67.50615427400166,327.33,0,0,3.3715121488973803,8.040000000000001,11,0,30.07762,84.56370895186686,35.568,572.96683,5.901581365167323,988.30999,27,11,38,106,27,57,11,5,4.32538,-2.13843,0,621.3992000000001,0,3,1718.90049
Diego Arriaga,2026-08-24,MD-2,Sesión 63,97.087,6022.179999999999,62.02869591191405,232.09,0,0,2.39053632309166,0,4,0,26.90056,74.72377777777778,36,579.70489,5.9709836538362495,758.55998,10,10,20,63,10,47,10,12,4.01388,-1.76869,0,1384.724,0,3,1739.11467
Edwin Cerrillo,2026-08-24,MD-2,Sesión 63,97.087,6711.41,69.12779259839112,269.7,0,0,2.777920833891252,0,6,0,28.1538,78.205,36,585.10528,6.026607887770762,888.95998,16,5,21,76,16,41,5,7,3.61076,-2.08393,0,1541.252,0,3,1755.31584
Emilio Lara,2026-08-24,MD-2,Sesión 63,97.087,6450.97,66.44525013647554,486.97,0,0,5.0158105616611905,13.23,16,1,31.39989,87.22191666666667,36,641.98175,6.612437813507473,1007.52999,14,19,33,93,14,63,19,21,3.87581,-2.86703,0,535.0583,0,3,1925.9452500000002
Erick Sánchez,2026-08-24,MD-2,Sesión 63,97.087,5846.84,60.22268686847879,239.73,0,0,2.469228629991657,0,4,0,27.0178,84.42007249093865,32.004,621.25311,6.3989319888347564,854.60999,20,15,35,75,20,63,15,22,4.3289,-1.89678,0,413.60699999999997,0,3,1863.7593299999999
Henry Martín,2026-08-24,MD-2,Sesión 63,97.087,5315.7,54.75192353250177,36.339999999999996,0,0,0.3743034597834931,0,0,0,23.71526,70.38004510921179,33.696,504.69919,5.19842193084553,588.22,10,14,24,64,10,53,14,11,4.13009,-2.41911,0,489.06719999999996,0,3,1514.09757
Icaro Conceicao,2026-08-24,MD-2,Sesión 63,97.087,5558.66,57.25442129224304,163.64000000000001,0,0,1.6854985734444365,0,3,0,26.47575,73.54375,36,620.7367899999999,6.3936138720941,628.3,9,11,20,51,9,47,11,14,3.45945,-1.94844,0,1287.438,0,3,1862.2103699999998
Isaías Violante,2026-08-24,MD-2,Sesión 63,97.087,6988.0199999999995,71.97688670985816,507.34000000000003,0,0,5.225622379927282,4.819999999999999,13,1,30.26871,86.50180041152264,34.992,644.20143,6.635300606672366,1162.87002,26,25,51,87,26,71,25,11,3.84944,-2.62502,0,571.14129,0,3,1932.6042899999998
Israel Reyes,2026-08-24,MD-2,Sesión 63,97.087,5962.85,61.417594528618665,144.12999999999997,0,0,1.4845447897246795,0,4,0,27.81296,84.25106022052586,33.012,611.83492,6.3019242535045885,692.13999,13,26,39,61,13,52,26,11,4.26496,-2.36504,0,538.45194,0,3,1835.50476
Kevin Álvarez,2026-08-24,MD-2,Sesión 63,97.087,6000.999999999999,61.81054106111013,264.73,0,0,2.7267296342455736,17.54,5,1,31.07639,88.80998513946045,34.992,494.40472,5.092388476315057,807.6400100000001,14,13,27,66,14,51,13,13,3.84661,-2.13493,0,500.6423,0,3,1483.21416
Miguel Vázquez,2026-08-24,MD-2,Sesión 63,97.087,5336.139999999999,54.96245635357977,162.07,0,0,1.6693275103772904,0,5,0,27.17182,79.95474340866289,33.984,536.60022,5.527003821314903,599.90001,7,7,14,48,7,35,7,18,3.93253,-2.04221,0,489.9592,0,3,1609.80066
Oscar Perea,2026-08-24,MD-2,Sesión 63,97.087,6375.78,65.67079011608145,299.78000000000003,0,0,3.087746042209565,5.66,10,1,30.47109,84.64191666666667,36,655.65422,6.753264803732734,928.39,23,25,48,94,23,73,25,14,4.32713,-2.38544,0,1521.948,0,3,1966.9626600000001
Pato Salas,2026-08-24,MD-2,Sesión 63,97.087,5663.23,58.331496492836315,127.08999999999997,0,0,1.30903210522521,0,1,0,26.86901,76.78615112025606,34.992,532.67304,5.486553709559467,1080.05001,8,42,50,86,8,83,42,18,3.59489,-2.0613,0,558.9352,0,3,1598.01912
Ramón Juárez,2026-08-24,MD-2,Sesión 63,97.087,5106.9800000000005,52.60209914818668,99.42,0,0,1.0240299937169755,0,0,0,25.1469,76.175027262813515,33.012,490.72555,5.054492877522222,543.25001,14,4,18,62,14,40,4,17,3.66282,-1.54608,0,435.9615,0,3,1472.1766499999999
Raphael Veiga,2026-08-24,MD-2,Sesión 63,97.087,5459.62,56.23430531379072,32.099999999999994,0,0,0.33063128946202885,0,0,0,24.69572,77.16447944007,32.004,495.10628,5.099614572496833,374.74,11,9,20,48,11,29,9,17,4.03982,-1.75575,0,428.6254,0,3,1485.3188400000001
Sebastián Cáceres,2026-08-24,MD-2,Sesión 63,97.087,5641.3099999999995,58.10571961230648,143.16,0,0,1.4745537507596278,0,3,0,27.92684,79.80921353452219,34.992,521.99901,5.37661077178201,718.16001000000006,14,16,30,73,14,54,16,19,4.22818,-1.79737,0,527.1104,0,3,1565.99703
Víctor Dávila,2026-08-24,Other,RTP Davila,27.614833333333333,2853.0099999999998,103.31440228379674,51.45,0,0,1.863129115390883,0,0,0,21.57297,63.47978460451977,33.984,240.27145,8.70081115825432,198.57001,1,0,1,4,1,0,0,1,3.14753,-1.43701,0,208.4481,0,3,720.81435
Alan Cervantes,2026-08-25,MD-1,Sesión 64,87.66633333333333,3316.56,37.831626736223335,45.23,0,0,0.5159335206597744,0,0,0,23.09051,85.2996393039053,27.06988,298.17798999999997,3.401282780542892,240.95000000000002,11,1,12,30,11,12,1,8,4.14559,0,0,256.6732,0,3,894.53397
Alejandro Cardenas,2026-08-25,MD-1,Sesión 64,87.66633333333333,2568.48,29.29836235118765,59.06,0,0,0.6736907744896369,0,0,0,24.91963,69.22119444444445,36,219.28605000000002,2.5013712979897265,194.97,12,8,20,25,12,22,8,6,5.09363,0,0,586.014,0,3,657.85815
Alejandro Zendejas Saavedra,2026-08-25,MD-1,Sesión 64 | Sesión compensatoria,122.77616666666667,5461.01,44.47939814594852,43.52,0,0,0.35446618982783035,0,0,0,22.70772,66.81885593220338,33.984,703.67912,5.731398357716007,463.37,23,12,35,70,23,42,12,17,4.21257,0,0,399.28524999999996,0,3,2111.0373600000003
Alexis Gutiérrez,2026-08-25,MD-1,Sesión 64 | Sesión compensatoria,146.174,5576.01,38.14638718239906,86.74000000000001,0,0,0.593402383460807,0,0,0,25.04734,77.3066049382716,32.4,623.85324,4.267881018512184,631.89,33,13,46,89,33,60,13,21,4.39824,-0.23322,0,458.108,0,3,1871.5597200000002
Brian Rodríguez,2026-08-25,MD-1,Sesión 64,87.66633333333333,3223.42,36.76918923646098,168.41,0,0,1.9210339202810658,0,4,0,27.80541,78.09630940343781,35.604,263.79293,3.0090562701759325,353.06,19,7,26,38,19,27,7,8,4.68222,0,0,262.42736,0,3,791.37879
Cristian Borja,2026-08-25,MD-1,Sesión 64,87.66633333333333,3566.49,40.68255012376473,118.36,0,0,1.3501192019741521,0,3,0,26.94867,79.2981108757062,33.984,402.82243,4.594950132890239,347.82999,19,11,30,37,19,27,11,15,4.77385,-0.06394,0,327.7344,0,3,1208.46729
Dago Espinoza,2026-08-25,MD-1,Sesión 64,87.66633333333333,3091.8900000000003,35.26884132639288,163.92999999999998,0,0,1.8699310643766704,0,4,0,27.05397,76.06266869095816,35.568,273.65227,3.1215206521697803,334.27,21,5,26,36,21,25,5,7,5.34612,0,0,286.8072,0,3,820.9568099999999
Diego Arriaga,2026-08-25,MD-1,Sesión 64,87.66633333333333,2875.3,32.798223567389996,105.08000000000001,0,0,1.1986357362575526,0,1,0,25.39124,70.53122222222223,36,246.72697,2.8143867847406265,306.44,16,5,21,26,16,19,5,7,4.68336,0,0,659.676,0,3,740.18091
Edwin Cerrillo,2026-08-25,MD-1,Sesión 64 | Sesión compensatoria,146.174,5630.21,38.517178157538275,103.15,0,0,0.7056658502880129,0,0,0,24.42623,67.8506388888889,36,559.78336,3.8295685963304007,640.74999,33,16,49,97,33,63,16,17,4.87931,0,0,1308.16,0,3,1679.3500800000002
Emilio Lara,2026-08-25,MD-1,Sesión 64 | Sesión compensatoria,146.174,6149.530000000001,42.06993035697183,218.04000000000002,0,0,1.4916469413165132,0,5,0,27.2619,75.7275,36,663.84376,4.5414626404148475,842.6099899999999,39,25,64,108,39,77,25,56,5.20676,0,0,511.1365,0,3,1991.53128
Erick Sánchez,2026-08-25,MD-1,Sesión 64,87.66633333333333,3352.67,38.24352944307773,170.43,0,0,1.9440758329879584,0,2,0,28.11717,87.85517435320585,32.004,344.10754,3.9251959893383623,421.40999,19,6,25,33,19,32,6,5,4.60838,0,0,230.6916,0,3,1032.32262
Franco Rossano,2026-08-25,Other,Sesión compensatoria,67.359,4973.3099999999995,73.8328953814635,89.17,0,0,1.3238023129797059,0,0,0,26.26336,77.61040189125295,33.84,468.76086,6.959142208168174,777.20001,30,22,52,115,30,81,22,18,4.37087,-5.67543,0,425.1079,0,3,1406.28258
Henry Martín,2026-08-25,MD-1,Sesión 64,87.66633333333333,3190.54,36.39413077616265,104.31,0,0,1.1898524328989846,0,2,0,27.22438,80.79410018993353,33.696,309.20844,3.527105882531873,313.88,20,10,30,36,20,29,10,11,4.59327,0,0,289.4784,0,3,927.62532
Icaro Conceicao,2026-08-25,MD-1,Sesión 64 | Sesión compensatoria,146.174,6085.12,41.629291118803614,105.66000000000001,0,0,0.7228371666643864,0,2,0,27.15032,75.41755555555557,36,732.6188,5.011963823935857,662.1,26,17,43,86,26,66,17,6,4.50086,0,0,1424,0,3,2197.8563999999997
Isaías Violante,2026-08-25,MD-1,Sesión 64,87.66633333333333,3963.73,45.21382210578748,175.01,21.919999999999998,1,1.9963193776402193,33.75,2,1,32.08164,91.68278463648835,34.992,348.33605,3.97343012711075,523.48999,24,15,39,57,24,36,15,11,4.82525,0,0,317.25717,0,3,1045.0081500000001
Israel Reyes,2026-08-25,MD-1,Sesión 64,87.66633333333333,3182.94,36.30743843132484,120.74,0,0,1.3772675941733619,0,3,0,26.83492,81.28837998303648,33.012,311.73897,3.5559713535032453,294.67,15,7,22,26,15,19,7,13,4.7827,0,0,279.39522,0,3,935.21691
Kevin Álvarez,2026-08-25,MD-1,Sesión 64,87.66633333333333,3227.98,36.821204643363664,96.19,0,0,1.0972285065722684,0,0,0,25.23012,72.1025377229081,34.992,269.14098,3.070060874756178,336.05,19,9,28,35,19,29,9,7,4.86482,0,0,264.86976000000004,0,3,807.42294
Miguel Borja,2026-08-25,Other,Sesión compensatoria,67.359,4935.7699999999995,73.27558306981992,46.42,0,0,0.6891432473760003,0,0,0,22.26223,68.71058641975308,32.4,509.12332,7.558356270134652,689.78003,21,11,32,88,21,60,11,17,4.11674,-4.44454,0,1177.748,0,3,1527.36996
Miguel Vázquez,2026-08-25,MD-1,Sesión 64 | Sesión compensatoria,122.77616666666667,5300.07,43.1685574154593,78.58,0,0,0.640026498085269,0,2,0,26.94163,79.2773952448211,33.984,601.28428,4.89740229170428,533.957,28,17.2,45.2,86.25,28,56.05,17.2,8,4.50611,0,0,219.592,0,3,1803.85284
Oscar Perea,2026-08-25,MD-1,Sesión 64,87.66633333333333,3289.58,37.523868912049096,158.58,0,0,1.808904216365842,0,5,0,28.33669,78.71302777777778,36,354.54170999999997,4.044217392461568,362.59000000000003,20,11,31,42,20,28,11,15,5.0299,-0.07781,0,774.312,0,3,1063.62513
Pato Salas,2026-08-25,MD-1,Sesión 64 | Sesión compensatoria,146.174,5489.24,37.55277956408116,93.21000000000001,0,0,0.6376647009728132,0,1,0,25.33206,72.39386145404664,34.992,562.2547500000001,3.8464757754457017,683.41,32,33,65,100,32,95,33,45,4.53423,0,0,527.0672,0,3,1686.7642500000002
Ramón Juárez,2026-08-25,MD-1,Sesión 64 | Sesión compensatoria,146.174,5223.66,35.735903785899,47.739999999999995,0,0,0.3265970692462407,0,0,0,22.70928,68.79098509632861,33.012,569.55563,3.89642227755962,524.75,20,16,36,65,20,57,16,33,3.8725,-0.66901,0,443.79,0,3,1708.66689
Raphael Veiga,2026-08-25,MD-1,Sesión 64,87.66633333333333,2852.7899999999995,32.54145453024536,82.80999999999999,0,0,0.9446043521078026,0,0,0,24.99803,78.10908011498563,32.004,255.37921,2.9130819128589844,212.44,13,1,14,25,13,19,1,10,4.47253,0,0,224.94639999999998,0,3,766.13763
Santiago Naveda Lara,2026-08-25,Other,Sesión compensatoria,67.359,5377.39,79.8317967903324,54.38,0,0,0.8073160231001055,0,0,0,25.23572,78.32315332091869,32.22,534.48608,7.9348873944090625,768.67999,18,13,31,106,18,73,13,14,4.1923,-4.05235,0,496.85405000000003,0,3,1603.45824
Sebastián Cáceres,2026-08-25,MD-1,Sesión 64,87.66633333333333,2856.78,32.586968011285215,60.18,0,0,0.6864664884657357,0,0,0,24.08687,68.83536236854138,34.992,242.89195,2.7706411431222175,271.13,18,9,27,28,18,28,9,8,4.5967,0,0,254.0272,0,3,728.6758500000001
Alan Cervantes,2026-08-26,MD,Partido vs Columbus - 4tos Leagues Cup,120.94116666666666,14074.65,116.37600651556474,436.94,102.03,9,3.612831032168534,0,5,0,27.75145,102.5178168503148,27.06988,1333.66511,11.0273875038414,2124.35003,31,51,82,149,31,141,51,37,4.5671,-3.34128,0,1145.2336,0,3,4000.9953299999997
Alejandro Cardenas,2026-08-26,MD,Partido vs Columbus - 4tos Leagues Cup,39.725,3653.1200000000003,91.9602265575834,81.11,0,0,2.0417872876022654,0,1,0,25.54473,70.95758333333335,36,366.36147,9.222441032095658,614.44,12,10,22,48,12,45,10,30,3.94684,-3.02981,0,838.82,0,3,1099.08441
Alejandro Zendejas Saavedra,2026-08-26,Other,RTP Zende y Miguel,63.305,3452.81,54.5424532027486,0,0,0,0,0,0,0,19.8587,58.4354402071563,33.984,442.81613,6.994962957112392,663.42999,38,23,61,112,38,115,23,12,4.08838,-3.65579,0,282.49715000000003,0,3,1328.44839
Alexis Gutiérrez,2026-08-26,MD,Partido vs Columbus - 4tos Leagues Cup,20.435166666666664,663.15,32.451411374183394,0,0,0,0,0,0,0,11.60316,35.81222222222223,32.4,54.00422,2.642710034173117,2.09,0,0,0,1,0,1,0,0,2.28989,-2.01896,0,32.6459,0,3,162.01265999999998
Brian Rodríguez,2026-08-26,MD,Partido vs Columbus - 4tos Leagues Cup,85.53516666666665,8972.88,104.9028177494247,742.34,3.47,0,8.67876955092545,44.18,24,4,32.33363,90.81459948320413,35.604,713.39798,8.340405564183154,1556.36004,32,34,66,99,32,95,34,27,4.52779,-5.31178,0,762.12962,0,3,2140.19394
Cristian Borja,2026-08-26,MD,Partido vs Columbus - 4tos Leagues Cup,101.28233333333333,9578.91,94.5763163697519,664.64,2.33,0,6.562250079809905,4.79,19,1,30.88601,90.88397481167607,33.984,1131.76837,11.174390762456106,1502.9799500000001,35,49,84,121,35,120,49,29,4.33722,-3.09865,0,920.4792,0,3,3395.3051100000002
Dago Espinoza,2026-08-26,MD,Partido vs Columbus - 4tos Leagues Cup,21.910666666666668,2460.88,112.31424572506542,226.17,0,0,10.322369622101867,0.78,5,0,29.90408,84.07579847053532,35.568,237.82172,10.854152619728595,480.03,7,11,18,31,7,27,11,7,4.5424,-5.48723,0,238.35999999999999,0,3,713.46516
Diego Arriaga,2026-08-26,MD,Partido vs Columbus - 4tos Leagues Cup,41.93983333333333,3849.9500000000003,91.79697900563905,247.75,0,0,5.907271925258009,0,4,0,28.4603,79.05638888888889,36,413.47927,9.858867743076392,696.8699799999999,7,16,23,40,7,44,16,17,4.01652,-2.86945,0,889.0039999999999,0,3,1240.43781
Edwin Cerrillo,2026-08-26,MD,Partido vs Columbus - 4tos Leagues Cup,20.435166666666664,986.4000000000001,48.269731100798474,0,0,0,0,0,0,0,12.1899,33.86083333333333,36,89.19728,4.364891241405748,3.7,0,0,0,0,0,0,0,4,1.86345,-1.75012,0,179.318,0,3,267.59184000000005
Emilio Lara,2026-08-26,MD,Partido vs Columbus - 4tos Leagues Cup,20.435166666666664,1029.4399999999998,50.375904282650005,0,0,0,0,0,0,0,14.15327,39.31463888888889,36,112.47929,5.504202233078599,34.28,1,1,2,12,1,9,1,10,3.16165,-3.20469,0,67.515,0,3,337.43787000000003
Erick Sánchez,2026-08-26,MD,Partido vs Columbus - 4tos Leagues Cup,103.7555,10819.939999999999,104.28305005517778,445.63,50.37,4,4.295001228850519,27.729999999999997,9,2,31.91331,99.71662917135359,32.004,1173.38083,11.309095228686672,1460.1499999999999,20,26,46,91,20,96,26,33,4.1113,-3.81334,0,750.1902,0,3,3520.14249
Franco Rossano,2026-08-26,Other,RTP Zende y Miguel,65.192,3886.39,59.614523254387045,0,0,0,0,0,0,0,20.85905,61.64021867612293,33.84,371.75891,5.702523469137319,530.34998,32,25,57,72,32,45,25,5,3.9799,-4.23007,0,324.5858,0,3,1115.27673
Henry Martín,2026-08-26,MD,Partido vs Columbus - 4tos Leagues Cup,103.05416666666666,10219.71,99.1683338050378,442.55000000000007,0,0,4.294343589536248,0,8,0,27.95077,82.94981600189934,33.696,1102.63039,10.699522645857762,1670.69003,44,50,94,168,44,148,50,44,4.57909,-4.13515,0,978.9448000000001,0,3,3307.89117
Icaro Conceicao,2026-08-26,MD,Partido vs Columbus - 4tos Leagues Cup,39.39266666666666,3496.31,88.7553520959908,190.66,0,0,4.8399871380459984,0,3,0,26.697,74.15833333333333,36,420.21927,10.667449186819882,518.6600099999999,5,12,17,30,5,34,12,14,3.75269,-2.54108,0,779.284,0,3,1260.65781
Isaías Violante,2026-08-26,MD,Partido vs Columbus - 4tos Leagues Cup,100.17483333333332,11123.69,111.04276024084561,771.98,0,0,7.706326772026907,6.53,14,0,30.03702,85.83967764060357,34.992,957.68034,9.560089177421476,1964.20004,30,37,67,125,30,116,37,22,4.86608,-4.0932,0,894.64296,0,3,2873.04102
Israel Reyes,2026-08-26,MD,Partido vs Columbus - 4tos Leagues Cup,100.506,10710.380000000001,106.56458320896266,476.45000000000005,19.25,1,4.740513004198755,19.25,12,1,31.09528,94.19386889615897,33.012,1040.73929,10.354996617117386,1566.01001,35,35,70,119,35,115,35,22,4.36454,-5.25807,0,991.6335,0,3,3122.21787
Kevin Álvarez,2026-08-26,MD,Partido vs Columbus - 4tos Leagues Cup,120.94116666666666,13135.48,108.61049518567569,789.0500000000001,0,0,6.5242466378280355,5.65,16,0,29.92032,85.50617283950618,34.992,1132.16345,9.361274421309535,2417.44004,60,62,122,162,60,176,62,49,5.01753,-4.04934,0,1127.36498,0,3,3396.49035
Miguel Borja,2026-08-26,Other,RTP Zende y Miguel,65.192,3852.2799999999997,59.09129954595656,64.72999999999999,0,0,0.9929132408884526,0,1,0,25.67757,79.25175925925926,32.4,411.69888,6.315174868081973,628.42999,41,31,72,78,41,67,31,5,4.06131,-4.4629200000000004,0,939.408,0,3,1235.09664
Miguel Vázquez,2026-08-26,Other,RTP Zende y Miguel,63.305,2848.52,44.99676170918569,8.87,0,0,0.14011531474607059,0,0,0,22.2304,65.41431261770244,33.984,372.38931,5.882462838638339,586.48999,45,25,70,118,45,117,25,9,4.04622,-4.83048,0,297.344,0,3,1117.16793
Oscar Perea,2026-08-26,MD,Partido vs Columbus - 4tos Leagues Cup,36.845666666666666,2879.42,78.14813139491754,226.3,0,0,6.1418348607253686,1.39,6,0,29.98544,83.2928888888889,36,307.04263,8.33320869934954,476.72,12,12,24,34,12,32,12,15,4.37378,-2.52845,0,653.64,0,3,921.12789
Pato Salas,2026-08-26,MD,Partido vs Columbus - 4tos Leagues Cup,20.435166666666664,942.63,46.1278351860763,0,0,0,0,0,0,0,12.13868,34.68987197073618,34.992,83.2989,4.076252538516121,10.05,0,0,0,2,0,2,0,2,2.2452,-2.11066,0,67.0776,0,3,249.8967
Ramón Juárez,2026-08-26,MD,Partido vs Columbus - 4tos Leagues Cup,20.435166666666664,675.35,33.04842143037738,0,0,0,0,0,0,0,11.4666,34.734641948382404,33.012,59.2585,2.899829542210732,5.55,0,0,0,0,0,1,0,2,1.94727,-2.19063,0,43.89,0,3,177.7755
Raphael Veiga,2026-08-26,MD,Partido vs Columbus - 4tos Leagues Cup,120.94116666666666,13072.08,108.08627335329713,525.78,31.68,3,4.347403076151352,0,12,0,29.77571,93.03746406699163,32.004,1195.07632,9.8814684274860909,2035.61996,34,35,69,143,34,117,35,27,4.7699,-3.18944,0,1064.1799,0,3,3585.2289599999995
Santiago Naveda Lara,2026-08-26,Other,RTP Zende y Miguel,65.192,4024.84,61.73825009203584,46.120000000000005,0,0,0.707448766719843,0,0,0,22.02226,68.34965859714464,32.22,387.24094,5.940007056080502,502.5,31,28,59,64,31,43,28,7,3.88697,-4.43122,0,368.53817,0,3,1161.72282
Sebastián Cáceres,2026-08-26,MD,Partido vs Columbus - 4tos Leagues Cup,100.506,10134.33,100.83308459196466,360.06000000000006,2.4099999999999997,0,3.5824726881977202,9.790000000000001,11,1,31.43338,89.8301897576589,34.992,953.79541,9.489935028754502,1491,35,55,90,148,35,139,55,49,4.87911,-5.43464,0,983.0408,0,3,2861.38623
Alejandro Cardenas,2026-08-27,MD+1,Sesión 65,62.807833333333335,3643.37,58.00821022855429,19.73,0,0,0.3141327912919567,0,0,0,23.18948,64.41522222222223,36,324.28118,5.163069043935603,395.71,10,15,25,61,10,57,15,23,4.22116,-3.00542,0,871.958,0,3,972.8435400000001
Alejandro Zendejas Saavedra,2026-08-27,MD+1,Sesión 65,62.807833333333335,3867.73,61.58037612081296,73.5,0,0,1.170236196652753,0,0,0,24.76171,72.86284722222221,33.984,459.17958,7.310864833738891,410.21999,6,7,13,48,6,44,7,10,3.4325,-2.83302,0,290.78335000000004,0,3,1377.53874
Alexis Gutiérrez,2026-08-27,MD+1,Sesión 65,62.807833333333335,3691.4299999999994,58.77340140693702,44.4,0,0,0.7069181922637038,0,0,0,23.49252,72.50777777777778,32.4,444.47713999999996,7.076778745750928,491.52001,16,10,26,55,16,45,10,13,3.87937,-2.90737,0,304.8255,0,3,1333.43142
Dago Espinoza,2026-08-27,MD+1,Sesión 65,62.807833333333335,3906.0299999999997,62.19017266954493,32.7,0,0,0.5206356956536738,0,0,0,22.77359,64.02831196581197,35.568,363.42699,5.786332225014395,458.72999,16,18,34,81,16,72,18,14,3.95792,-3.88727,0,376.09839999999997,0,3,1090.28097
Diego Arriaga,2026-08-27,MD+1,Sesión 65,62.807833333333335,3501.4599999999996,55.7487786820646,23.76,0,0,0.3782967623465226,0,0,0,23.29421,64.70613888888889,36,368.11306,5.860941867654512,296.61001,11,11,22,51,11,39,11,17,4.30584,-3.22513,0,820.6400000000001,0,3,1104.33918
Edwin Cerrillo,2026-08-27,MD+1,Sesión 65,62.807833333333335,3813.16,60.711535450726686,14.040000000000001,0,0,0.22353899593203608,0,0,0,22.0898,61.36055555555555,36,375.331,5.97586288334523,429.03999,4,6,10,50,4,38,6,14,3.21692,-3.19783,0,884.6479999999999,0,3,1125.993
Emilio Lara,2026-08-27,MD+1,Sesión 65,62.807833333333335,3802.37,60.539741592741876,85.81,0,0,1.3662308576159556,0,3,0,26.8746,74.65166666666667,36,404.65275,6.442711498300372,491.8,20,26,46,67,20,51,26,24,4.19559,-3.86536,0,323.3517,0,3,1213.9582500000001
Franco Rossano,2026-08-27,MD+1,Sesión 65,70.9035,4368.74,61.61529402638798,160.38,0,0,2.2619475766358503,0,0,0,24.10003,71.21758274231678,33.84,397.24472,5.602610872523924,739.72998,25,18,43,77,25,56,18,25,4.10756,-4.67365,0,357.0455,0,3,1191.73416
Icaro Conceicao,2026-08-27,MD+1,Sesión 65,62.807833333333335,3632.52,57.835461075715074,33.4,0,0,0.5317808022884618,0,0,0,23.06383,64.06619444444445,36,443.65245,7.063648377192866,478.40000000000003,11,13,24,47,11,44,13,16,4.07594,-3.47402,0,853.26,0,3,1330.95735
Miguel Borja,2026-08-27,MD+1,Sesión 65,70.9035,4277.5999999999995,60.329884984521215,477.26,0,0,6.731120466549607,0,1,0,25.84154,79.75783950617283,32.4,400.27759,5.645385488727637,1005.72998,24,22,46,69,24,49,22,6,3.86867,-4.79034,0,996.5400000000001,0,3,1200.83277
Miguel Vázquez,2026-08-27,MD+1,Sesión 65,62.807833333333335,3530.2400000000002,56.207001780563466,35.69,0,0,0.5682412225651259,0,1,0,26.49206,77.95450800376646,33.984,411.47348,6.551308302839083,375.53999,5,14,19,35,5,44,14,18,3.97338,-2.98343,0,336.76959999999997,0,3,1234.4204399999999
Oscar Perea,2026-08-27,MD+1,Sesión 65,62.807833333333335,3324.7299999999996,52.93495768839873,76.1,0,0,1.2116323070105373,1.5299999999999998,2,0,29.93466,83.15183333333334,36,334.91271,5.332339808994101,348.03,12,13,25,50,12,49,13,21,4.63432,-3.41579,0,788.19,0,3,1004.73813
Pato Salas,2026-08-27,MD+1,Sesión 65,62.807833333333335,3571.25,56.859945813552976,68.15,0,0,1.0850557388011581,0,1,0,27.26411,77.91526634659351,34.992,358.71309,5.711279484777642,428.76999,6,8,14,61,6,56,8,31,4.13031,-3.13798,0,338.70160000000004,0,3,1076.1392700000001
Ramón Juárez,2026-08-27,MD+1,Sesión 65,62.807833333333335,3739.37,59.53668199561095,49.81,0,0,0.7930539449697092,0,0,0,23.46879,71.09169392948019,33.012,372.4293,5.929663232027853,486.47001,11,22,33,56,11,67,22,21,3.77945,-2.83025,0,331.98975,0,3,1117.2879
Santiago Naveda Lara,2026-08-27,MD+1,Sesión 65,70.9035,4820.05,67.98042409754103,667.28,0,0,9.411101003476556,0,1,0,25.66129,79.64397889509623,32.22,464.09314,6.545419337550333,988.34998,17,18,35,71,17,51,18,31,3.75296,-4.83876,0,430.00727,0,3,1392.27942
Víctor Dávila,2026-08-27,Other,RTP Davila,73.19533333333334,4167.33,56.93436740047179,975.46,0,0,13.326805898372392,0,11,0,29.27146,86.13306261770245,33.984,396.62924,5.41877769985336,1192.25,11,0,11,44,11,11,0,2,3.86216,-2.97098,0,329.7938,0,3,1189.88772
Alan Cervantes,2026-08-28,MD-1,Sesión 66,16.333166666666667,1657.84,101.50144389228461,0,0,0,0,0,0,0,10.63907,39.302242935690884,27.06988,190.11444,11.639778365085357,0,0,0,0,0,0,0,0,0,1.0618,-0.70999,0,118.24749999999999,0,3,570.34332
Alejandro Cardenas,2026-08-28,MD-1,Sesión 66,66.76066666666667,4420.35,66.21189123336097,144.16,0,0,2.15935530901429,0,3,0,28.3525,78.75694444444444,36,345.02098,5.168027780829031,556.3499899999999,17,9,26,64,17,46,9,18,4.55064,-3.8227,0,1032.414,0,3,1035.06294
Alexis Gutiérrez,2026-08-28,MD-1,Sesión 66,66.76066666666667,4902.860000000001,73.43935051577277,156.65,0,0,2.346441517460381,0,2,0,28.60511,88.28737654320989,32.4,488.50834,7.317307696148431,558.42999,21,6,27,56,21,30,6,1,4.17665,-3.39858,0,397.6784,0,3,1465.52502
Brian Rodríguez,2026-08-28,MD-1,Sesión 66,66.76066666666667,3227.6800000000003,48.34703068673171,84.37,0,0,1.2637680869973338,0,2,0,27.43467,77.05502190765084,35.604,243.78999,3.651700951658162,301.16999999999996,8,5,13,27,8,18,5,9,3.63211,-3.42083,0,257.5099,0,3,731.36997
Cristian Borja,2026-08-28,MD-1,Sesión 66,66.76066666666667,3041.38,45.556465383808835,47.36,0,0,0.7093997463576357,0,1,0,29.60617,87.11796727871939,33.984,304.44979,4.5603168033073365,250.25,6,2,8,21,6,16,2,15,3.95331,-3.641,0,275.5864,0,3,913.34937
Dago Espinoza,2026-08-28,MD-1,Sesión 66,66.76066666666667,4207.55,63.024385616281045,67.61,0,0,1.0127220618927313,0,0,0,24.54628,69.01225820962664,35.568,328.31966,4.917860716389891,443.13000999999997,18,11,29,46,18,30,11,4,4.15498,-3.97447,0,384.0552,0,3,984.95898
Diego Arriaga,2026-08-28,MD-1,Sesión 66,66.76066666666667,4630.78,69.36389690536343,165.75,0,0,2.48274932345393,17.02,3,1,31.59179,87.75497222222222,36,419.92517,6.290008637820673,574.27001,32,11,43,54,32,43,11,10,4.46895,-4.09489,0,1075.154,0,3,1259.77551
Edwin Cerrillo,2026-08-28,MD-1,Sesión 66,66.76066666666667,4575.97,68.54290450464845,71.68,0,0,1.0736861025953406,0,0,0,23.6202,65.61166666666666,36,391.26526,5.860715291439071,534.49999,6,9,15,37,6,42,9,10,3.38802,-3.92093,0,1049.5459999999998,0,3,1173.79578
Emilio Lara,2026-08-28,MD-1,Sesión 66,66.76066666666667,4176.9800000000005,62.5664812614214,161.64999999999998,0,0,2.421335916357935,0,3,0,27.54168,76.50466666666667,36,369.67942,5.5373835891393135,622.51999,11,15,26,52,11,45,15,16,3.94955,-4.01317,0,340.39110000000005,0,3,1109.03826
Erick Sánchez,2026-08-28,MD-1,Sesión 66,66.76066666666667,3267.3300000000004,48.94094326998932,24.310000000000002,0,0,0.36413656743990974,0,0,0,24.06499,75.19369453818274,32.004,307.97856,4.613173824906881,313.35,0,3,3,25,0,24,3,8,2.84896,-2.74838,0,218.6646,0,3,923.93568
Franco Rossano,2026-08-28,MD-1,Sesión 66,42.9415,3308.12,77.03783053689321,114.10000000000001,0,0,2.657103268400033,0,0,0,23.71854,70.09024822695035,33.84,331.79185,7.726601306428514,665.51999,38,29,67,82,38,62,29,10,4.68096,-3.69461,0,295.3153,0,3,995.37555
Henry Martín,2026-08-28,MD-1,Sesión 66,66.76066666666667,2882.1400000000003,43.171228567719524,22.47,0,0,0.3365754286456097,0,0,0,22.70242,67.37422839506173,33.696,252.47732,3.7818274233331004,248.12001,4,2,6,38,4,18,2,20,3.29104,-2.63053,0,259.85839999999996,0,3,757.43196
Icaro Conceicao,2026-08-28,MD-1,Sesión 66,66.76066666666667,4234.45,63.427317482349885,99.82,0,0,1.495191779590777,0,0,0,24.03603,66.76675,36,435.58616,6.524592724258795,562.26,14,14,28,40,14,35,14,4,4.28064,-3.73451,0,977.95,0,3,1306.75848
Israel Reyes,2026-08-28,MD-1,Sesión 66,66.76066666666667,3323.8599999999997,49.78769934392506,52.31,0,0,0.7835452012662146,0,0,0,24.05229,72.859233006179565,33.012,307.78068,4.610209804176112,282.55001,3,1,4,26,3,16,1,11,3.33497,-2.8721,0,292.37442,0,3,923.34204
Kevin Álvarez,2026-08-28,MD-1,Sesión 66,66.76066666666667,3083.97,46.1944158736182,41.81999999999999,0,0,0.6264167523791453,0,0,0,23.82576,68.0891632373114,34.992,225.55461000000003,3.3785553869044653,263.82,10,6,16,31,10,20,6,3,4.45199,-3.9618,0,250.65272000000002,0,3,676.6638300000001
Miguel Borja,2026-08-28,MD-1,Sesión 66,42.9415,3446.6,80.26268295238872,43.13,0,0,1.0043896929543683,0,0,0,24.54959,75.77033950617283,32.4,357.99557,8.336820325326316,471.07000000000005,32,21,53,60,32,48,21,7,4.33595,-3.76444,0,834.108,0,3,1073.98671
Miguel Vázquez,2026-08-28,MD-1,Sesión 66,66.76066666666667,3537.4,52.98628933204182,47.1,0,0,0.705505237614963,0,0,0,22.55452,66.36805555555554,33.984,306.61764000000005,4.59278876783735,313.76000999999997,4,5,9,25,4,26,5,6,3.50694,-4.37029,0,318.0856,0,3,919.8529200000002
Oscar Perea,2026-08-28,MD-1,Sesión 66,66.76066666666667,4444.3,66.57063540408025,164.08,0,0,2.457734594222147,20.6,4,1,31.77445,88.26236111111112,36,425.92951,6.3799469248359815,673.4100000000001,39,17,56,80,39,58,17,11,4.79497,-4.98267,0,1075.054,0,3,1277.78853
Ramón Juárez,2026-08-28,MD-1,Sesión 66,66.76066666666667,2956.01,44.27771841703199,20.32,0,0,0.3043708371196613,0,0,0,23.32442,70.65436810856657,33.012,223.33659,3.345331931975914,266.2,3,1,4,22,3,20,1,9,4.10987,-2.9847,0,246.09,0,3,670.00977
Raphael Veiga,2026-08-28,MD-1,Sesión 66,66.76066666666667,3417.0699999999997,51.18388072817327,60.47,0,0,0.9057728602670235,0,2,0,26.43438,82.5971128608924,32.004,258.93217,3.878513845477876,256.01001,6,0,6,22,6,10,0,4,3.33002,-2.36917,0,263.75300000000004,0,3,776.7965099999999
Sebastián Cáceres,2026-08-28,MD-1,Sesión 66,66.76066666666667,3051.52,45.70835122477307,61.58,0,0,0.9223994168222805,0,1,0,25.8436,73.85573845450388,34.992,248.43744,3.72131454648945,307.22,7,7,14,33,7,27,7,5,3.74454,-3.54197,0,277.6328,0,3,745.31232
Víctor Dávila,2026-08-28,MD-1,Sesión 66,42.9415,3307.9700000000003,77.03433741252636,34.23,0,0,0.7971309805200097,0,0,0,23.426,68.93243879472692,33.984,319.02012,7.429179697961181,437.91001,17,17,34,63,17,49,17,11,3.86462,-2.64286,0,278.019,0,3,957.0603600000001
Alejandro Cardenas,2026-08-29,MD,Partido vs puebla J6,96.41433333333335,10817.6,112.1990851982589,506.08,0,0,5.2490120763510255,0,10.5,0,29.58302,82.17505555555556,36,1036.15472,10.746895032896214,1729.47166,30.16667,47.75,77.91667,122.83334,30.16667,126.16667000000001,47.75,0,-Inf,-Inf,0,0,0,3,3108.46416
Alejandro Zendejas Saavedra,2026-08-29,Other,Compensatorio No convocados,123.83333333333333,5477.36,44.23170928667564,68.63,0,0,0.5542126514131898,0,0,0,24.83743,73.0856579566855,33.984,693.66833,5.601628506056527,641.70001,27,20,47,91,27,71,20,24,4.23827,-4.99233,0,416.6422,0,3,2081.00499
Alexis Gutiérrez,2026-08-29,MD,Partido vs puebla J6,87.1275,10017.54,114.97563914952227,472.34000000000003,29.179999999999996,3,5.4212504662706955,12.44,11,1,30.51381,94.17842592592592,32.4,1158.00528,13.29092743393303,1747.86997,37,34,71,131,37,97,34,25,4.34863,-3.77637,0,811.2159999999999,0,3,3474.01584
Brian Rodríguez,2026-08-29,MD,Partido vs puebla J6,35.089333333333336,3687.02,105.07523653911919,314.59,13.76,1,8.96540259148079,50.76,12,3,32.23857,90.54760701044827,35.604,292.61902,8.33925846411065,708.27002,11,17,28,41,11,40,17,5,4.60179,-6.13506,0,308.05196,0,3,877.8570599999999
Cristian Borja,2026-08-29,MD,Partido vs puebla J6,30.737666666666666,714.54,23.24639692884951,0,0,0,0,0,0,0,16.84196,49.55849811676082,33.984,107.39405,3.4938907746196306,21.32,0,0,0,2,0,2,0,0,2.51393,-2.94704,0,55.0704,0,3,322.18215
Dago Espinoza,2026-08-29,MD,Partido vs puebla J6,118.44900000000001,12095.56,102.11618502477859,548.62,0,0,4.631698030375942,19.84,14,2,31.83227,89.49693544759334,35.568,1118.50519,9.442926407145691,1764.62003,41,48,89,149,41,135,48,20,4.85568,-4.72802,0,1126.3584,0,3,3355.5155700000005
Diego Arriaga,2026-08-29,MD,Partido vs puebla J6,86.56233333333333,9183.05,106.08598043028722,556.77,0,0,6.432012384139368,0,10,0,29.10622,80.85061111111112,36,933.06979,10.779166342558543,1602.65001,26,39,65,94,26,108,39,27,4.64302,-3.77138,0,2115.25,0,3,2799.20937
Edwin Cerrillo,2026-08-29,MD,Partido vs puebla J6,92.30850000000001,10574.15,114.55228933413498,251.70999999999998,0,0,2.7268344735316896,0,5,0,28.62341,79.50947222222223,36,942.94775,10.215177908859964,1508.1799800000001,18,35,53,107,18,117,35,30,3.94872,-4.06404,0,2428.134,0,3,2828.84325
Emilio Lara,2026-08-29,MD,Partido vs puebla J6,118.44900000000001,13157.74,111.0835887175071,739.3199999999999,0,0,6.2416736316895864,12.34,18,1,30.39814,84.43927777777778,36,1249.10021,10.54546859829969,2223.27999,46,70,116,164,46,161,70,42,4.60429,-3.49931,0,1087.9434999999999,0,3,3747.30063
Erick Sánchez,2026-08-29,MD,Partido vs puebla J6,52.41416666666667,4008.8999999999996,76.48504698157303,122.24,0,0,2.3321939043197606,0,0,0,24.90064,77.8047744031996,32.004,431.22294,8.22722113932302,561.95001,7,21,28,36,7,45,21,15,4.11832,-0.69605,0,270.70680000000004,0,3,1293.6688199999999
Franco Rossano,2026-08-29,Other,Compensatorio No convocados,118.23333333333333,5202.84,44.00484916831125,138.85,0,0,1.1743727093318297,0,2,0,26.24901,77.5679964539007,33.84,551.73016,4.666451874823794,703.17999,32,27,59,96,32,82,27,35,4.51445,-5.08194,0,432.7484,0,3,1655.1904799999998
Icaro Conceicao,2026-08-29,MD,Partido vs puebla J6,90.42450000000001,9667.19,106.90896825528479,376.31000000000006,0,0,4.161593373477321,0,5,0,27.14263,75.39619444444445,36,1112.71572,12.305467212978781,1232.06,15,21,36,83,15,89,21,29,4.362,-3.94498,0,2189.804,0,3,3338.1471599999995
Isaías Violante,2026-08-29,MD,Partido vs puebla J6,34.71266666666667,3934.48,113.34421632833354,316.11999999999995,41.99,2,9.106762180952195,46.93,5,1,34.62446,98.9496456332876,34.992,316.48596,9.117304730261766,703.73999,11,11,22,43,11,40,11,4,4.4535,-4.67522,0,315.32309999999995,0,3,949.4578799999999
Israel Reyes,2026-08-29,MD,Partido vs puebla J6,29.9085,3599.91,120.36411053713827,108.83999999999999,0,0,3.639099252720798,0,2,0,28.21894,85.48085544650431,33.012,351.71338,11.759646254409281,593.02002,10,14,24,37,10,49,14,6,4.13302,-4.59748,0,329.24969999999996,0,3,1055.14014
Kevin Álvarez,2026-08-29,MD,Partido vs puebla J6,30.737666666666666,567.39,18.4591109713381,0,0,0,0,0,0,0,15.56126,44.4709076360311,34.992,59.01759,1.9200413173847506,11.83,0,0,0,3,0,0,0,4,2.87957,-1.81931,0,32.64864,0,3,177.05277
Miguel Borja,2026-08-29,Other,Compensatorio No convocados,123.83333333333333,5287.02,42.694643337819656,69.32000000000001,0,0,0.5597846567967699,0,0,0,24.53387,75.72182098765433,32.4,571.14929,4.612241911170928,591.81,25,18,43,93,25,74,18,35,4.43439,-4.90604,0,1230.636,0,3,1713.44787
Miguel Vázquez,2026-08-29,MD,Partido vs puebla J6,96.41433333333335,9833.859999999999,101.99583049546573,292.09999999999997,0,0,3.029632523518287,0,4,0,27.81531,81.84825211864406,33.984,956.5111999999999,9.920840262339969,1309.88,12,37,49,97,12,118,37,41,3.74496,-4.80221,0,906.9336000000001,0,3,2869.5335999999998
Oscar Perea,2026-08-29,MD,Partido vs puebla J6,86.1855,8425.44,97.7593678751066,461.1,0,0,5.3500878918147485,17.09,13,2,31.85593,88.48869444444445,36,851.88768,9.88435038376525,1470.4,31,33,64,133,31,116,33,30,5.00628,-4.87421,0,1969.41,0,3,2555.6630400000004
Ramón Juárez,2026-08-29,MD,Partido vs puebla J6,118.44900000000001,10979.320000000002,92.69238237553715,374.72999999999996,0,0,3.163640047615429,0,5,0,29.37002,88.96770871198352,33.012,1012.02338,8.543958834603922,1402.23997,36,39,75,124,36,120,39,44,4.12467,-3.82852,0,935.0625,0,3,3036.07014
Raphael Veiga,2026-08-29,MD,Partido vs puebla J6,57.26533333333334,5073.32,88.59321520873593,282.68,12.14,1,4.936319821183264,3.35,6,0,30.11477,94.09689413823273,32.004,483.00685000000004,8.434541840322243,738.5,15,15,30,53,15,41,15,17,4.34067,-2.36654,0,402.71770000000004,0,3,1449.0205500000002
Sebastián Cáceres,2026-08-29,MD,Partido vs puebla J6,30.737666666666666,607.61,19.767603266350733,0,0,0,0,0,0,0,13.01418,37.19187242798354,34.992,59.31007,1.9295566785594223,1.75,0,0,0,1,0,0,0,0,2.12838,-1.82282,0,40.2056,0,3,177.93021000000002
Víctor Dávila,2026-08-29,Other,Compensatorio No convocados,121.53333333333333,4939.5,40.64317059791552,13.25,0,0,0.10902358749314317,0,0,0,21.79347,64.12861935028248,33.984,521.42584,4.290393636862315,341.14999,16,7,23,51,16,30,7,15,3.88923,-4.26048,0,388.50070000000005,0,3,1564.27752
Alan Cervantes,2026-08-30,MD+1,Sesión 67,70.94433333333333,7381.8099999999995,104.05073461352328,173.79999999999998,32,5,2.4498080654785674,0,2,0,26.29424,97.13467514447791,27.06988,651.63659,9.185181668256332,990.05999,10,15,25,72,10,67,15,7,3.66303,-2.63057,0,595.9429,0,3,1954.9097699999998
Alejandro Zendejas Saavedra,2026-08-30,MD+1,Sesión 67,70.94433333333333,7220.639999999999,101.77895345176734,259.65000000000003,0,0,3.659911761803856,0,4,0,26.53463,78.07977283427495,33.984,854.73121,12.047913763373161,1036.11,21,13,34,107,21,70,13,10,4.1945,-2.40963,0,548.0826,0,3,2564.19363
Brian Rodríguez,2026-08-30,MD+1,Sesión 67,70.94433333333333,6238.780000000001,87.9390883932473,409.03999999999996,0,0,5.765647244553241,29.590000000000003,12,3,31.53439,88.5697955285923,35.604,519.65567,7.3248368908956785,1037.17998,23,16,39,87,23,79,16,18,4.94415,-2.79763,0,530.33095,0,3,1558.9670099999998
Cristian Borja,2026-08-30,MD+1,Sesión 67,70.94433333333333,6024.8099999999995,84.9230617432447,450.02,0,0,6.343283231453769,0,9,0,28.88986,85.01018126177023,33.984,730.91114,10.302600724511707,1063.8700000000001,17,28,45,78,17,90,28,9,4.46631,-2.99376,0,581.0648,0,3,2192.73342
Erick Sánchez,2026-08-30,MD+1,Sesión 67,70.94433333333333,6551.93,92.35311253424047,172.82999999999998,0,0,2.436135373743733,0,4,0,27.26901,85.20500562429697,32.004,711.78986,10.033075603877219,763.74001,9,18,27,59,9,65,18,8,3.47952,-0.99858,0,453.744,0,3,2135.36958
Henry Martín,2026-08-30,MD+1,Sesión 67,70.94433333333333,6316.710000000001,89.03755526633559,292.0199999999999,0,0,4.116184990109615,0,5.75,0,29.13382,80.92727777777777,36,591.73171,8.340788928408658,966.4849999999999,18.85,23.5,42.35,86.25,18.85,79.8,23.5,0,-Inf,-Inf,0,0,0,3,1775.19513
Isaías Violante,2026-08-30,MD+1,Sesión 67,70.94433333333333,6417.9000000000005,90.4638848298901,388.27,0,0,5.472882494725912,27.650000000000002,8,1,30.53484,87.26234567901236,34.992,535.08715,7.542352219815536,995.42999,21,17,38,79,21,69,17,10,4.16194,-1.94143,0,520.74576,0,3,1605.26145
Israel Reyes,2026-08-30,MD+1,Sesión 67,70.94433333333333,6494.94,91.54980665592271,399.82,9,1,5.635686195279868,9,10,1,30.42801,92.17257360959651,33.012,639.9525,9.020487894264518,962.43999,19,23,42,78,19,65,23,18,4.33761,-2.91511,0,600.21468,0,3,1919.8575
Kevin Álvarez,2026-08-30,MD+1,Sesión 67,70.94433333333333,6359.25,89.63718032447976,259.90000000000003,0,0,3.6634356514262363,0,4,0,27.35379,78.1715534979424,34.992,566.31876,7.982579205292413,1046.65002,28,37,65,96,28,100,37,26,4.07545,-2.63682,0,546.2505699999999,0,3,1698.9562799999999
Miguel Borja,2026-08-30,MD+1,Sesión 67,70.94433333333333,6035.43,85.07275657440341,156.70999999999998,0,0,2.2089149708926716,0,3,0,28.75391,88.74663580246914,32.4,613.92957,8.653680162380834,903.74,21,38,59,100,21,99,38,19,4.10603,-3.15437,0,1456.652,0,3,1841.78871
Oscar Perea,2026-08-30,MD+1,Sesión 67,70.94433333333333,5969.820000000001,84.14794698190602,313.84000000000003,7.92,1,4.4237500763509425,24.42,7,1,33.05016,91.806,36,605.39568,8.533390216742704,921.8000099999999,21,25,46,92,21,83,25,22,4.92685,-2.99219,0,1427.696,0,3,1816.1870399999998
Raphael Veiga,2026-08-30,MD+1,Sesión 67,70.94433333333333,6563.61,92.51774865739804,145.84,9.6,1,2.05569625011159,0,2,0,29.54354,92.31202349706288,32.004,606.09189,8.543203685518694,781.13001,8,10,18,75,8,63,10,23,4.03865,-2.20663,0,532.0196,0,3,1818.27567
Sebastián Cáceres,2026-08-30,MD+1,Sesión 67,70.94433333333333,6069.549999999999,85.55369703006582,235.94,0,0,3.3257060700173375,0,4,0,29.34756,83.86934156378601,34.992,602.1889,8.488188861689682,883.54996,19,27,46,86,19,83,27,31,4.33094,-2.17308,0,579.1704,0,3,1806.5666999999999
Alan Cervantes,2026-08-31,MD-2,Sesión 68,103.83650000000002,4828.8,46.503878693908206,69.34,8.86,1,0.6677805973814602,0,0,0,25.02305,92.4387178664996,27.06988,463.0474,4.459389521025843,788.05001,5,14,19,66,5,44,14,9,3.56705,-3.259,0,387.2463,0,3,1389.1422
Alejandro Cardenas,2026-08-31,MD-2,Sesión 68,102.35433333333334,3560.88,34.78973370285576,65.86,0,0,0.6434510181949632,0,2,0,25.66087,71.28019444444445,36,355.44872,3.4727276161569445,476.99,16,21,37,52,16,49,21,31,3.88761,-2.8907,0,843.066,0,3,1066.34616
Alejandro Zendejas Saavedra,2026-08-31,MD-2,Sesión 68,103.83650000000002,4943.97,47.61302624799564,161.19,0,0,1.552344310526645,0,3,0,26.36261,77.57359345574388,33.984,507.45262,4.887035098448041,763.49001,20,14,34,80,20,54,14,11,4.12876,-3.51094,0,377.54665,0,3,1522.35786
Alexis Gutiérrez,2026-08-31,MD-2,Sesión 68,20.154,271.4,13.46630941748536,0,0,0,0,0,0,0,5.42573,16.746080246913582,32.4,37.7122,1.8712017465515531,0,0,0,0,0,0,0,0,0,0.13854,0,0,16.7699,0,3,113.13660000000002
Brian Rodríguez,2026-08-31,MD-2,Sesión 68,103.83650000000002,3840.66,36.98757180760137,166.05,0,0,1.5991486615978003,0,4,0,27.96719,78.55069655094933,35.604,318.14635,3.063916349260616,574.6800000000001,14,12,26,60,14,42,12,15,4.17238,-3.24708,0,315.64896,0,3,954.43905
Cristian Borja,2026-08-31,MD-2,Sesión 68,103.83650000000002,4747.64,45.72226529206974,130.77,0,0,1.2593837427108965,0,3,0,25.75583,75.78810616760828,33.984,539.44511,5.195139570382283,764.3799899999999,19,30,49,75,19,74,30,11,3.966,-3.81377,0,458.2856,0,3,1618.3353299999999
Dago Espinoza,2026-08-31,MD-2,Sesión 68,103.83650000000002,4337.8499999999995,41.775772488479475,174.63,0,0,1.6817785653407036,0,3,0,26.89568,75.61763382816015,35.568,365.77009,3.522557963721812,666.47001,28,33,61,71,28,59,33,16,4.61777,-4.69108,0,420.9448,0,3,1097.31027
Diego Arriaga,2026-08-31,MD-2,Sesión 68,103.83650000000002,4558.18,43.89766604228763,205.99,0,0,1.9837918265735073,0,6,0,29.28747,81.35408333333332,36,360.88256,3.4754884842998366,722.1899999999999,19,19,38,68,19,51,19,16,4.31733,-4.13713,0,1074.062,0,3,1082.64768
Edwin Cerrillo,2026-08-31,MD-2,Sesión 68,103.83650000000002,4837.6900000000005,46.58949406037376,181.28,0,0,1.7458215560039096,0,2,0,26.90414,74.73372222222223,36,416.24894,4.008695786163824,888.93001,22,31,53,74,22,65,31,9,4.07545,-4.45376,0,1160.004,0,3,1248.74682
Emilio Lara,2026-08-31,MD-2,Sesión 68,103.83650000000002,3868.27,37.25347060041507,130.3,0,0,1.254857396002369,0,2,0,27.75387,77.09408333333333,36,346.73818,3.3392706803484318,587.22001,23,27,50,61,23,51,27,19,4.77628,-4.79216,0,325.4139,0,3,1040.21454
Erick Sánchez,2026-08-31,MD-2,Sesión 68,103.83650000000002,4319.82,41.602134124320436,117.49000000000001,0,0,1.1314903718827194,0,2,0,27.51576,85.97600299962505,32.004,462.82711,4.4572680126930315,690.85002,17,26,43,67,17,53,26,16,4.03694,-4.07957,0,306.6456,0,3,1388.48133
Henry Martín,2026-08-31,MD-2,Sesión 68,103.83650000000002,3805.36,36.64761427821623,129.76,0,0,1.2496569125500183,0,0,0,25.09817,74.48412274453942,33.696,379.9665,3.6592768438843755,639.57001,19,22,41,59,19,46,22,20,4.29218,-4.00126,0,358.0536,0,3,1139.8995
Icaro Conceicao,2026-08-31,MD-2,Sesión 68,103.83650000000002,4525.52,43.58313309866954,135.77,0,0,1.307536367269698,0,0,0,24.31155,67.53208333333333,36,494.27107,4.760089852797426,762.02998,17,20,37,63,17,55,20,27,4.06145,-4.28488,0,1068.564,0,3,1482.81321
Isaías Violante,2026-08-31,MD-2,Sesión 68,103.83650000000002,4688.59,45.15358279603029,203.51,16.6,1,1.9599081247923413,25.11,5,1,31.98863,91.41698102423412,34.992,438.99523,4.227754498658949,765.09999,20,26,46,84,20,56,26,23,4.32549,-3.5336,0,386.58423000000005,0,3,1316.98569
Israel Reyes,2026-08-31,MD-2,Sesión 68,103.83650000000002,4928.05,47.45970829140042,122.11999999999999,0,0,1.1760797022241694,0,2,0,26.38235,79.91745425905731,33.012,507.99653,4.8922732372527955,831.46999,21,24,45,73,21,68,24,23,4.13558,-4.08008,0,456.46224,0,3,1523.9895900000001
Kevin Álvarez,2026-08-31,MD-2,Sesión 68,103.83650000000002,4701.32,45.276179378156996,148.82000000000002,0,0,1.4332147173681702,0,1,0,25.99236,74.28086419753087,34.992,399.56409,3.8480119225898406,838.42001,17,35,52,93,17,88,35,21,4.41956,-4.59512,0,411.30442,0,3,1198.69227
Miguel Borja,2026-08-31,MD-2,Sesión 68,103.83650000000002,4451.5599999999995,42.87085947619574,201.67,0,0,1.9421879589547024,0,8,0,28.13062,86.82290123456791,32.4,400.39501,3.85601411834952,715.22001,20,21,41,65,20,51,21,11,4.29745,-3.8065,0,1062.19,0,3,1201.18503
Miguel Vázquez,2026-08-31,MD-2,Sesión 68,103.83650000000002,3678.0400000000004,35.42145584645091,136.04999999999998,0,0,1.3102329142449907,0,2,0,27.28192,80.27871939736346,33.984,362.49727,3.491038989180105,593.63999,20,27,47,67,20,56,27,22,4.01832,-4.8419,0,356.30959999999993,0,3,1087.49181
Oscar Perea,2026-08-31,MD-2,Sesión 68,103.83650000000002,4492.74,43.26744449206203,213.5,0,0,2.056117068660827,0,6,0,29.04071,80.66863888888889,36,428.61252,4.127763551352366,759.1500100000001,25,27,52,81,25,65,27,19,4.17957,-4.73964,0,1080.694,0,3,1285.83756
Ramón Juárez,2026-08-31,MD-2,Sesión 68,103.83650000000002,4381.08,42.192100080414875,101.48,0,0,0.9773056680454367,0,2,0,28.60971,86.66457651762995,33.012,414.1006,3.988006144274893,750.33001,11,25,36,79,11,65,25,15,3.98074,-3.94687,0,390.86475,0,3,1242.3018
Raphael Veiga,2026-08-31,MD-2,Sesión 68,103.83650000000002,3513.84,33.84012365593986,131.69,3.1,0,1.2682438256297157,0,3,0,28.8813,90.24278215223097,32.004,306.50545999999997,2.951808468120554,535.40999,12,16,28,54,12,40,16,11,3.87054,-3.60464,0,288.7045,0,3,919.5163799999999
Ricardo Gonzalez,2026-08-31,MD-2,Sesión 68,102.35433333333334,4207.4,41.10622250157133,114.35,0,0,1.1171974480806868,4.97,4,1,30.7833,85.50916666666667,36,502.95767,4.9138874107267885,518.27999,19,22,41,64,19,57,22,33,4.24642,-3.08774,0,1004.718,0,3,1508.87301
Sebastián Cáceres,2026-08-31,MD-2,Sesión 68,66.70166666666667,2350.17,35.23405212263562,62.16,0,0,0.9319107468578995,0,1,0,27.8806,79.677069044353,34.992,240.09161,3.5994844206791434,448.75,18,19,37,57,18,43,19,14,4.17392,-3.78898,0,231.5016,0,3,720.2748300000001
Víctor Dávila,2026-08-31,Other,RTP Davila,119.3755,3048.7000000000003,25.538741198989744,49.839999999999996,0,0,0.4175061046864725,0,1,0,25.91396,76.25341337099812,33.984,326.38589,2.7341111869688506,317.16,8,10,18,35,8,31,10,25,3.85879,-5.72187,0,235.6221,0,3,979.15767
Alan Cervantes,2026-09-01,MD-1,Sesión 69,76.11333333333333,3838.07,50.42572479635631,69.86,0,0,0.917841814837523,0,0,0,23.77726,87.8365918134842,27.06988,360.63987,4.738195716913375,328.49,5,1,6,32,5,12,1,3,4.01346,-1.69408,0,296.38980000000004,0,3,1081.91961
Alejandro Cardenas,2026-09-01,MD-1,Sesión 69,76.11333333333333,2981.58,39.17290006131208,74.66000000000001,0,0,0.9809056669878253,0,0,0,24.72617,68.68380555555555,36,260.91872,3.4280290794429362,242.8,3,5,8,31,3,27,5,4,4.0739,-2.57852,0,669.3,0,3,782.75616
Alejandro Zendejas Saavedra,2026-09-01,MD-1,Sesión 69,58.219500000000004,4314.41,74.10592670840525,14.08,0,0,0.2418433686307852,0,0,0,22.89578,67.37223399246703,33.984,479.99561,8.244584889942372,88.85,4,1,5,7,4,7,1,2,3.80829,-1.20794,0,297.4855,0,3,1439.98683
Alexis Gutiérrez,2026-09-01,MD-1,Sesión 69,58.219500000000004,4184.280000000001,71.87076494988793,53.269999999999996,0,0,0.9149855289035459,0,0,0,23.54398,72.66660493827162,32.4,511.05703000000005,8.778107506934962,141.15,4,4,8,12,4,11,4,0,3.77822,-0.8202,0,314.1614,0,3,1533.1710900000003
Brian Rodríguez,2026-09-01,MD-1,Sesión 69,76.11333333333333,4311.76,56.64920732241395,278.21000000000004,0,0,3.6552071472365775,3.81,7,1,30.50906,85.68997865408382,35.604,352.95221,4.637192914075501,605.39,23,13,36,53,23,37,13,10,4.32973,-2.31007,0,354.40715,0,3,1058.85663
Cristian Borja,2026-09-01,MD-1,Sesión 69,76.11333333333333,3600.55,47.305115179118864,106.74,0,0,1.4023824121923447,0,0,0,25.17052,74.06579566854991,33.984,411.84324000000004,5.410921082596129,345.16999,9,5,14,32,9,25,5,3,4.015,-2.11823,0,325.852,0,3,1235.52972
Dago Espinoza,2026-09-01,MD-1,Sesión 69,76.11333333333333,3704.3599999999997,48.66900236489445,113.36999999999999,0,0,1.4894893579749495,0,2,0,27.99328,78.70355375618534,35.568,324.66093,4.2654935184374185,371.28,12,6,18,36,12,32,6,8,4.82224,-2.4416,0,338.2824,0,3,973.98279
Diego Arriaga,2026-09-01,MD-1,Sesión 69,76.11333333333333,3301.9500000000003,43.382018043268815,66.15,0,0,0.8690987124463521,0,0,0,25.00521,69.45891666666667,36,316.78396999999995,4.162003634930366,224.17,5,1,6,27,5,19,1,2,4.35264,-2.49771,0,729.464,0,3,950.3519099999999
Edwin Cerrillo,2026-09-01,MD-1,Sesión 69,76.11333333333333,3677.7,48.31873521940965,123.96,0,0,1.6286239817815538,0,0,0,25.01346,69.48183333333333,36,315.43833,4.144324209512131,406.77,9,2,11,44,9,29,2,8,4.38375,-2.69692,0,839.4780000000001,0,3,946.3149900000001
Emilio Lara,2026-09-01,MD-1,Sesión 69,76.11333333333333,3589.28,47.15704650959096,240.89000000000001,0,0,3.164885696767978,0,6,0,28.66363,79.62119444444444,36,344.93903,4.531913330997635,406.45001,11,8,19,40,11,34,8,9,4.37255,-2.47466,0,286.69759999999997,0,3,1034.81709
Erick Sánchez,2026-09-01,MD-1,Sesión 69,76.11333333333333,3672.4,48.249102215993695,229.03,0,0,3.009065428746606,0,3,0,27.74409,86.68944506936633,32.004,405.95806,5.333599807304896,458.31001000000003,12,7,19,34,12,32,7,9,3.99533,-2.10337,0,249.117,0,3,1217.87418
Franco Rossano,2026-09-01,MD-1,Sesión 69,76.11333333333333,3564.28,46.828588946308145,117.64,0,0,1.545589909783656,0,2,0,25.79983,76.24063238770685,33.84,344.35923,4.52429574318998,364.94,11,2,13,40,11,29,2,11,4.55859,-1.27763,0,284.77049999999997,0,3,1033.07769
Henry Martín,2026-09-01,MD-1,Sesión 69,76.11333333333333,3628.13,47.667469562932475,224.26000000000002,0,0,2.9463957256722435,0,2,0,27.5309,81.70376305792972,33.696,353.90608000000003,4.649725146711045,460.58,14,9,23,39,14,25,9,12,4.24722,-2.75583,0,328.8888,0,3,1061.7182400000002
Icaro Conceicao,2026-09-01,MD-1,Sesión 69,76.11333333333333,3374.4900000000002,44.335070508890254,178.7,0,0,2.347814662345625,0,1,0,25.97332,72.1481111111111,36,362.5645,4.763482088114216,424.33,8,10,18,40,8,36,10,412,4.15903,-2.61872,0,780.5740000000001,0,3,1087.6935
Isaías Violante,2026-09-01,MD-1,Sesión 69,76.11333333333333,4580.0999999999995,60.17473942366646,317.03999999999996,22.24,1,4.165367434527459,29.74,7,1,33.07271,94.51506058527664,34.992,440.28489,5.784596084785846,692.3899700000001,27,11,38,65,27,41,11,5,4.90464,-2.69727,0,370.09254,0,3,1320.8546700000002
Israel Reyes,2026-09-01,MD-1,Sesión 69,76.11333333333333,3589.68,47.16230183060349,100.73,0,0,1.323421213979154,0,0,0,24.60929,74.54649824306313,33.012,363.92513,4.781358456687396,323.89,16,3,19,33,16,24,3,2,4.1858,-2.03282,0,316.36877999999996,0,3,1091.77539
Kevin Álvarez,2026-09-01,MD-1,Sesión 69,76.11333333333333,3572.12,46.93159323815363,143.53,0,0,1.8857405623193484,0,2,0,28.7916,82.28052126200275,34.992,291.66692,3.832008233336253,421.09,18,15,33,49,18,36,15,8,4.61237,-2.89467,0,296.76651000000004,0,3,875.00076
Miguel Borja,2026-09-01,MD-1,Sesión 69,58.219500000000004,4305.19,73.94756052525355,67.45,0,0,1.1585465350956294,0,0,0,24.65983,76.11058641975309,32.4,432.09857999999997,7.421887511916109,163.45000000000002,4,2,6,18,4,21,2,5,4.23395,-0.98034,0,925.468,0,3,1296.29574
Miguel Vázquez,2026-09-01,MD-1,Sesión 69,76.11333333333333,3253.82,42.74967154243672,133.9,0,0,1.7592187089428049,0,1,0,28.75528,84.6141713747646,33.984,323.24198,4.246850924060611,328.34,7,4,11,29,7,24,4,9,4.47126,-2.37834,148.3,291.3624,0,3,969.72594
Oscar Perea,2026-09-01,MD-1,Sesión 69,76.11333333333333,3580.12,47.03669965840413,158.71,0,0,2.085179994744679,0,4,0,26.65715,74.04763888888888,36,395.97761,5.202473635806254,448.35,11,11,22,51,11,39,11,8,4.54289,-2.93148,64.3,829.1220000000001,0,3,1187.9328300000002
Ramón Juárez,2026-09-01,MD-1,Sesión 69,76.11333333333333,3328.0499999999997,43.724927739336074,103.67,0,0,1.362047823421214,0,0,0,24.93592,75.53592632981946,33.012,307.75158999999996,4.043333493912586,317.31,9,7,16,29,9,24,7,5,4.18011,-2.20839,0,282.30525,0,3,923.2547699999999
Raphael Veiga,2026-09-01,MD-1,Sesión 69,76.11333333333333,3626.9,47.65130945081896,165.93,0,0,2.180038539020759,0,3,0,26.85244,83.90338707661543,32.004,325.70553,4.279217789261628,376.08,11,7,18,31,11,27,7,7,4.34097,-1.65709,0,287.87359999999995,0,3,977.1165900000001
Ricardo Gonzalez,2026-09-01,MD-1,Sesión 69,76.11333333333333,4033.27,52.9903214504686,99.65999999999998,0,0,1.3093632302706488,0,3,0,25.86207,71.83908333333333,36,404.16327,5.310019313304721,426.85,14,5,19,48,14,44,5,5,4.34934,-2.27393,0,923.932,0,3,1212.48981
Víctor Dávila,2026-09-01,Other,RTP Davila,103.84533333333334,4996.1900000000005,48.11183940218787,27.2,0,0,0.2619279954804581,0,0,0,22.54373,66.33630532015066,33.984,482.04272,4.641929536233372,448.92999,15,8,23,61,15,40,8,16,3.60807,-4.05531,0,399.952,0,3,1446.12816
Alan Cervantes,2026-09-02,MD,Partido vs Monterrey - SF Leagues Cup,123.85633333333334,13938.61,112.53853254711777,795.4100000000001,236.28,20,6.422037360490246,19.130000000000003,10,1,30.48695,112.62314424740707,27.06988,1413.16201,11.409687110603953,2383.54002,26,35,61,138,26,132,35,39,4.40471,-3.28668,0,1139.7736,0,3,4239.48603
Alejandro Cardenas,2026-09-02,MD,Partido vs Monterrey - SF Leagues Cup,39.119666666666674,2563.25,65.52330882164979,98.64,0,0,2.5214938777596942,0,0,0,24.28411,67.4558611111111,36,258.88561,6.617786705749025,365.84000000000003,6,9,15,29,6,29,9,18,4.93139,-2.74174,0,593.32,0,3,776.6568299999999
Alejandro Zendejas Saavedra,2026-09-02,Other,Compensatorio,92.40249999999999,5450.45,58.98595817212738,544.42,0,0,5.8918319309542495,0,3,0,26.17549,77.02298140301318,33.984,702.19891,7.5993496929195645,1061.78003,28,10,38,120,28,92,10,27,4.0474,-4.7447,0,421.17985,0,3,2106.5967299999998
Alexis Gutiérrez,2026-09-02,Other,Compensatorio,92.40249999999999,4609.4,49.88393171180434,255.74,0,0,2.767674034793431,0,0,0,23.76552,73.35037037037037,32.4,554.00391,5.995551094396798,566.87,6,6,12,68,6,23,6,2,3.18393,-3.39052,0,368.1118,0,3,1662.0117300000002
Brian Rodríguez,2026-09-02,MD,Partido vs Monterrey - SF Leagues Cup,98.47483333333334,10222.36,103.80682712503533,796.5,1.7,0,8.088360985632539,30.599999999999998,20,2,32.18435,90.39532075047748,35.604,809.1336,8.21665366278017,1714.09002,34,42,76,117,34,109,42,29,5.07231,-4.86308,0,859.9378,0,3,2427.4008
Cristian Borja,2026-09-02,MD,Partido vs Monterrey - SF Leagues Cup,123.85633333333334,11253.24,90.8572028344668,609.12,31.36,2,4.917956018935918,55.989999999999995,16,4,32.90813,96.83418667608285,33.984,1332.86517,10.76138082025142,1654.65003,32,43,75,115,32,118,43,37,4.62124,-3.36502,0,1064.8904,0,3,3998.59551
Erick Sánchez,2026-09-02,MD,Partido vs Monterrey - SF Leagues Cup,123.85633333333334,11885.86,95.96489481092341,496.71999999999997,0,0,4.010452971049791,0,8,0,28.4531,88.90482439695039,32.004,1285.08573,10.375615807561987,1687.99001,27,42,69,133,27,123,42,45,4.30584,-3.76107,0,836.8752000000001,0,3,3855.2571900000003
Henry Martín,2026-09-02,MD,Partido vs Monterrey - SF Leagues Cup,114.16883333333334,10592.37,92.77812245898983,548.5799999999999,0,0,4.804989102396596,0,7,0,29.2578,86.8287037037037,33.696,1181.35553,10.347443303995691,1821.77001,55,47,102,177,55,150,47,55,4.57168,-3.92896,0,1018.7864,0,3,3544.0665900000004
Isaías Violante,2026-09-02,MD,Partido vs Monterrey - SF Leagues Cup,108.31783333333333,11032.029999999999,101.8486952748624,687.8,0,0,6.349831591289215,11.67,10,1,30.34972,86.7333104709648,34.992,935.96033,8.640870124494736,1723.03995,31,26,57,120,31,93,26,17,4.70475,-4.20135,0,883.1034,0,3,2807.88099
Israel Reyes,2026-09-02,MD,Partido vs Monterrey - SF Leagues Cup,98.47483333333334,10940.1,111.09538985426056,422.89,20.639999999999997,2,4.294396707111292,20.639999999999997,7,1,31.51546,95.46667878347267,33.012,1050.73523,10.670088939813725,1536.8800099999999,14,32,46,96,14,113,32,30,4.60244,-4.67867,0,995.7347400000001,0,3,3152.20569
Kevin Álvarez,2026-09-02,MD,Partido vs Monterrey - SF Leagues Cup,123.85633333333334,12213.189999999999,98.60771485242309,810.6600000000001,3.3899999999999997,0,6.545163886115366,25.61,22,2,31.47772,89.9569044352995,34.992,1008.14045,8.139595472173404,2098.2,41,56,97,160,41,161,56,46,5.13664,-3.93469,0,1040.70948,0,3,3024.42135
Miguel Borja,2026-09-02,Other,Compensatorio,92.40249999999999,4385.66,47.46256865344553,268.52,0,0,2.9059819810070073,0,0,0,23.62876,72.92827160493827,32.4,479.6983,5.191399583344607,754.14001,28,12,40,110,28,54,12,20,3.78364,-4.52295,0,1021.2160000000001,0,3,1439.0949
Oscar Perea,2026-09-02,MD,Partido vs Monterrey - SF Leagues Cup,44.0705,2986.53,67.76710044133831,240.52,0,0,5.457619042216448,29.76,7,2,32.24685,89.57458333333334,36,334.20844999999997,7.583495762471493,515.7,12,16,28,41,12,37,16,11,4.26386,-3.43103,0,702.1759999999999,0,3,1002.6253499999999
Ramón Juárez,2026-09-02,MD,Partido vs Monterrey - SF Leagues Cup,123.85633333333334,11894.11,96.03150424281897,497.68,29.5,3,4.018203886761274,29.500000000000004,11,2,31.60622,95.74160911183812,33.012,1133.36789,9.150665609886723,1665.43001,27,30,57,158,27,128,30,41,4.03867,-3.71168,0,1034.37075,0,3,3400.10367
Raphael Veiga,2026-09-02,MD,Partido vs Monterrey - SF Leagues Cup,123.85633333333334,12928.44,104.38255075100453,608.76,55.89,5,4.915049425544112,35.07000000000001,17,3,31.62542,98.81708536432946,32.004,1170.82749,9.453109570496999,1843.04005,36,34,70,148,36,122,34,35,4.74433,-4.05763,0,1051.4504,0,3,3512.48247
Víctor Dávila,2026-09-02,Other,Compensatorio,92.40249999999999,4212.31,45.58653716079112,894.7199999999999,4.17,1,9.682854901111982,13.24,14,1,30.90841,90.9498881826742,33.984,406.22052,4.396207029030601,911.06,10,3,13,31,10,25,3,10,3.96933,-3.37445,0,328.0018,0,3,1218.66156
Alejandro Cardenas,2026-09-03,MD+1,Sesión 70 compensatoria ,91.7655,6589.29,71.80574398875395,68.03999999999999,0,0,0.7414551220229824,0,0,0,24.72962,68.69338888888889,36,643.55872,7.0130792073273724,813.92,20,27,47,108,20,97,27,43,4.08652,-2.80067,0,1563.326,0,3,1930.67616
Alejandro Zendejas Saavedra,2026-09-03,MD+1,Sesión 70 compensatoria ,91.7655,6845.95,74.60265568214633,165.14999999999998,0,0,1.7996959641695405,0,1,0,25.98049,76.44918196798493,33.984,865.08276,9.427102342383575,980.66003,34,21,55,117,34,86,21,30,4.01629,-2.36621,0,529.49,0,3,2595.24828
Alexis Gutiérrez,2026-09-03,MD+1,Sesión 70 compensatoria ,91.7655,6230.41,67.8949060376721,13.899999999999999,0,0,0.1514730481499038,0,0,0,23.83485,73.56435185185185,32.4,756.44169,8.243203491508247,617.13,19,22,41,102,19,76,22,14,3.37949,-1.82605,0,505.3538,0,3,2269.32507
Dago Espinoza,2026-09-03,MD+1,Sesión 70 compensatoria ,91.7655,6931.26,75.53230789348939,137.37,0,0,1.4969678147016034,0,3,0,27.17252,76.39597390913181,35.568,677.50321,7.382983910075136,1022.15,45,48,93,129,45,120,48,29,4.89104,-1.62936,0,671.3712,0,3,2032.50963
Diego Arriaga,2026-09-03,MD+1,Sesión 70 compensatoria ,91.7655,6637.22,72.32805357133127,83.24,0,0,0.90709471424446,0,1,0,27.09107,75.25297222222221,36,714.48487,7.785985691790487,781.64001,21,22,43,102,21,71,22,48,4.39169,-1.5884,0,1547.116,0,3,2143.45461
Edwin Cerrillo,2026-09-03,MD+1,Sesión 70 compensatoria ,91.7655,7395.27,80.58878336629779,81.18,0,0,0.8846461905618125,0,0,0,24.17449,67.1513611111111,36,750.50311,8.17848875666781,1056.22,27,30,57,100,27,95,30,32,3.61005,-1.95077,0,1738.39,0,3,2251.50933
Emilio Lara,2026-09-03,MD+1,Sesión 70 compensatoria ,91.7655,7524.129999999999,81.99301480403854,292.59,0,0,3.1884531768475077,0,7,0,27.72382,77.01061111111112,36,821.82094,8.955663511886275,1318.4199899999999,35,46,81,133,35,121,46,54,4.0977,-3.09436,0,645.7346,0,3,2465.4628199999997
Franco Rossano,2026-09-03,MD+1,Sesión 70 compensatoria ,91.7655,6742.13,73.47129367790727,143.12,0,0,1.5596275288643335,0,1,0,25.77637,76.17130614657209,33.84,727.49221,7.927731118993521,1138.06999,63,60,123,151,63,141,60,55,4.43551,-2.09499,0,589.6366,0,3,2182.47663
Icaro Conceicao,2026-09-03,MD+1,Sesión 70 compensatoria ,91.7655,6455.12,70.3436476671516,59.42,0,0,0.647520037486855,0,0,0,24.15356,67.09322222222221,36,820.98062,8.94650625779841,744.07,23,33,56,96,23,99,33,43,4.03472,-1.39702,0,1520.518,0,3,2462.94186
Miguel Borja,2026-09-03,MD+1,Sesión 70 compensatoria ,79.74666666666667,4912.13,61.59668115699716,13.809999999999999,0,0,0.17317338237752883,0,0,0,23.85751,73.63429012345681,32.4,543.52952,6.815702056512289,483.10001,18,19,37,88,18,71,19,24,3.7439,-2.00322,0,1145.564,0,3,1630.5885600000001
Miguel Vázquez,2026-09-03,MD+1,Sesión 70 compensatoria ,91.7655,6273.1500000000005,68.360658417379085,51.94,0,0,0.5660079223673384,0,0,0,24.88258,73.21851459510358,33.984,717.91369,7.823350714593174,887.03998,23,30,53,95,23,96,30,42,3.81259,-2.30341,0,595.5112,0,3,2153.74107
Oscar Perea,2026-09-03,MD+1,Sesión 70 compensatoria ,91.7655,6057.419999999999,66.00977491540938,104.94,0,0,1.1435670268238063,0,2,0,27.00125,75.00347222222223,36,686.16804,7.477407522434902,847.0899900000001,46,38,84,124,46,95,38,40,4.25152,-1.64876,0,1465.3799999999999,0,3,2058.50412
Ricardo Gonzalez,2026-09-03,MD+1,Sesión 70 compensatoria ,91.7655,7004.3099999999995,76.32835869689589,70.29,0,0,0.7659741406083986,0,2,0,27.10456,75.29044444444443,36,727.55796,7.928447619203295,951.8600200000001,33,51,84,135,33,125,51,40,4.1075,-1.99274,0,1685.67,0,3,2182.67388
Víctor Dávila,2026-09-03,Other,Davila RTP,59.19216666666667,3126.52,52.819826947822484,12.14,0,0,0.20509470566206675,0,0,0,21.66286,63.74429143126176,33.984,314.34503,5.310584959158446,202.95,6,8,14,34,6,36,8,9,3.92564,-4.28766,0,245.8351,0,3,943.0350900000001
